0.059 ACTION checkpoint=0 t=0.000000000e+00 a_over_apair=1.000000000 n=1.000000000 Jphi_over_h=1.000000000 Jr_over_h=-0.000000000 e=0.000000000 eps=-2.39299653542815039e+12 L=2.31535271785912377e-04 mu1=4.964064298e-24,7.663089202e-24,1.685818735e-24 mu2=6.148460331e-24,6.198076986e-24,-3.160242475e-24 nhat=0.000000000e+00,-1.998203899e-14,1.000000000e+00
0.059 MARGIN checkpoint=0 n=1.000000000 ratio=861.022586 kepler_ratio=861.022575 over=1.000000 periapsis_over_rstar=545.741581 separation_over_rstar=547.509083 period=3.039659758e-16
1.250 ACTION checkpoint=1 t=3.039659758e-16 a_over_apair=0.999996664 n=0.999998332 Jphi_over_h=0.999998373 Jr_over_h=-0.000000041 e=0.000000000 eps=-2.39300451850486035e+12 L=2.31534895028264837e-04 mu1=4.963015510e-24,7.663760376e-24,1.685855638e-24 mu2=6.147688894e-24,6.198860967e-24,-3.160205570e-24 nhat=-1.493583760e-05,-6.074862926e-06,9.999999999e-01
1.250 MARGIN checkpoint=1 n=0.999998332 ratio=861.021185 kepler_ratio=861.021139 over=1.000000 periapsis_over_rstar=545.746699 separation_over_rstar=547.507301 period=3.039644920e-16
2.226 ACTION checkpoint=2 t=9.337181267e-12 a_over_apair=0.999993328 n=0.999996664 Jphi_over_h=1.000039611 Jr_over_h=-0.000042947 e=0.000000000 eps=-2.39301250164781494e+12 L=2.31544443185658234e-04 mu1=5.736458916e-24,-2.863253024e-24,-6.715778176e-24 mu2=-3.730003035e-24,-2.574989519e-24,-8.103293257e-24 nhat=5.735436744e-01,-9.441306985e-02,8.137160597e-01
2.226 MARGIN checkpoint=2 n=0.999996664 ratio=861.056692 kepler_ratio=861.019703 over=0.999957 periapsis_over_rstar=547.552452 separation_over_rstar=547.552459 period=3.040020987e-16
3.164 ACTION checkpoint=3 t=1.867399772e-11 a_over_apair=0.999990074 n=0.999995037 Jphi_over_h=1.000006609 Jr_over_h=-0.000011572 e=0.000000000 eps=-2.39302028902384863e+12 L=2.31536802041251949e-04 mu1=5.642328943e-24,-7.032634344e-24,-2.216536387e-24 mu2=6.756421201e-24,-2.219521497e-24,-5.969200294e-24 nhat=3.785016900e-03,-3.380850743e-01,9.411079408e-01
3.164 MARGIN checkpoint=3 n=0.999995037 ratio=861.028277 kepler_ratio=861.018302 over=0.999988 periapsis_over_rstar=547.516313 separation_over_rstar=547.516320 period=3.039720028e-16
4.118 ACTION checkpoint=4 t=2.801049779e-11 a_over_apair=0.999986819 n=0.999993410 Jphi_over_h=0.999996615 Jr_over_h=-0.000003205 e=0.000000000 eps=-2.39302807765340186e+12 L=2.31534488026267763e-04 mu1=-8.401025174e-24,-1.194962511e-24,3.768513752e-24 mu2=-8.680533423e-24,-3.134897127e-24,-1.013713353e-24 nhat=7.883300466e-02,2.557615042e-02,9.965596911e-01
4.118 MARGIN checkpoint=4 n=0.999993410 ratio=861.019672 kepler_ratio=861.016901 over=0.999997 periapsis_over_rstar=546.406237 separation_over_rstar=547.505376 period=3.039628890e-16
5.058 ACTION checkpoint=5 t=3.734702189e-11 a_over_apair=0.999983564 n=0.999991782 Jphi_over_h=1.000035882 Jr_over_h=-0.000044100 e=0.000000000 eps=-2.39303586711673291e+12 L=2.31543579814480786e-04 mu1=5.304628722e-24,4.962954920e-25,7.604042358e-24 mu2=-1.914083099e-24,6.367355993e-24,6.480734436e-24 nhat=4.525040107e-01,-3.950448635e-01,7.994871332e-01
5.058 MARGIN checkpoint=5 n=0.999991782 ratio=861.053482 kepler_ratio=861.015500 over=0.999956 periapsis_over_rstar=547.548368 separation_over_rstar=547.548375 period=3.039986981e-16
6.012 ACTION checkpoint=6 t=4.668342990e-11 a_over_apair=0.999980310 n=0.999990155 Jphi_over_h=1.000006328 Jr_over_h=-0.000016173 e=0.000000000 eps=-2.39304365473000830e+12 L=2.31536736840172143e-04 mu1=-3.614373511e-24,5.821919356e-24,6.264855498e-24 mu2=5.643066958e-26,9.023296296e-24,2.187188791e-24 nhat=-1.338981652e-01,-2.512899118e-01,9.586055819e-01
6.012 MARGIN checkpoint=6 n=0.999990155 ratio=861.028034 kepler_ratio=861.014099 over=0.999984 periapsis_over_rstar=547.516005 separation_over_rstar=547.516012 period=3.039717460e-16
7.167 ACTION checkpoint=7 t=5.601992208e-11 a_over_apair=0.999977055 n=0.999988527 Jphi_over_h=0.999994823 Jr_over_h=-0.000006295 e=0.000000000 eps=-2.39305144383109229e+12 L=2.31534073115246695e-04 mu1=8.863406690e-24,-2.719658862e-24,5.003326880e-25 mu2=7.175428842e-24,-4.210294196e-24,-4.122317186e-24 nhat=1.546813192e-01,1.381568441e-03,9.879634511e-01
7.167 MARGIN checkpoint=7 n=0.999988527 ratio=861.018129 kepler_ratio=861.012697 over=0.999994 periapsis_over_rstar=547.503407 separation_over_rstar=547.503414 period=3.039612549e-16
8.142 ACTION checkpoint=8 t=6.535609203e-11 a_over_apair=0.999973800 n=0.999986900 Jphi_over_h=1.000031819 Jr_over_h=-0.000044919 e=0.000000000 eps=-2.39305923298589062e+12 L=2.31542639110923851e-04 mu1=-3.324131186e-24,-6.495574647e-24,-5.741473429e-24 mu2=-5.479838636e-24,2.294435592e-24,-7.135389906e-24 nhat=1.798625596e-01,-5.522307092e-01,8.140581696e-01
8.142 MARGIN checkpoint=8 n=0.999986900 ratio=861.049984 kepler_ratio=861.011296 over=0.999955 periapsis_over_rstar=547.543919 separation_over_rstar=547.543926 period=3.039949929e-16
9.158 ACTION checkpoint=9 t=7.469238625e-11 a_over_apair=0.999970546 n=0.999985273 Jphi_over_h=1.000006229 Jr_over_h=-0.000020956 e=0.000000000 eps=-2.39306702075328467e+12 L=2.31536713975406968e-04 mu1=-5.745479634e-24,-7.080519972e-24,-1.750015990e-24 mu2=-9.657733164e-25,-6.872338319e-24,-6.168071271e-24 nhat=-1.936143549e-01,-9.010109766e-02,9.769315604e-01
9.158 MARGIN checkpoint=9 n=0.999985273 ratio=861.027949 kepler_ratio=861.009895 over=0.999979 periapsis_over_rstar=547.515897 separation_over_rstar=547.515903 period=3.039716559e-16
10.121 ACTION checkpoint=10 t=8.402857169e-11 a_over_apair=0.999967291 n=0.999983646 Jphi_over_h=0.999993125 Jr_over_h=-0.000009479 e=0.000000000 eps=-2.39307480949049658e+12 L=2.31533679902498174e-04 mu1=-2.929331333e-24,7.835912639e-24,4.027945671e-24 mu2=-5.465178558e-24,7.494864282e-24,-4.070479220e-25 nhat=2.003408407e-01,-6.052498005e-02,9.778549352e-01
10.121 MARGIN checkpoint=10 n=0.999983646 ratio=861.016666 kepler_ratio=861.008494 over=0.999991 periapsis_over_rstar=547.501547 separation_over_rstar=547.501554 period=3.039597063e-16
11.172 ACTION checkpoint=11 t=9.336469406e-11 a_over_apair=0.999964036 n=0.999982018 Jphi_over_h=1.000027954 Jr_over_h=-0.000045936 e=0.000000000 eps=-2.39308259921295557e+12 L=2.31541744098385431e-04 mu1=3.973647324e-24,-4.887651975e-24,6.821131900e-24 mu2=7.376961222e-24,3.095556093e-24,4.712200217e-24 nhat=-1.194912136e-01,-5.087852777e-01,8.525604911e-01
11.173 MARGIN checkpoint=11 n=0.999982018 ratio=861.046655 kepler_ratio=861.007093 over=0.999954 periapsis_over_rstar=547.539686 separation_over_rstar=547.539693 period=3.039914677e-16
12.126 ACTION checkpoint=12 t=1.027005760e-10 a_over_apair=0.999960782 n=0.999980391 Jphi_over_h=1.000006473 Jr_over_h=-0.000026082 e=0.000000000 eps=-2.39309038707876514e+12 L=2.31536770499287406e-04 mu1=5.185754463e-24,5.065656161e-24,5.801201047e-24 mu2=8.977935444e-24,2.037347978e-24,1.205298163e-24 nhat=-1.404345887e-01,8.418922249e-02,9.865040806e-01
12.127 MARGIN checkpoint=12 n=0.999980391 ratio=861.028160 kepler_ratio=861.005692 over=0.999974 periapsis_over_rstar=547.516164 separation_over_rstar=547.516171 period=3.039718785e-16
13.080 ACTION checkpoint=13 t=1.120364643e-10 a_over_apair=0.999957528 n=0.999978764 Jphi_over_h=0.999991663 Jr_over_h=-0.000012900 e=0.000000000 eps=-2.39309817602053125e+12 L=2.31533341530810327e-04 mu1=-9.332906590e-26,-9.248087897e-24,8.191551796e-25 mu2=-2.644521826e-24,-8.194883895e-24,-3.472353313e-24 nhat=2.011676199e-01,-1.356077105e-01,9.701248051e-01
13.080 MARGIN checkpoint=13 n=0.999978764 ratio=861.015408 kepler_ratio=861.004290 over=0.999987 periapsis_over_rstar=547.499947 separation_over_rstar=547.499954 period=3.039583736e-16
14.088 ACTION checkpoint=14 t=1.213722418e-10 a_over_apair=0.999954273 n=0.999977136 Jphi_over_h=1.000024258 Jr_over_h=-0.000047122 e=0.000000000 eps=-2.39310596523582178e+12 L=2.31540888427975145e-04 mu1=-8.195321684e-24,2.241186530e-24,-3.744414602e-24 mu2=-1.104253148e-24,6.287504069e-24,-6.742015488e-24 nhat=-3.180784547e-01,-2.967832952e-01,9.004142226e-01
14.088 MARGIN checkpoint=14 n=0.999977136 ratio=861.043473 kepler_ratio=861.002889 over=0.999953 periapsis_over_rstar=547.535639 separation_over_rstar=547.535646 period=3.039880974e-16
15.046 ACTION checkpoint=15 t=1.307080203e-10 a_over_apair=0.999951019 n=0.999975509 Jphi_over_h=1.000006859 Jr_over_h=-0.000031350 e=0.000000000 eps=-2.39311375341718652e+12 L=2.31536859831924126e-04 mu1=-8.367468093e-24,3.920723920e-24,-9.056803720e-25 mu2=-7.466552134e-24,-1.205051835e-24,-5.385657303e-24 nhat=1.526424001e-02,1.971410944e-01,9.802562889e-01
15.046 MARGIN checkpoint=15 n=0.999975509 ratio=861.028492 kepler_ratio=861.001488 over=0.999969 periapsis_over_rstar=547.516586 separation_over_rstar=547.516593 period=3.039722304e-16
15.992 ACTION checkpoint=16 t=1.400436154e-10 a_over_apair=0.999947764 n=0.999973882 Jphi_over_h=0.999990244 Jr_over_h=-0.000016362 e=0.000000000 eps=-2.39312154227186426e+12 L=2.31533012920024284e-04 mu1=7.291339069e-24,5.110920442e-24,2.630916588e-24 mu2=5.520119586e-24,7.289257194e-24,-1.613029628e-24 nhat=1.591648045e-01,-1.961983787e-01,9.675602106e-01
15.992 MARGIN checkpoint=16 n=0.999973882 ratio=861.014186 kepler_ratio=861.000087 over=0.999984 periapsis_over_rstar=547.498393 separation_over_rstar=547.498400 period=3.039570794e-16
16.956 ACTION checkpoint=17 t=1.493790492e-10 a_over_apair=0.999944509 n=0.999972254 Jphi_over_h=1.000020134 Jr_over_h=-0.000047880 e=0.000000000 eps=-2.39312933210603516e+12 L=2.31539933491604904e-04 mu1=-2.224422297e-24,-5.805794318e-24,6.895763414e-24 mu2=5.278522883e-24,-6.954136315e-24,3.159753084e-24 nhat=-3.402593277e-01,-1.704862588e-02,9.401770760e-01
16.956 MARGIN checkpoint=17 n=0.999972254 ratio=861.039922 kepler_ratio=860.998686 over=0.999952 periapsis_over_rstar=547.531123 separation_over_rstar=547.531130 period=3.039843363e-16
17.967 ACTION checkpoint=18 t=1.587144082e-10 a_over_apair=0.999941255 n=0.999970627 Jphi_over_h=1.000007137 Jr_over_h=-0.000036510 e=0.000000000 eps=-2.39313712020819873e+12 L=2.31536924256097126e-04 mu1=7.046958739e-24,-3.163499999e-24,5.151649790e-24 mu2=4.207080644e-24,-8.203200626e-24,1.102192009e-24 nhat=2.167110410e-01,1.925058103e-01,9.570673110e-01
17.967 MARGIN checkpoint=18 n=0.999970627 ratio=861.028731 kepler_ratio=860.997285 over=0.999963 periapsis_over_rstar=547.516891 separation_over_rstar=547.516898 period=3.039724841e-16
18.952 ACTION checkpoint=19 t=1.680497071e-10 a_over_apair=0.999938001 n=0.999969000 Jphi_over_h=0.999988662 Jr_over_h=-0.000019662 e=0.000000000 eps=-2.39314490895140674e+12 L=2.31532646577573687e-04 mu1=-8.597348290e-24,-2.448699615e-24,2.509248462e-24 mu2=-9.106964908e-24,1.926084598e-25,-1.798039883e-24 nhat=9.122481831e-02,-2.211307127e-01,9.709681974e-01
18.952 MARGIN checkpoint=19 n=0.999969000 ratio=861.012824 kepler_ratio=860.995884 over=0.999980 periapsis_over_rstar=547.496660 separation_over_rstar=547.496667 period=3.039556366e-16
19.928 ACTION checkpoint=20 t=1.773847926e-10 a_over_apair=0.999934746 n=0.999967372 Jphi_over_h=1.000016128 Jr_over_h=-0.000048755 e=0.000000000 eps=-2.39315269835121729e+12 L=2.31539005971209699e-04 mu1=8.253810353e-26,8.753332470e-24,-3.095030436e-24 mu2=4.798930371e-24,3.401504496e-24,-7.183793547e-24 nhat=-1.902025556e-01,2.093124311e-01,9.591721921e-01
19.928 MARGIN checkpoint=20 n=0.999967372 ratio=861.036473 kepler_ratio=860.994482 over=0.999951 periapsis_over_rstar=547.526736 separation_over_rstar=547.526743 period=3.039806831e-16
20.851 ACTION checkpoint=21 t=1.867115280e-10 a_over_apair=0.586243895 n=0.765665655 Jphi_over_h=0.765665655 Jr_over_h=0.000000000 e=0.000001222 eps=-4.08191292790608057e+12 L=1.77278605546511974e-04 mu1=-3.822844141e-25,-5.728946454e-24,-7.296566757e-24 mu2=1.037557002e-24,4.277711497e-24,-8.175054440e-24 nhat=-9.237307645e-01,-1.549461319e-01,3.503043975e-01
20.851 MARGIN checkpoint=21 n=0.765665655 ratio=659.255438 kepler_ratio=659.255414 over=1.000000 periapsis_over_rstar=319.857381 separation_over_rstar=320.973865 period=1.364402463e-16
22.196 ACTION checkpoint=22 t=1.867116644e-10 a_over_apair=0.586239645 n=0.765662880 Jphi_over_h=0.765662880 Jr_over_h=0.000000000 e=0.000008571 eps=-4.08194251959751953e+12 L=1.77277962955962084e-04 mu1=-3.817918677e-25,-5.730831129e-24,-7.295112392e-24 mu2=1.037119375e-24,4.276367095e-24,-8.175813302e-24 nhat=-9.236653423e-01,-1.549841311e-01,3.504600613e-01
22.196 MARGIN checkpoint=22 n=0.765662880 ratio=659.253049 kepler_ratio=659.253025 over=1.000000 periapsis_over_rstar=319.855084 separation_over_rstar=320.971538 period=1.364387626e-16
23.254 ACTION checkpoint=23 t=1.885927456e-10 a_over_apair=0.586235396 n=0.765660104 Jphi_over_h=0.765647203 Jr_over_h=0.000012902 e=0.005805178 eps=-4.08197211182599365e+12 L=1.77274333217202227e-04 mu1=-2.104504933e-24,-3.354696438e-24,-8.397852468e-24 mu2=-6.026383421e-24,-6.987266264e-24,-1.033280356e-24 nhat=-5.480374027e-01,8.043639373e-01,-2.294638569e-01
23.254 MARGIN checkpoint=23 n=0.765660104 ratio=663.098646 kepler_ratio=659.250635 over=0.994197 periapsis_over_rstar=318.769231 separation_over_rstar=319.106591 period=1.364372690e-16
24.341 ACTION checkpoint=24 t=1.904736698e-10 a_over_apair=0.586231145 n=0.765657329 Jphi_over_h=0.765703348 Jr_over_h=-0.000046019 e=0.000000000 eps=-4.08200170629623096e+12 L=1.77287332793034787e-04 mu1=-2.920462159e-24,-4.705604351e-24,7.452183824e-24 mu2=-9.209049196e-24,-2.254158994e-25,-1.161660814e-24 nhat=-3.815454090e-01,2.337344592e-01,8.943105185e-01
24.341 MARGIN checkpoint=24 n=0.765657329 ratio=659.287893 kepler_ratio=659.248245 over=0.999940 periapsis_over_rstar=321.005457 separation_over_rstar=321.005468 period=1.364603978e-16
25.388 ACTION checkpoint=25 t=1.923547764e-10 a_over_apair=0.586226896 n=0.765654554 Jphi_over_h=0.765731617 Jr_over_h=-0.000077063 e=0.000000000 eps=-4.08203129154220801e+12 L=1.77293878056940875e-04 mu1=6.631185993e-24,-3.391515172e-24,-5.543631701e-24 mu2=6.692714475e-24,1.939809258e-24,6.136087375e-24 nhat=-8.281149586e-01,1.738670838e-01,-5.329126125e-01
25.388 MARGIN checkpoint=25 n=0.765654554 ratio=659.312233 kepler_ratio=659.245856 over=0.999899 periapsis_over_rstar=321.029159 separation_over_rstar=321.029171 period=1.364755122e-16
26.437 ACTION checkpoint=26 t=1.942358184e-10 a_over_apair=0.586222649 n=0.765651780 Jphi_over_h=0.765678721 Jr_over_h=-0.000026940 e=0.000000000 eps=-4.08206087052848438e+12 L=1.77281630662931816e-04 mu1=3.810405179e-24,8.186628636e-24,-2.160272949e-24 mu2=-4.672168226e-24,4.902464418e-24,-6.351656633e-24 nhat=-2.272460050e-01,7.798223961e-01,5.832977660e-01
26.437 MARGIN checkpoint=26 n=0.765651780 ratio=659.266688 kepler_ratio=659.243468 over=0.999965 periapsis_over_rstar=320.984808 separation_over_rstar=320.984820 period=1.364472312e-16
27.510 ACTION checkpoint=27 t=1.961167435e-10 a_over_apair=0.586218399 n=0.765649005 Jphi_over_h=0.765667034 Jr_over_h=-0.000018029 e=0.000000000 eps=-4.08209046443265479e+12 L=1.77278924738848110e-04 mu1=-4.109111306e-24,-3.386243387e-24,-7.606274730e-24 mu2=-2.124462138e-24,5.534007282e-24,-7.146207337e-24 nhat=-9.634398353e-01,-7.854166379e-02,2.561540372e-01
27.510 MARGIN checkpoint=27 n=0.765649005 ratio=659.256625 kepler_ratio=659.241078 over=0.999976 periapsis_over_rstar=320.975009 separation_over_rstar=320.975021 period=1.364409833e-16
28.568 ACTION checkpoint=28 t=1.979977189e-10 a_over_apair=0.586214149 n=0.765646230 Jphi_over_h=0.765724966 Jr_over_h=-0.000078736 e=0.000000000 eps=-4.08212005861878564e+12 L=1.77292338098807912e-04 mu1=3.844738323e-24,-3.591047554e-24,-7.650439201e-24 mu2=-3.229057821e-24,-8.703492450e-24,1.710556718e-25 nhat=-3.263040023e-01,9.083514972e-01,-2.615783929e-01
28.568 MARGIN checkpoint=28 n=0.765646230 ratio=659.306506 kepler_ratio=659.238688 over=0.999897 periapsis_over_rstar=321.023583 separation_over_rstar=321.023594 period=1.364719560e-16
29.616 ACTION checkpoint=29 t=1.998785754e-10 a_over_apair=0.586209901 n=0.765643456 Jphi_over_h=0.765748873 Jr_over_h=-0.000105417 e=0.000000000 eps=-4.08214963716191113e+12 L=1.77297873325172331e-04 mu1=-9.222158289e-25,-1.377711041e-24,9.135550642e-24 mu2=-5.256676054e-24,7.568541922e-24,1.136391352e-24 nhat=-5.189377601e-01,-8.036490055e-02,8.510259008e-01
29.616 MARGIN checkpoint=29 n=0.765643456 ratio=659.327090 kepler_ratio=659.236300 over=0.999862 periapsis_over_rstar=321.043628 separation_over_rstar=321.043640 period=1.364847388e-16
30.682 ACTION checkpoint=30 t=2.017594715e-10 a_over_apair=0.586205654 n=0.765640682 Jphi_over_h=0.765695368 Jr_over_h=-0.000054686 e=0.000000000 eps=-4.08217921088283203e+12 L=1.77285485175672215e-04 mu1=6.453814277e-24,4.232010590e-24,-5.161901096e-24 mu2=5.948878564e-24,5.405253774e-24,4.647680147e-24 nhat=-7.883041293e-01,4.663086563e-01,-4.014135482e-01
30.682 MARGIN checkpoint=30 n=0.765640682 ratio=659.281022 kepler_ratio=659.233912 over=0.999929 periapsis_over_rstar=320.998766 separation_over_rstar=320.998778 period=1.364561314e-16
31.716 ACTION checkpoint=31 t=2.036402464e-10 a_over_apair=0.586201406 n=0.765637908 Jphi_over_h=0.765687165 Jr_over_h=-0.000049257 e=0.000000000 eps=-4.08220879760126562e+12 L=1.77283585822611724e-04 mu1=6.265421209e-24,5.905728826e-24,-3.474725799e-24 mu2=-1.143393587e-24,3.654967905e-24,-8.458174507e-24 nhat=-3.027519433e-01,7.071261179e-01,6.389944555e-01
31.717 MARGIN checkpoint=31 n=0.765637908 ratio=659.273959 kepler_ratio=659.231523 over=0.999936 periapsis_over_rstar=320.991888 separation_over_rstar=320.991900 period=1.364517457e-16
32.749 ACTION checkpoint=32 t=2.055209608e-10 a_over_apair=0.586197156 n=0.765635133 Jphi_over_h=0.765746740 Jr_over_h=-0.000111608 e=0.000000000 eps=-4.08223839014861621e+12 L=1.77297379637466463e-04 mu1=-6.781763149e-24,-3.456061733e-24,-5.316971052e-24 mu2=-4.710448569e-24,7.748338296e-24,-1.995440605e-24 nhat=-9.694238458e-01,-2.391748162e-01,5.488911078e-02
32.749 MARGIN checkpoint=32 n=0.765635133 ratio=659.325254 kepler_ratio=659.229134 over=0.999854 periapsis_over_rstar=321.041840 separation_over_rstar=321.041852 period=1.364835986e-16
33.814 ACTION checkpoint=33 t=2.074017048e-10 a_over_apair=0.586192909 n=0.765632359 Jphi_over_h=0.765765466 Jr_over_h=-0.000133107 e=0.000000000 eps=-4.08226796797395850e+12 L=1.77301715315991758e-04 mu1=9.046834025e-24,-2.058329038e-24,-3.534557635e-25 mu2=-1.100321148e-24,-8.388048519e-24,3.825805888e-24 nhat=-1.101454336e-01,9.939006401e-01,-5.431486330e-03
33.814 MARGIN checkpoint=33 n=0.765632359 ratio=659.341378 kepler_ratio=659.226746 over=0.999826 periapsis_over_rstar=321.057542 separation_over_rstar=321.057554 period=1.364936117e-16
34.866 ACTION checkpoint=34 t=2.092824503e-10 a_over_apair=0.586188663 n=0.765629586 Jphi_over_h=0.765711914 Jr_over_h=-0.000082329 e=0.000000000 eps=-4.08229754074899902e+12 L=1.77289316216989269e-04 mu1=2.595260284e-24,3.601134252e-26,8.914605012e-24 mu2=1.686325323e-24,8.308783956e-24,3.785138221e-24 nhat=-7.598664138e-01,-3.301035782e-02,6.492405945e-01
34.866 MARGIN checkpoint=34 n=0.765629586 ratio=659.295269 kepler_ratio=659.224358 over=0.999892 periapsis_over_rstar=321.012639 separation_over_rstar=321.012651 period=1.364649778e-16
35.931 ACTION checkpoint=35 t=2.111630741e-10 a_over_apair=0.586184415 n=0.765626812 Jphi_over_h=0.765707803 Jr_over_h=-0.000080991 e=0.000000000 eps=-4.08232712321347607e+12 L=1.77288364291134531e-04 mu1=3.909449958e-24,7.370685797e-24,-4.073824639e-24 mu2=2.809352613e-24,7.207852512e-24,5.134321312e-24 nhat=-7.464234315e-01,5.602594808e-01,-3.591119255e-01
35.931 MARGIN checkpoint=35 n=0.765626812 ratio=659.291729 kepler_ratio=659.221969 over=0.999894 periapsis_over_rstar=321.009192 separation_over_rstar=321.009204 period=1.364627796e-16
37.037 ACTION checkpoint=36 t=2.130436677e-10 a_over_apair=0.586180167 n=0.765624038 Jphi_over_h=0.765768917 Jr_over_h=-0.000144880 e=0.000000000 eps=-4.08235670610768359e+12 L=1.77302514381232599e-04 mu1=9.091940818e-24,4.659581613e-25,-1.823828510e-24 mu2=-3.289647173e-25,3.007698699e-25,-9.274059250e-24 nhat=-1.612116008e-01,5.603783502e-01,8.123957929e-01
37.037 MARGIN checkpoint=36 n=0.765624038 ratio=659.344349 kepler_ratio=659.219581 over=0.999811 periapsis_over_rstar=321.060436 separation_over_rstar=321.060448 period=1.364954572e-16
38.056 ACTION checkpoint=37 t=2.149243021e-10 a_over_apair=0.586175921 n=0.765621265 Jphi_over_h=0.765782484 Jr_over_h=-0.000161219 e=0.000000000 eps=-4.08238627866611670e+12 L=1.77305655493632298e-04 mu1=-7.310336110e-24,-5.489301859e-24,-1.622777353e-24 mu2=-5.446160882e-24,4.064832433e-24,6.326398993e-24 nhat=-9.548021069e-01,-1.231196834e-01,-2.705447841e-01
38.056 MARGIN checkpoint=37 n=0.765621265 ratio=659.356030 kepler_ratio=659.217193 over=0.999789 periapsis_over_rstar=321.071812 separation_over_rstar=321.071824 period=1.365027118e-16
39.147 ACTION checkpoint=38 t=2.168049000e-10 a_over_apair=0.586171675 n=0.765618492 Jphi_over_h=0.765729221 Jr_over_h=-0.000110729 e=0.000000000 eps=-4.08241584831599707e+12 L=1.77293323283681453e-04 mu1=6.670850851e-24,-7.332387634e-25,6.416304631e-24 mu2=-1.326798629e-24,-6.149769071e-24,6.828382023e-24 nhat=-2.613096558e-01,9.297184692e-01,2.595011212e-01
39.148 MARGIN checkpoint=38 n=0.765618492 ratio=659.310170 kepler_ratio=659.214806 over=0.999855 periapsis_over_rstar=321.027150 separation_over_rstar=321.027162 period=1.364742311e-16
40.196 ACTION checkpoint=39 t=2.186853784e-10 a_over_apair=0.586167427 n=0.765615718 Jphi_over_h=0.765729126 Jr_over_h=-0.000113408 e=0.000000000 eps=-4.08244543270297217e+12 L=1.77293301280062718e-04 mu1=5.439717057e-24,-1.739930453e-24,7.320449142e-24 mu2=5.428307807e-24,6.735479981e-24,3.372482626e-24 nhat=-8.229594433e-01,-4.726745106e-02,5.661303232e-01
40.196 MARGIN checkpoint=39 n=0.765615718 ratio=659.310088 kepler_ratio=659.212417 over=0.999852 periapsis_over_rstar=321.027071 separation_over_rstar=321.027082 period=1.364741803e-16
41.228 ACTION checkpoint=40 t=2.205658561e-10 a_over_apair=0.586163180 n=0.765612944 Jphi_over_h=0.765791545 Jr_over_h=-0.000178601 e=0.000000000 eps=-4.08247501413879688e+12 L=1.77307753493008847e-04 mu1=5.158176675e-25,7.705329679e-24,-5.154481735e-24 mu2=-3.509283457e-24,5.977603692e-24,6.177381241e-24 nhat=-5.406402828e-01,6.702371081e-01,-5.084194170e-01
41.228 MARGIN checkpoint=40 n=0.765612944 ratio=659.363832 kepler_ratio=659.210029 over=0.999767 periapsis_over_rstar=321.079410 separation_over_rstar=321.079422 period=1.365075574e-16
42.312 ACTION checkpoint=41 t=2.224462477e-10 a_over_apair=0.586158935 n=0.765610172 Jphi_over_h=0.765800455 Jr_over_h=-0.000190283 e=0.000000000 eps=-4.08250457965475244e+12 L=1.77309816440459326e-04 mu1=5.384531313e-24,-7.536781386e-24,6.407840159e-25 mu2=-2.184785757e-24,-3.414282778e-24,-8.353217319e-24 nhat=-2.914001168e-01,2.588347112e-01,9.209183266e-01
42.312 MARGIN checkpoint=41 n=0.765610172 ratio=659.371504 kepler_ratio=659.207642 over=0.999751 periapsis_over_rstar=321.086882 separation_over_rstar=321.086894 period=1.365123222e-16
43.401 ACTION checkpoint=42 t=2.243267050e-10 a_over_apair=0.586154690 n=0.765607399 Jphi_over_h=0.765747403 Jr_over_h=-0.000140004 e=0.000000000 eps=-4.08253414341003955e+12 L=1.77297533163899511e-04 mu1=-5.173702474e-24,-7.696473095e-24,4.516191745e-25 mu2=-3.408103354e-24,-2.477807770e-24,8.273581779e-24 nhat=-9.479030189e-01,1.817631016e-01,-2.616142994e-01
43.401 MARGIN checkpoint=42 n=0.765607399 ratio=659.325825 kepler_ratio=659.205255 over=0.999817 periapsis_over_rstar=321.042396 separation_over_rstar=321.042408 period=1.364839532e-16
44.451 ACTION checkpoint=43 t=2.262070444e-10 a_over_apair=0.586150443 n=0.765604626 Jphi_over_h=0.765751112 Jr_over_h=-0.000146486 e=0.000000000 eps=-4.08256372087506152e+12 L=1.77298391827090165e-04 mu1=3.812067764e-24,1.232424282e-24,8.375925323e-24 mu2=-4.160386353e-24,-3.717336511e-24,7.421553067e-24 nhat=-2.630636777e-01,8.968589713e-01,3.555861176e-01
44.451 MARGIN checkpoint=43 n=0.765604626 ratio=659.329019 kepler_ratio=659.202867 over=0.999809 periapsis_over_rstar=321.045506 separation_over_rstar=321.045518 period=1.364859362e-16
45.495 ACTION checkpoint=44 t=2.280872747e-10 a_over_apair=0.586146197 n=0.765601852 Jphi_over_h=0.765814528 Jr_over_h=-0.000212675 e=0.000000000 eps=-4.08259330116298340e+12 L=1.77313074812456212e-04 mu1=6.682349478e-24,-6.015148060e-24,2.317553568e-24 mu2=7.017703027e-24,6.076068690e-24,2.002218167e-25 nhat=-8.472414560e-01,-3.015308159e-01,4.373340627e-01
45.495 MARGIN checkpoint=44 n=0.765601852 ratio=659.383621 kepler_ratio=659.200479 over=0.999722 periapsis_over_rstar=321.098683 separation_over_rstar=321.098695 period=1.365198483e-16
46.591 ACTION checkpoint=45 t=2.299675625e-10 a_over_apair=0.586141952 n=0.765599080 Jphi_over_h=0.765818967 Jr_over_h=-0.000219886 e=0.000000000 eps=-4.08262286509295264e+12 L=1.77314102622411738e-04 mu1=-2.072213140e-24,5.195584659e-24,-7.410714407e-24 mu2=-9.149887834e-24,4.485186269e-25,1.511700681e-24 nhat=-3.259563841e-01,8.825240456e-01,-3.389745486e-01
46.591 MARGIN checkpoint=45 n=0.765599080 ratio=659.387443 kepler_ratio=659.198092 over=0.999713 periapsis_over_rstar=321.102406 separation_over_rstar=321.102417 period=1.365222224e-16
47.616 ACTION checkpoint=46 t=2.318477466e-10 a_over_apair=0.586137708 n=0.765596309 Jphi_over_h=0.765766274 Jr_over_h=-0.000169966 e=0.000000000 eps=-4.08265242776514209e+12 L=1.77301902441539101e-04 mu1=-1.375789423e-24,-9.139040069e-24,8.899468312e-25 mu2=-5.123955090e-24,-4.372817545e-24,-6.389867466e-24 nhat=-5.601216491e-01,2.135701453e-01,8.004071035e-01
47.616 MARGIN checkpoint=46 n=0.765596309 ratio=659.342074 kepler_ratio=659.195705 over=0.999778 periapsis_over_rstar=321.058220 separation_over_rstar=321.058232 period=1.364940439e-16
48.647 ACTION checkpoint=47 t=2.337279520e-10 a_over_apair=0.586133462 n=0.765593536 Jphi_over_h=0.765773324 Jr_over_h=-0.000179788 e=0.000000000 eps=-4.08268199945274072e+12 L=1.77303534594119996e-04 mu1=-1.769214961e-24,-9.086575503e-24,-7.147582290e-25 mu2=-4.890214352e-25,-5.015334973e-24,7.798341389e-24 nhat=-9.137249721e-01,2.624407908e-01,-3.102120350e-01
48.647 MARGIN checkpoint=47 n=0.765593536 ratio=659.348143 kepler_ratio=659.193318 over=0.999765 periapsis_over_rstar=321.064131 separation_over_rstar=321.064143 period=1.364978134e-16
49.670 ACTION checkpoint=48 t=2.356080729e-10 a_over_apair=0.586129217 n=0.765590763 Jphi_over_h=0.765837331 Jr_over_h=-0.000246568 e=0.000000000 eps=-4.08271156996594385e+12 L=1.77318354560377246e-04 mu1=2.749548260e-24,4.621630890e-24,7.568841890e-24 mu2=-8.375497138e-24,4.778213551e-25,3.978641694e-24 nhat=-4.134161600e-02,8.400785563e-01,5.408871324e-01
49.670 MARGIN checkpoint=48 n=0.765590763 ratio=659.403255 kepler_ratio=659.190931 over=0.999678 periapsis_over_rstar=321.117806 separation_over_rstar=321.117817 period=1.365320439e-16
50.633 ACTION checkpoint=49 t=2.358186053e-10 a_over_apair=0.500728262 n=0.707621553 Jphi_over_h=0.707621553 Jr_over_h=-0.000000000 e=0.000000000 eps=-4.77903229642703418e+12 L=1.63839348538618934e-04 mu1=3.218925045e-24,5.141180431e-24,7.029483665e-24 mu2=-7.408236164e-24,-1.100857487e-25,5.595781745e-24 nhat=5.365195964e-01,-2.138686345e-01,8.163375098e-01
50.633 MARGIN checkpoint=49 n=0.707621553 ratio=609.278162 kepler_ratio=609.278132 over=1.000000 periapsis_over_rstar=272.813191 separation_over_rstar=274.153282 period=1.077030899e-16
51.960 ACTION checkpoint=50 t=2.358187130e-10 a_over_apair=0.500723664 n=0.707618304 Jphi_over_h=0.707618304 Jr_over_h=0.000000000 e=0.000024132 eps=-4.77907618238880273e+12 L=1.63838596224662902e-04 mu1=3.217373497e-24,5.141353378e-24,7.030067460e-24 mu2=-7.408836229e-24,-1.130117852e-25,5.594928896e-24 nhat=5.364471860e-01,-2.136327935e-01,8.164468422e-01
51.960 MARGIN checkpoint=50 n=0.707618304 ratio=609.275365 kepler_ratio=609.275334 over=1.000000 periapsis_over_rstar=272.810695 separation_over_rstar=274.150764 period=1.077016063e-16
53.029 ACTION checkpoint=51 t=2.369908296e-10 a_over_apair=0.500719066 n=0.707615055 Jphi_over_h=0.707599227 Jr_over_h=0.000015828 e=0.006688440 eps=-4.77912006935932129e+12 L=1.63834179297341721e-04 mu1=-6.773755210e-24,4.873724421e-24,-4.070614928e-24 mu2=-2.080665591e-24,7.010582622e-24,5.720962968e-24 nhat=-6.294122337e-01,-7.761447648e-01,-3.794132468e-02
53.029 MARGIN checkpoint=51 n=0.707615055 ratio=613.373513 kepler_ratio=609.272537 over=0.993314 periapsis_over_rstar=271.850045 separation_over_rstar=272.315295 period=1.077001120e-16
54.121 ACTION checkpoint=52 t=2.381628222e-10 a_over_apair=0.500714466 n=0.707611805 Jphi_over_h=0.707595731 Jr_over_h=0.000016074 e=0.006740178 eps=-4.77916396798207910e+12 L=1.63833369937210830e-04 mu1=-5.704510891e-24,7.193465831e-24,1.385445819e-24 mu2=-8.659047020e-24,-2.379537720e-24,-2.359143959e-24 nhat=-4.738894551e-02,1.150354476e-01,9.922303833e-01
54.121 MARGIN checkpoint=52 n=0.707611805 ratio=613.402657 kepler_ratio=609.269739 over=0.993262 periapsis_over_rstar=271.825979 separation_over_rstar=272.298605 period=1.076986281e-16
55.176 ACTION checkpoint=53 t=2.393346910e-10 a_over_apair=0.500709867 n=0.707608555 Jphi_over_h=0.707614803 Jr_over_h=-0.000006248 e=0.000000000 eps=-4.77920787144873340e+12 L=1.63837785654419435e-04 mu1=-5.074695434e-24,-4.325399019e-24,-6.461056016e-24 mu2=-8.917574757e-24,7.456738177e-25,2.475416385e-24 nhat=2.021819624e-02,-9.994273951e-01,2.713128358e-02
55.176 MARGIN checkpoint=53 n=0.707608555 ratio=609.272350 kepler_ratio=609.266940 over=0.999991 periapsis_over_rstar=273.372404 separation_over_rstar=274.148051 period=1.077000078e-16
56.207 ACTION checkpoint=54 t=2.405066825e-10 a_over_apair=0.500705269 n=0.707605306 Jphi_over_h=0.707650994 Jr_over_h=-0.000045688 e=0.000000000 eps=-4.77925175856187695e+12 L=1.63846165260046034e-04 mu1=-5.150884496e-24,4.045232699e-24,-6.581134902e-24 mu2=1.589113548e-25,-6.477757393e-24,-6.649831699e-24 nhat=-6.762940137e-01,1.873237223e-01,7.124157705e-01
56.207 MARGIN checkpoint=54 n=0.707605306 ratio=609.303512 kepler_ratio=609.264143 over=0.999935 periapsis_over_rstar=274.176081 separation_over_rstar=274.176095 period=1.077165338e-16
57.244 ACTION checkpoint=55 t=2.416786384e-10 a_over_apair=0.500700671 n=0.707602057 Jphi_over_h=0.707689582 Jr_over_h=-0.000087525 e=0.000000000 eps=-4.77929564409045801e+12 L=1.63855099602662729e-04 mu1=4.932583292e-24,-7.539600430e-24,-2.242967388e-24 mu2=-6.507092775e-24,-5.803917436e-24,3.190476655e-24 nhat=5.982975594e-01,-7.455114657e-01,2.936880742e-01
57.244 MARGIN checkpoint=55 n=0.707602057 ratio=609.336737 kepler_ratio=609.261345 over=0.999876 periapsis_over_rstar=274.205983 separation_over_rstar=274.205997 period=1.077341557e-16
58.288 ACTION checkpoint=56 t=2.428506782e-10 a_over_apair=0.500696075 n=0.707598810 Jphi_over_h=0.707715302 Jr_over_h=-0.000116492 e=0.000000000 eps=-4.77933950906716992e+12 L=1.63861054835015714e-04 mu1=-1.333992101e-25,5.528113739e-24,-7.458486336e-24 mu2=9.118642292e-24,-1.536141238e-24,-8.351575429e-25 nhat=-9.762066065e-01,-7.587372920e-02,2.031350257e-01
58.288 MARGIN checkpoint=56 n=0.707598810 ratio=609.358883 kepler_ratio=609.258550 over=0.999835 periapsis_over_rstar=274.225915 separation_over_rstar=274.225929 period=1.077459028e-16
59.351 ACTION checkpoint=57 t=2.440226304e-10 a_over_apair=0.500691481 n=0.707595563 Jphi_over_h=0.707717910 Jr_over_h=-0.000122347 e=0.000000000 eps=-4.77938336580509961e+12 L=1.63861658607336998e-04 mu1=6.916709246e-24,7.530777242e-25,6.148077945e-24 mu2=-5.561792961e-24,-3.544478596e-24,6.535287737e-24 nhat=6.773216889e-01,-2.863966956e-01,6.776520217e-01
59.351 MARGIN checkpoint=57 n=0.707595563 ratio=609.361128 kepler_ratio=609.255754 over=0.999827 periapsis_over_rstar=274.227936 separation_over_rstar=274.227950 period=1.077470938e-16
60.401 ACTION checkpoint=58 t=2.451945956e-10 a_over_apair=0.500686886 n=0.707592316 Jphi_over_h=0.707700187 Jr_over_h=-0.000107870 e=0.000000000 eps=-4.77942722501711328e+12 L=1.63857555079196610e-04 mu1=-3.570353745e-24,7.017421131e-24,-4.920897284e-24 mu2=3.321152490e-24,6.842888323e-24,5.324629640e-24 nhat=-7.966037714e-01,-6.001394556e-01,-7.249182888e-02
60.401 MARGIN checkpoint=58 n=0.707592316 ratio=609.345868 kepler_ratio=609.252959 over=0.999848 periapsis_over_rstar=274.214202 separation_over_rstar=274.214215 period=1.077389992e-16
61.443 ACTION checkpoint=59 t=2.463664727e-10 a_over_apair=0.500682291 n=0.707589069 Jphi_over_h=0.707678310 Jr_over_h=-0.000089241 e=0.000000000 eps=-4.77947108905895508e+12 L=1.63852489872174891e-04 mu1=-2.795695012e-24,7.046769475e-24,5.360408999e-24 mu2=-8.922669439e-24,-1.842420681e-24,1.788382339e-24 nhat=1.940327335e-01,6.299743428e-02,9.789701842e-01
61.443 MARGIN checkpoint=59 n=0.707589069 ratio=609.327032 kepler_ratio=609.250163 over=0.999874 periapsis_over_rstar=274.197249 separation_over_rstar=274.197262 period=1.077290081e-16
62.480 ACTION checkpoint=60 t=2.475383488e-10 a_over_apair=0.500677696 n=0.707585822 Jphi_over_h=0.707667786 Jr_over_h=-0.000081964 e=0.000000000 eps=-4.77951495859815137e+12 L=1.63850053069443695e-04 mu1=-6.591807079e-24,6.182928953e-26,-6.538433440e-24 mu2=-7.305978865e-24,4.821348866e-24,3.095823510e-24 nhat=-2.178653448e-01,-9.756329029e-01,-2.598326893e-02
62.480 MARGIN checkpoint=60 n=0.707585822 ratio=609.317970 kepler_ratio=609.247367 over=0.999884 periapsis_over_rstar=274.189093 separation_over_rstar=274.189107 period=1.077242018e-16
63.529 ACTION checkpoint=61 t=2.487101727e-10 a_over_apair=0.500673099 n=0.707582574 Jphi_over_h=0.707677682 Jr_over_h=-0.000095109 e=0.000000000 eps=-4.77955884176682812e+12 L=1.63852344540403236e-04 mu1=-7.511730202e-24,4.342262697e-24,-3.305377333e-24 mu2=-4.791163774e-24,-5.894162901e-24,-5.339517643e-24 nhat=-4.792322047e-01,1.655213276e-01,8.619391997e-01
63.529 MARGIN checkpoint=61 n=0.707582574 ratio=609.326491 kepler_ratio=609.244570 over=0.999866 periapsis_over_rstar=274.196762 separation_over_rstar=274.196776 period=1.077287215e-16
64.579 ACTION checkpoint=62 t=2.498819380e-10 a_over_apair=0.500668503 n=0.707579327 Jphi_over_h=0.707707819 Jr_over_h=-0.000128492 e=0.000000000 eps=-4.77960270963293359e+12 L=1.63859322103138735e-04 mu1=5.303391134e-25,-7.298062009e-24,-5.715232858e-24 mu2=-8.456544357e-24,-3.812594343e-24,3.972872837e-25 nhat=4.116462133e-01,-8.786274727e-01,2.419941309e-01
64.579 MARGIN checkpoint=62 n=0.707579327 ratio=609.352439 kepler_ratio=609.241774 over=0.999818 periapsis_over_rstar=274.220116 separation_over_rstar=274.220129 period=1.077424848e-16
65.619 ACTION checkpoint=63 t=2.510536375e-10 a_over_apair=0.500663908 n=0.707576080 Jphi_over_h=0.707746569 Jr_over_h=-0.000170489 e=0.000000000 eps=-4.77964657614746484e+12 L=1.63868294216419332e-04 mu1=-2.397057930e-24,2.331004564e-24,-8.661835041e-24 mu2=6.220985132e-24,-5.419489264e-24,-4.258560248e-24 nhat=-9.279177850e-01,-2.364333402e-02,3.720343762e-01
65.619 MARGIN checkpoint=63 n=0.707576080 ratio=609.385804 kepler_ratio=609.238978 over=0.999759 periapsis_over_rstar=274.250146 separation_over_rstar=274.250160 period=1.077601841e-16
66.654 ACTION checkpoint=64 t=2.522253140e-10 a_over_apair=0.500659315 n=0.707572834 Jphi_over_h=0.707779242 Jr_over_h=-0.000206408 e=0.000000000 eps=-4.77969042654690332e+12 L=1.63875859114732166e-04 mu1=8.015206006e-24,-3.953808919e-24,2.516092801e-24 mu2=-4.808939475e-24,-6.842971789e-24,4.031710989e-24 nhat=7.035666261e-01,-3.935184050e-01,5.917239792e-01
66.655 MARGIN checkpoint=64 n=0.707572834 ratio=609.413936 kepler_ratio=609.236184 over=0.999708 periapsis_over_rstar=274.275468 separation_over_rstar=274.275482 period=1.077751088e-16
67.689 ACTION checkpoint=65 t=2.533970450e-10 a_over_apair=0.500654723 n=0.707569589 Jphi_over_h=0.707791548 Jr_over_h=-0.000221959 e=0.000000000 eps=-4.77973426280652734e+12 L=1.63878708477514155e-04 mu1=-2.916730256e-25,5.959457445e-24,-7.113835047e-24 mu2=7.882350099e-24,3.690062069e-24,3.234015169e-24 nhat=-8.940749435e-01,-4.406641899e-01,-8.028117506e-02
67.689 MARGIN checkpoint=65 n=0.707569589 ratio=609.424532 kepler_ratio=609.233390 over=0.999686 periapsis_over_rstar=274.285006 separation_over_rstar=274.285020 period=1.077807307e-16
68.732 ACTION checkpoint=66 t=2.545687293e-10 a_over_apair=0.500650132 n=0.707566345 Jphi_over_h=0.707781393 Jr_over_h=-0.000215048 e=0.000000000 eps=-4.77977809779451270e+12 L=1.63876357093792579e-04 mu1=1.983942324e-24,5.076509969e-24,7.516639852e-24 mu2=-7.098879320e-24,-3.457761326e-24,4.884327414e-24 nhat=4.189061371e-01,3.599559999e-02,9.073158023e-01
68.732 MARGIN checkpoint=66 n=0.707566345 ratio=609.415788 kepler_ratio=609.230596 over=0.999696 periapsis_over_rstar=274.277135 separation_over_rstar=274.277149 period=1.077760913e-16
69.779 ACTION checkpoint=67 t=2.557403632e-10 a_over_apair=0.500645540 n=0.707563100 Jphi_over_h=0.707759634 Jr_over_h=-0.000196534 e=0.000000000 eps=-4.77982193836172461e+12 L=1.63871319176735176e-04 mu1=-5.239685733e-24,3.895679056e-24,-6.601229688e-24 mu2=-3.148068744e-24,7.575578148e-24,4.348233455e-24 nhat=-4.313180036e-01,-8.933491449e-01,-1.260638139e-01
69.779 MARGIN checkpoint=67 n=0.707563100 ratio=609.397053 kepler_ratio=609.227802 over=0.999722 periapsis_over_rstar=274.260272 separation_over_rstar=274.260285 period=1.077661518e-16
70.823 ACTION checkpoint=68 t=2.569119968e-10 a_over_apair=0.500640948 n=0.707559855 Jphi_over_h=0.707743640 Jr_over_h=-0.000183786 e=0.000000000 eps=-4.77986578022101855e+12 L=1.63867616114238480e-04 mu1=-7.332743288e-24,5.576830788e-24,1.156152893e-24 mu2=-7.626640224e-24,-4.882966528e-24,-2.048866041e-24 nhat=-2.498138792e-01,1.825132260e-01,9.509374049e-01
70.823 MARGIN checkpoint=68 n=0.707559855 ratio=609.383282 kepler_ratio=609.225008 over=0.999740 periapsis_over_rstar=274.247877 separation_over_rstar=274.247890 period=1.077588463e-16
71.855 ACTION checkpoint=69 t=2.580835510e-10 a_over_apair=0.500636354 n=0.707556609 Jphi_over_h=0.707744795 Jr_over_h=-0.000188186 e=0.000000000 eps=-4.77990963935438672e+12 L=1.63867883447022211e-04 mu1=-3.075157849e-24,-4.424703299e-24,-7.561234039e-24 mu2=-9.279385248e-24,2.459726634e-25,-1.983989665e-25 nhat=1.998993713e-01,-9.687519288e-01,1.468330407e-01
71.855 MARGIN checkpoint=69 n=0.707556609 ratio=609.384276 kepler_ratio=609.222213 over=0.999734 periapsis_over_rstar=274.248772 separation_over_rstar=274.248785 period=1.077593737e-16
72.899 ACTION checkpoint=70 t=2.592551109e-10 a_over_apair=0.500631762 n=0.707553363 Jphi_over_h=0.707767396 Jr_over_h=-0.000214033 e=0.000000000 eps=-4.77995348924181055e+12 L=1.63873116347367594e-04 mu1=-5.815533200e-24,1.042587089e-24,-7.162362811e-24 mu2=1.277241312e-24,-7.342871213e-24,-5.536944307e-24 nhat=-8.118324634e-01,2.468117005e-02,5.833685723e-01
72.899 MARGIN checkpoint=70 n=0.707553363 ratio=609.403736 kepler_ratio=609.219419 over=0.999698 periapsis_over_rstar=274.266287 separation_over_rstar=274.266301 period=1.077696975e-16
73.960 ACTION checkpoint=71 t=2.604265675e-10 a_over_apair=0.500627169 n=0.707550118 Jphi_over_h=0.707804365 Jr_over_h=-0.000254247 e=0.000000000 eps=-4.77999733401739746e+12 L=1.63881675939086142e-04 mu1=5.967373044e-24,-6.773762896e-24,-2.171048240e-24 mu2=-5.788007559e-24,-7.258113085e-24,1.600569520e-25 nhat=6.222320311e-01,-5.764578017e-01,5.296448833e-01
73.960 MARGIN checkpoint=71 n=0.707550118 ratio=609.435567 kepler_ratio=609.216625 over=0.999641 periapsis_over_rstar=274.294940 separation_over_rstar=274.294953 period=1.077865858e-16
74.991 ACTION checkpoint=72 t=2.615979921e-10 a_over_apair=0.500622578 n=0.707546874 Jphi_over_h=0.707841519 Jr_over_h=-0.000294645 e=0.000000000 eps=-4.78004117027202637e+12 L=1.63890278406517110e-04 mu1=4.672124424e-25,2.300196195e-24,-8.983187924e-24 mu2=9.207954844e-24,-1.189510210e-24,-7.408327587e-26 nhat=-9.371218318e-01,-3.477813116e-01,2.916901995e-02
74.991 MARGIN checkpoint=72 n=0.707546874 ratio=609.467558 kepler_ratio=609.213831 over=0.999584 periapsis_over_rstar=274.323737 separation_over_rstar=274.323751 period=1.078035604e-16
76.029 ACTION checkpoint=73 t=2.627693856e-10 a_over_apair=0.500617989 n=0.707543631 Jphi_over_h=0.707862787 Jr_over_h=-0.000319156 e=0.000000000 eps=-4.78008498653932227e+12 L=1.63895202818363804e-04 mu1=6.466294344e-24,1.181838002e-24,6.557221338e-24 mu2=-4.366697296e-24,-6.572091954e-24,4.893507673e-24 nhat=5.520100772e-01,-2.336243945e-02,8.335100906e-01
76.029 MARGIN checkpoint=73 n=0.707543631 ratio=609.485870 kepler_ratio=609.211039 over=0.999549 periapsis_over_rstar=274.340222 separation_over_rstar=274.340236 period=1.078132783e-16
77.063 ACTION checkpoint=74 t=2.639407769e-10 a_over_apair=0.500613401 n=0.707540388 Jphi_over_h=0.707860142 Jr_over_h=-0.000319754 e=0.000000000 eps=-4.78012879904439062e+12 L=1.63894590311937664e-04 mu1=-1.649126112e-24,5.404611350e-24,-7.367320714e-24 mu2=2.598474559e-24,7.503550131e-24,4.811602713e-24 nhat=-5.952720319e-01,-7.729361213e-01,-2.195927147e-01
77.064 MARGIN checkpoint=74 n=0.707540388 ratio=609.483593 kepler_ratio=609.208247 over=0.999548 periapsis_over_rstar=274.338172 separation_over_rstar=274.338186 period=1.078120695e-16
78.101 ACTION checkpoint=75 t=2.651121550e-10 a_over_apair=0.500608812 n=0.707537146 Jphi_over_h=0.707840558 Jr_over_h=-0.000303412 e=0.000000000 eps=-4.78017261528573633e+12 L=1.63890055970778987e-04 mu1=-4.187280530e-24,6.259538658e-24,5.430627296e-24 mu2=-7.696350354e-24,-4.821377784e-24,1.930637919e-24 nhat=-5.167579336e-03,2.297536227e-01,9.732351047e-01
78.101 MARGIN checkpoint=75 n=0.707537146 ratio=609.466731 kepler_ratio=609.205455 over=0.999571 periapsis_over_rstar=274.322992 separation_over_rstar=274.323006 period=1.078031215e-16
79.152 ACTION checkpoint=76 t=2.662835437e-10 a_over_apair=0.500604224 n=0.707533903 Jphi_over_h=0.707820032 Jr_over_h=-0.000286130 e=0.000000000 eps=-4.78021643206322070e+12 L=1.63885303559568711e-04 mu1=-4.319769479e-24,-3.682149720e-25,-8.210411966e-24 mu2=-7.922059076e-24,4.714638679e-24,1.104543978e-24 nhat=1.924548801e-03,-9.999966773e-01,-1.715084897e-03
79.152 MARGIN checkpoint=76 n=0.707533903 ratio=609.449058 kepler_ratio=609.202663 over=0.999596 periapsis_over_rstar=274.307083 separation_over_rstar=274.307097 period=1.077937437e-16
80.184 ACTION checkpoint=77 t=2.674548305e-10 a_over_apair=0.500599633 n=0.707530659 Jphi_over_h=0.707812798 Jr_over_h=-0.000282139 e=0.000000000 eps=-4.78026026435499805e+12 L=1.63883628620372962e-04 mu1=-8.289300356e-24,1.960293417e-24,-3.694807790e-24 mu2=-3.331807625e-24,-7.526519676e-24,-4.296209353e-24 nhat=-6.493189570e-01,1.084839400e-01,7.527390828e-01
80.184 MARGIN checkpoint=77 n=0.707530659 ratio=609.442829 kepler_ratio=609.199870 over=0.999601 periapsis_over_rstar=274.301476 separation_over_rstar=274.301490 period=1.077904387e-16
81.214 ACTION checkpoint=78 t=2.686260814e-10 a_over_apair=0.500595043 n=0.707527415 Jphi_over_h=0.707827874 Jr_over_h=-0.000300459 e=0.000000000 eps=-4.78030409730678516e+12 L=1.63887119221581702e-04 mu1=2.352769288e-24,-6.658605056e-24,-6.027794843e-24 mu2=-7.669868398e-24,-4.703197341e-24,-2.293449108e-24 nhat=4.903886354e-01,-7.620449074e-01,4.228552298e-01
81.214 MARGIN checkpoint=78 n=0.707527415 ratio=609.455810 kepler_ratio=609.197077 over=0.999575 periapsis_over_rstar=274.313161 separation_over_rstar=274.313175 period=1.077973264e-16
82.203 ACTION checkpoint=79 t=2.689154095e-10 a_over_apair=0.500590454 n=0.707524172 Jphi_over_h=0.707833453 Jr_over_h=-0.000309281 e=0.000000000 eps=-4.78034791998500781e+12 L=1.63888410950489133e-04 mu1=7.465305837e-24,-2.419642440e-24,-4.961995012e-24 mu2=-2.832467151e-24,-6.328777661e-24,-6.174994610e-24 nhat=5.113146945e-01,-3.158635316e-01,7.992418361e-01
82.203 MARGIN checkpoint=79 n=0.707524172 ratio=609.460613 kepler_ratio=609.194285 over=0.999563 periapsis_over_rstar=274.317485 separation_over_rstar=274.317499 period=1.077998754e-16
83.237 ACTION checkpoint=80 t=2.700866551e-10 a_over_apair=0.500585865 n=0.707520929 Jphi_over_h=0.707829883 Jr_over_h=-0.000308954 e=0.000000000 eps=-4.78039173994673828e+12 L=1.63887584356534825e-04 mu1=2.764564425e-24,-5.867754000e-24,-6.643305037e-24 mu2=7.922111319e-24,-4.106864202e-24,2.565282429e-24 nhat=-6.645250111e-01,-7.472388863e-01,6.368394734e-03
83.237 MARGIN checkpoint=80 n=0.707520929 ratio=609.457539 kepler_ratio=609.191493 over=0.999563 periapsis_over_rstar=274.314718 separation_over_rstar=274.314732 period=1.077982443e-16
84.303 ACTION checkpoint=81 t=2.712577752e-10 a_over_apair=0.500581276 n=0.707517686 Jphi_over_h=0.707848835 Jr_over_h=-0.000331149 e=0.000000000 eps=-4.78043556905488379e+12 L=1.63891972351538499e-04 mu1=8.344780346e-24,1.546737943e-24,3.765514307e-24 mu2=4.618322917e-24,-8.054683438e-24,4.839609903e-27 nhat=1.137232364e-02,1.172054520e-01,9.930425732e-01
84.303 MARGIN checkpoint=81 n=0.707517686 ratio=609.473857 kepler_ratio=609.188700 over=0.999532 periapsis_over_rstar=274.329408 separation_over_rstar=274.329421 period=1.078069032e-16
85.328 ACTION checkpoint=82 t=2.724288816e-10 a_over_apair=0.500576687 n=0.707514443 Jphi_over_h=0.707884899 Jr_over_h=-0.000370456 e=0.000000000 eps=-4.78047939172642188e+12 L=1.63900322390918892e-04 mu1=8.108127222e-24,5.138190423e-25,-4.494565409e-24 mu2=4.849941740e-24,5.567902265e-24,5.628799584e-24 nhat=-2.425164461e-02,-9.977044355e-01,-6.322750322e-02
85.328 MARGIN checkpoint=82 n=0.707514443 ratio=609.504909 kepler_ratio=609.185908 over=0.999477 periapsis_over_rstar=274.357362 separation_over_rstar=274.357375 period=1.078233818e-16
86.357 ACTION checkpoint=83 t=2.735999514e-10 a_over_apair=0.500572100 n=0.707511201 Jphi_over_h=0.707923561 Jr_over_h=-0.000412360 e=0.000000000 eps=-4.78052319543721191e+12 L=1.63909274091293396e-04 mu1=-1.564725075e-24,5.955103526e-24,6.949477154e-24 mu2=2.721673985e-24,-6.066888141e-24,6.480139989e-24 nhat=-5.981658564e-01,3.013296116e-01,7.425618313e-01
86.357 MARGIN checkpoint=83 n=0.707511201 ratio=609.538198 kepler_ratio=609.183117 over=0.999417 periapsis_over_rstar=274.387332 separation_over_rstar=274.387345 period=1.078410497e-16
87.396 ACTION checkpoint=84 t=2.747709973e-10 a_over_apair=0.500567514 n=0.707507960 Jphi_over_h=0.707949616 Jr_over_h=-0.000441656 e=0.000000000 eps=-4.78056699350186035e+12 L=1.63915306764329371e-04 mu1=5.085713149e-24,4.499179436e-24,-6.332437244e-24 mu2=-5.817804872e-24,7.170797064e-24,9.693663946e-25 nhat=5.573115583e-01,-8.163828323e-01,1.514030981e-01
87.396 MARGIN checkpoint=84 n=0.707507960 ratio=609.560632 kepler_ratio=609.180326 over=0.999376 periapsis_over_rstar=274.407530 separation_over_rstar=274.407543 period=1.078529574e-16
88.440 ACTION checkpoint=85 t=2.759420647e-10 a_over_apair=0.500562929 n=0.707504720 Jphi_over_h=0.707952474 Jr_over_h=-0.000447753 e=0.000000000 eps=-4.78061077804964160e+12 L=1.63915968447088384e-04 mu1=-9.267821953e-24,4.473188019e-25,-3.379902531e-25 mu2=-4.393638836e-25,-8.039406533e-24,4.624041225e-24 nhat=-9.436410165e-01,3.240336106e-02,3.293807132e-01
88.440 MARGIN checkpoint=85 n=0.707504720 ratio=609.563093 kepler_ratio=609.177537 over=0.999367 periapsis_over_rstar=274.409745 separation_over_rstar=274.409759 period=1.078542635e-16
89.499 ACTION checkpoint=86 t=2.771130385e-10 a_over_apair=0.500558345 n=0.707501481 Jphi_over_h=0.707934843 Jr_over_h=-0.000433363 e=0.000000000 eps=-4.78065456030707227e+12 L=1.63911886324554748e-04 mu1=5.649190386e-24,1.386309521e-25,-7.367108301e-24 mu2=-6.440998269e-24,-2.217489373e-24,-6.308972774e-24 nhat=6.475934145e-01,-4.339429412e-01,6.263515732e-01
89.499 MARGIN checkpoint=86 n=0.707501481 ratio=609.547912 kepler_ratio=609.174747 over=0.999388 periapsis_over_rstar=274.396077 separation_over_rstar=274.396091 period=1.078462058e-16
90.541 ACTION checkpoint=87 t=2.782840326e-10 a_over_apair=0.500553760 n=0.707498240 Jphi_over_h=0.707912925 Jr_over_h=-0.000414685 e=0.000000000 eps=-4.78069835573366113e+12 L=1.63906811421105124e-04 mu1=-2.144981183e-24,-6.579929351e-24,-6.189542854e-24 mu2=5.164733722e-24,-7.296649637e-24,2.508243396e-24 nhat=-8.281600306e-01,-5.586652263e-01,4.521204161e-02
90.541 MARGIN checkpoint=87 n=0.707498240 ratio=609.529040 kepler_ratio=609.171957 over=0.999414 periapsis_over_rstar=274.379086 separation_over_rstar=274.379100 period=1.078361889e-16
91.578 ACTION checkpoint=88 t=2.794550258e-10 a_over_apair=0.500549174 n=0.707494999 Jphi_over_h=0.707902217 Jr_over_h=-0.000407218 e=0.000000000 eps=-4.78074215383187891e+12 L=1.63904332232172391e-04 mu1=9.268851306e-24,-3.673221153e-26,-5.421268202e-25 mu2=2.767231692e-24,-7.876107309e-24,-4.064014972e-24 nhat=2.224894901e-01,-1.683527482e-02,9.747897211e-01
91.578 MARGIN checkpoint=88 n=0.707494999 ratio=609.519821 kepler_ratio=609.169166 over=0.999425 periapsis_over_rstar=274.370786 separation_over_rstar=274.370800 period=1.078312957e-16
92.610 ACTION checkpoint=89 t=2.806259658e-10 a_over_apair=0.500544588 n=0.707491758 Jphi_over_h=0.707911952 Jr_over_h=-0.000420194 e=0.000000000 eps=-4.78078595626437793e+12 L=1.63906586224855564e-04 mu1=7.427499731e-24,-3.500341746e-24,-4.334363930e-24 mu2=7.451294922e-24,1.072824488e-24,5.434529132e-24 nhat=-2.739102570e-01,-9.610709908e-01,-3.627287832e-02
92.610 MARGIN checkpoint=89 n=0.707491758 ratio=609.528203 kepler_ratio=609.166376 over=0.999406 periapsis_over_rstar=274.378333 separation_over_rstar=274.378346 period=1.078357445e-16
93.644 ACTION checkpoint=90 t=2.817968463e-10 a_over_apair=0.500540001 n=0.707488517 Jphi_over_h=0.707941961 Jr_over_h=-0.000453444 e=0.000000000 eps=-4.78082976302847070e+12 L=1.63913534233498112e-04 mu1=4.031172499e-24,5.253375505e-24,6.508344595e-24 mu2=5.931241697e-24,-5.762997372e-24,4.220792402e-24 nhat=-4.166216208e-01,2.248377171e-01,8.808373437e-01
93.644 MARGIN checkpoint=90 n=0.707488517 ratio=609.554040 kepler_ratio=609.163585 over=0.999359 periapsis_over_rstar=274.401595 separation_over_rstar=274.401608 period=1.078494585e-16
94.684 ACTION checkpoint=91 t=2.829676600e-10 a_over_apair=0.500535417 n=0.707485277 Jphi_over_h=0.707980699 Jr_over_h=-0.000495423 e=0.000000000 eps=-4.78087354838534766e+12 L=1.63922503666179693e-04 mu1=7.680342637e-24,4.092836370e-24,-3.235410746e-24 mu2=-1.118655333e-24,8.005294295e-24,4.568449275e-24 nhat=3.972141662e-01,-9.107183445e-01,1.131945369e-01
94.684 MARGIN checkpoint=91 n=0.707485277 ratio=609.587396 kepler_ratio=609.160795 over=0.999300 periapsis_over_rstar=274.431626 separation_over_rstar=274.431640 period=1.078671642e-16
95.710 ACTION checkpoint=92 t=2.841384502e-10 a_over_apair=0.500530833 n=0.707482038 Jphi_over_h=0.708013435 Jr_over_h=-0.000531398 e=0.000000000 eps=-4.78091732907386621e+12 L=1.63930083213875986e-04 mu1=-7.229346872e-24,4.362883702e-24,3.861171439e-24 mu2=9.482516300e-25,-5.378657360e-24,7.508509781e-24 nhat=-8.940497625e-01,1.278541699e-01,4.293347569e-01
95.710 MARGIN checkpoint=92 n=0.707482038 ratio=609.615582 kepler_ratio=609.158006 over=0.999249 periapsis_over_rstar=274.457006 separation_over_rstar=274.457019 period=1.078821278e-16
96.747 ACTION checkpoint=93 t=2.853092950e-10 a_over_apair=0.500526252 n=0.707478799 Jphi_over_h=0.708025864 Jr_over_h=-0.000547064 e=0.000000000 eps=-4.78096109484368555e+12 L=1.63932960784838043e-04 mu1=4.900549264e-24,4.074353665e-24,-6.752119253e-24 mu2=-8.055642377e-24,2.866338891e-24,-3.619058238e-24 nhat=7.133826397e-01,-5.211991938e-01,4.684406150e-01
96.747 MARGIN checkpoint=93 n=0.707478799 ratio=609.626283 kepler_ratio=609.155218 over=0.999227 periapsis_over_rstar=274.466641 separation_over_rstar=274.466655 period=1.078878091e-16
97.998 ACTION checkpoint=94 t=2.864800935e-10 a_over_apair=0.500521670 n=0.707475562 Jphi_over_h=0.708015770 Jr_over_h=-0.000540208 e=0.000000000 eps=-4.78100485467914453e+12 L=1.63930623641920370e-04 mu1=-6.985499313e-24,-4.451208036e-24,-4.194806508e-24 mu2=1.766283475e-24,-8.003988446e-24,4.361567025e-24 nhat=-9.377184284e-01,-3.428614223e-01,5.594813745e-02
97.998 MARGIN checkpoint=94 n=0.707475562 ratio=609.617592 kepler_ratio=609.152430 over=0.999237 periapsis_over_rstar=274.458815 separation_over_rstar=274.458829 period=1.078831948e-16
99.176 ACTION checkpoint=95 t=2.876508419e-10 a_over_apair=0.500517088 n=0.707472323 Jphi_over_h=0.707994018 Jr_over_h=-0.000521695 e=0.000000000 eps=-4.78104862198909473e+12 L=1.63925587471476969e-04 mu1=8.141814801e-24,4.603218153e-25,-4.439122756e-24 mu2=-1.266394106e-24,-6.148958333e-24,-6.840571077e-24 nhat=4.435479914e-01,-1.103859514e-01,8.894268498e-01
99.176 MARGIN checkpoint=95 n=0.707472323 ratio=609.598863 kepler_ratio=609.149642 over=0.999263 periapsis_over_rstar=274.441952 separation_over_rstar=274.441966 period=1.078732521e-16
100.218 ACTION checkpoint=96 t=2.888214824e-10 a_over_apair=0.500512506 n=0.707469085 Jphi_over_h=0.707977981 Jr_over_h=-0.000508896 e=0.000000000 eps=-4.78109239804786914e+12 L=1.63921874143778038e-04 mu1=4.043566278e-24,-6.648776410e-24,-5.064602579e-24 mu2=7.105179457e-24,-3.383244285e-24,4.927163308e-24 nhat=-5.049489619e-01,-8.615059992e-01,-5.323494315e-02
100.218 MARGIN checkpoint=96 n=0.707469085 ratio=609.585055 kepler_ratio=609.146853 over=0.999281 periapsis_over_rstar=274.429519 separation_over_rstar=274.429532 period=1.078659215e-16
101.260 ACTION checkpoint=97 t=2.899921513e-10 a_over_apair=0.500507923 n=0.707465846 Jphi_over_h=0.707979100 Jr_over_h=-0.000513254 e=0.000000000 eps=-4.78113617360370020e+12 L=1.63922133331088920e-04 mu1=7.761264287e-24,3.619585522e-24,3.587231884e-24 mu2=6.674596676e-24,-6.452923295e-24,1.280446316e-25 nhat=-1.894113775e-01,1.530429042e-01,9.698975201e-01
101.261 MARGIN checkpoint=97 n=0.707465846 ratio=609.586018 kepler_ratio=609.144065 over=0.999275 periapsis_over_rstar=274.430386 separation_over_rstar=274.430400 period=1.078664331e-16
102.282 ACTION checkpoint=98 t=2.911627178e-10 a_over_apair=0.500503339 n=0.707462606 Jphi_over_h=0.708001730 Jr_over_h=-0.000539123 e=0.000000000 eps=-4.78117996085647461e+12 L=1.63927372884847448e-04 mu1=9.101556358e-24,7.487288273e-25,-1.675688598e-24 mu2=3.436404120e-24,5.623885308e-24,6.539869727e-24 nhat=1.588418722e-01,-9.839042675e-01,8.186361916e-02
102.282 MARGIN checkpoint=98 n=0.707462606 ratio=609.605503 kepler_ratio=609.141275 over=0.999238 periapsis_over_rstar=274.447930 separation_over_rstar=274.447944 period=1.078767769e-16
103.317 ACTION checkpoint=99 t=2.923332887e-10 a_over_apair=0.500498757 n=0.707459368 Jphi_over_h=0.708038717 Jr_over_h=-0.000579349 e=0.000000000 eps=-4.78122372945648926e+12 L=1.63935936818808056e-04 mu1=-2.276262724e-24,6.527495038e-24,6.198168424e-24 mu2=4.390838338e-24,-3.368836990e-24,7.455087612e-24 nhat=-7.791276177e-01,1.396342589e-01,6.111157248e-01
103.317 MARGIN checkpoint=99 n=0.707459368 ratio=609.637350 kepler_ratio=609.138487 over=0.999182 periapsis_over_rstar=274.476607 separation_over_rstar=274.476620 period=1.078936849e-16
104.387 ACTION checkpoint=100 t=2.935038273e-10 a_over_apair=0.500494177 n=0.707456130 Jphi_over_h=0.708075858 Jr_over_h=-0.000619727 e=0.000000000 eps=-4.78126749056596387e+12 L=1.63944536174480046e-04 mu1=5.892236240e-24,6.306935533e-24,-3.422129681e-24 mu2=-6.362787444e-24,6.715944879e-24,7.860506371e-25 nhat=6.600110018e-01,-6.441311852e-01,3.866270733e-01
104.387 MARGIN checkpoint=100 n=0.707456130 ratio=609.669329 kepler_ratio=609.135699 over=0.999125 periapsis_over_rstar=274.505403 separation_over_rstar=274.505417 period=1.079106647e-16
105.427 ACTION checkpoint=101 t=2.946743343e-10 a_over_apair=0.500489597 n=0.707452894 Jphi_over_h=0.708097070 Jr_over_h=-0.000644176 e=0.000000000 eps=-4.78131123918763574e+12 L=1.63949447470043046e-04 mu1=-9.263270490e-24,-1.153313564e-25,-6.207848186e-25 mu2=8.735028113e-27,-5.745002453e-24,7.293951316e-24 nhat=-9.771690823e-01,-1.848597952e-01,1.047255495e-01
105.427 MARGIN checkpoint=101 n=0.707452894 ratio=609.687593 kepler_ratio=609.132913 over=0.999090 periapsis_over_rstar=274.521850 separation_over_rstar=274.521864 period=1.079203631e-16
106.459 ACTION checkpoint=102 t=2.958448385e-10 a_over_apair=0.500485019 n=0.707449658 Jphi_over_h=0.708094326 Jr_over_h=-0.000644668 e=0.000000000 eps=-4.78135497720702539e+12 L=1.63948812300656531e-04 mu1=6.057271405e-24,3.308953077e-24,-6.210245401e-24 mu2=-5.687264029e-24,-2.373151714e-24,-6.944784668e-24 nhat=6.211718250e-01,-1.808720013e-01,7.625161526e-01
106.459 MARGIN checkpoint=102 n=0.707449658 ratio=609.685231 kepler_ratio=609.130127 over=0.999090 periapsis_over_rstar=274.519723 separation_over_rstar=274.519737 period=1.079191088e-16
107.502 ACTION checkpoint=103 t=2.970153292e-10 a_over_apair=0.500480440 n=0.707446422 Jphi_over_h=0.708074701 Jr_over_h=-0.000628279 e=0.000000000 eps=-4.78139871767250391e+12 L=1.63944268341532901e-04 mu1=-1.284365899e-24,-7.468040789e-24,-5.365223786e-24 mu2=4.349135187e-24,-6.247952957e-24,5.315539694e-24 nhat=-7.004768012e-01,-7.058130834e-01,-1.056415746e-01
107.502 MARGIN checkpoint=103 n=0.707446422 ratio=609.668333 kepler_ratio=609.127340 over=0.999113 periapsis_over_rstar=274.504506 separation_over_rstar=274.504520 period=1.079101358e-16
108.547 ACTION checkpoint=104 t=2.981857225e-10 a_over_apair=0.500475861 n=0.707443185 Jphi_over_h=0.708054211 Jr_over_h=-0.000611025 e=0.000000000 eps=-4.78144247045246094e+12 L=1.63939524101696467e-04 mu1=8.882845156e-24,2.658620905e-24,-4.833757252e-25 mu2=4.486681968e-24,-6.945590874e-24,-4.223186902e-24 nhat=6.232072515e-02,1.174209746e-01,9.911248367e-01
108.547 MARGIN checkpoint=104 n=0.707443185 ratio=609.650690 kepler_ratio=609.124554 over=0.999137 periapsis_over_rstar=274.488619 separation_over_rstar=274.488633 period=1.079007680e-16
109.601 ACTION checkpoint=105 t=2.993561222e-10 a_over_apair=0.500471281 n=0.707439949 Jphi_over_h=0.708047076 Jr_over_h=-0.000607127 e=0.000000000 eps=-4.78148622120406836e+12 L=1.63937872090675756e-04 mu1=8.316812584e-24,-3.552996632e-24,-2.100880446e-24 mu2=5.865555028e-24,1.485661913e-24,7.042366659e-24 nhat=-8.560186350e-02,-9.962654717e-01,1.128853006e-02
109.601 MARGIN checkpoint=105 n=0.707439949 ratio=609.644547 kepler_ratio=609.121767 over=0.999142 periapsis_over_rstar=274.483087 separation_over_rstar=274.483101 period=1.078975061e-16
110.634 ACTION checkpoint=106 t=3.005264864e-10 a_over_apair=0.500466701 n=0.707436711 Jphi_over_h=0.708062353 Jr_over_h=-0.000625642 e=0.000000000 eps=-4.78152998584301562e+12 L=1.63941409446254972e-04 mu1=3.043917241e-24,6.609318990e-24,5.767003173e-24 mu2=7.296407996e-24,-3.345390956e-24,4.666652439e-24 nhat=-5.954529999e-01,1.440807806e-01,7.903647598e-01
110.634 MARGIN checkpoint=106 n=0.707436711 ratio=609.657702 kepler_ratio=609.118979 over=0.999116 periapsis_over_rstar=274.494932 separation_over_rstar=274.494946 period=1.079044907e-16
111.671 ACTION checkpoint=107 t=3.016968185e-10 a_over_apair=0.500462121 n=0.707433475 Jphi_over_h=0.708096007 Jr_over_h=-0.000662533 e=0.000000000 eps=-4.78157373941932520e+12 L=1.63949201531694123e-04 mu1=7.794708512e-24,5.040172140e-24,-2.145676500e-25 mu2=-2.352365202e-24,7.557597265e-24,4.853447931e-24 nhat=4.996844215e-01,-8.044495017e-01,3.212109559e-01
111.671 MARGIN checkpoint=107 n=0.707433475 ratio=609.686678 kepler_ratio=609.116192 over=0.999064 periapsis_over_rstar=274.521026 separation_over_rstar=274.521040 period=1.079198774e-16
112.660 ACTION checkpoint=108 t=3.019437392e-10 a_over_apair=0.500457543 n=0.707430239 Jphi_over_h=0.708065435 Jr_over_h=-0.000635196 e=0.000000000 eps=-4.78161748007052148e+12 L=1.63942122929946967e-04 mu1=4.038553963e-24,7.099109131e-24,4.415833637e-24 mu2=-6.478925857e-24,5.067395434e-24,4.307189169e-24 nhat=5.278748091e-01,-4.584974388e-01,7.149323636e-01
112.660 MARGIN checkpoint=108 n=0.707430239 ratio=609.660355 kepler_ratio=609.113406 over=0.999103 periapsis_over_rstar=274.497322 separation_over_rstar=274.497335 period=1.079058995e-16
113.720 ACTION checkpoint=109 t=3.031139787e-10 a_over_apair=0.500452964 n=0.707427003 Jphi_over_h=0.708089404 Jr_over_h=-0.000662402 e=0.000000000 eps=-4.78166122761029980e+12 L=1.63947672689983666e-04 mu1=-8.611537762e-24,3.423713316e-24,-5.713665849e-25 mu2=-1.926871507e-24,3.576778016e-24,8.348693341e-24 nhat=-7.804041997e-01,-6.246367243e-01,2.825327828e-02
113.720 MARGIN checkpoint=109 n=0.707427003 ratio=609.680993 kepler_ratio=609.110620 over=0.999064 periapsis_over_rstar=274.515907 separation_over_rstar=274.515920 period=1.079168583e-16
114.797 ACTION checkpoint=110 t=3.042842291e-10 a_over_apair=0.500448385 n=0.707423766 Jphi_over_h=0.708126663 Jr_over_h=-0.000702896 e=0.000000000 eps=-4.78170497814452734e+12 L=1.63956299313093774e-04 mu1=-1.293084210e-24,9.076104119e-24,-1.469395290e-24 mu2=-7.876480982e-24,-4.260693585e-25,-4.897587929e-24 nhat=2.286509294e-01,1.096611639e-01,9.673123496e-01
114.797 MARGIN checkpoint=110 n=0.707423766 ratio=609.713073 kepler_ratio=609.107833 over=0.999007 periapsis_over_rstar=274.544796 separation_over_rstar=274.544810 period=1.079338944e-16
115.825 ACTION checkpoint=111 t=3.054544484e-10 a_over_apair=0.500443808 n=0.707420532 Jphi_over_h=0.708163241 Jr_over_h=-0.000742709 e=0.000000000 eps=-4.78174871011535059e+12 L=1.63964768465696951e-04 mu1=-4.664422333e-24,-6.462088462e-24,-4.763552485e-24 mu2=-5.065243126e-24,-2.109797436e-24,7.489921370e-24 nhat=-2.415105699e-01,-9.438957693e-01,-2.252408074e-01
115.825 MARGIN checkpoint=111 n=0.707420532 ratio=609.744568 kepler_ratio=609.105048 over=0.998951 periapsis_over_rstar=274.573160 separation_over_rstar=274.573174 period=1.079506212e-16
116.860 ACTION checkpoint=112 t=3.066246331e-10 a_over_apair=0.500439233 n=0.707417298 Jphi_over_h=0.708183250 Jr_over_h=-0.000765952 e=0.000000000 eps=-4.78179242857956543e+12 L=1.63969401168558688e-04 mu1=1.883547429e-24,7.644121279e-24,-4.922043704e-24 mu2=2.543016195e-24,-5.617324384e-24,-6.941584161e-24 nhat=-3.221291641e-01,3.955187472e-01,8.601149471e-01
116.860 MARGIN checkpoint=112 n=0.707417298 ratio=609.761796 kepler_ratio=609.102264 over=0.998918 periapsis_over_rstar=274.588676 separation_over_rstar=274.588690 period=1.079597717e-16
117.890 ACTION checkpoint=113 t=3.077948091e-10 a_over_apair=0.500434658 n=0.707414064 Jphi_over_h=0.708178976 Jr_over_h=-0.000764912 e=0.000000000 eps=-4.78183614312406641e+12 L=1.63968411637980415e-04 mu1=6.516461435e-24,-6.590535494e-24,-5.544614865e-25 mu2=-1.235967244e-24,-2.182351616e-24,8.939607467e-24 nhat=3.175316182e-01,-9.481225140e-01,-1.540681514e-02
117.890 MARGIN checkpoint=113 n=0.707414064 ratio=609.758116 kepler_ratio=609.099479 over=0.998920 periapsis_over_rstar=274.585362 separation_over_rstar=274.585376 period=1.079578171e-16
118.948 ACTION checkpoint=114 t=3.089649638e-10 a_over_apair=0.500430083 n=0.707410831 Jphi_over_h=0.708158946 Jr_over_h=-0.000748116 e=0.000000000 eps=-4.78187985886305176e+12 L=1.63963774076864878e-04 mu1=2.075882107e-24,9.046099254e-24,-2.562362895e-25 mu2=9.146741498e-24,-5.920345871e-25,1.481036900e-24 nhat=-8.096918080e-01,1.200015690e-01,5.744552198e-01
118.948 MARGIN checkpoint=114 n=0.707410831 ratio=609.740870 kepler_ratio=609.096695 over=0.998944 periapsis_over_rstar=274.569830 separation_over_rstar=274.569844 period=1.079486572e-16
119.979 ACTION checkpoint=115 t=3.101350193e-10 a_over_apair=0.500425508 n=0.707407597 Jphi_over_h=0.708139050 Jr_over_h=-0.000731454 e=0.000000000 eps=-4.78192357790623535e+12 L=1.63959167475178887e-04 mu1=6.905943813e-24,3.246809307e-24,5.288953078e-24 mu2=-4.015542477e-24,3.551846207e-24,7.580676910e-24 nhat=5.585482522e-01,-6.361412553e-01,5.323045681e-01
119.979 MARGIN checkpoint=115 n=0.707407597 ratio=609.723739 kepler_ratio=609.093911 over=0.998967 periapsis_over_rstar=274.554402 separation_over_rstar=274.554416 period=1.079395589e-16
121.005 ACTION checkpoint=116 t=3.113050842e-10 a_over_apair=0.500420931 n=0.707404362 Jphi_over_h=0.708133030 Jr_over_h=-0.000728668 e=0.000000000 eps=-4.78196731455892773e+12 L=1.63957773526058340e-04 mu1=-5.811302530e-24,7.210260997e-24,6.691446279e-25 mu2=2.128419394e-24,5.010078295e-24,7.521688749e-24 nhat=-8.757950096e-01,-4.456283638e-01,1.854682250e-01
121.005 MARGIN checkpoint=116 n=0.707404362 ratio=609.718555 kepler_ratio=609.091125 over=0.998971 periapsis_over_rstar=274.549734 separation_over_rstar=274.549747 period=1.079368059e-16
122.044 ACTION checkpoint=117 t=3.124751191e-10 a_over_apair=0.500416355 n=0.707401127 Jphi_over_h=0.708149821 Jr_over_h=-0.000748694 e=0.000000000 eps=-4.78201104268626074e+12 L=1.63961661260173826e-04 mu1=-7.672036328e-25,8.905415641e-24,2.512334796e-24 mu2=-8.975732732e-24,2.339424599e-24,-4.125163606e-25 nhat=3.522328182e-01,-1.136153461e-01,9.289906323e-01
122.044 MARGIN checkpoint=117 n=0.707401127 ratio=609.733013 kepler_ratio=609.088341 over=0.998943 periapsis_over_rstar=274.562754 separation_over_rstar=274.562767 period=1.079444842e-16
123.071 ACTION checkpoint=118 t=3.136451294e-10 a_over_apair=0.500411779 n=0.707397893 Jphi_over_h=0.708184361 Jr_over_h=-0.000786469 e=0.000000000 eps=-4.78205477169541016e+12 L=1.63969658608605399e-04 mu1=-8.192262855e-24,-1.921239768e-24,-3.924604736e-24 mu2=-5.927256965e-24,1.694789685e-24,6.942778123e-24 nhat=-4.442131290e-01,-8.878691315e-01,-1.198461575e-01
123.071 MARGIN checkpoint=118 n=0.707397893 ratio=609.762753 kepler_ratio=609.085556 over=0.998889 periapsis_over_rstar=274.589538 separation_over_rstar=274.589552 period=1.079602802e-16
124.144 ACTION checkpoint=119 t=3.148150950e-10 a_over_apair=0.500407204 n=0.707394659 Jphi_over_h=0.708223352 Jr_over_h=-0.000828693 e=0.000000000 eps=-4.78209848983125977e+12 L=1.63978686369833210e-04 mu1=-2.155596471e-24,7.844341322e-24,-4.475105402e-24 mu2=-3.397203147e-24,-4.422646982e-24,-7.423345588e-24 nhat=-1.775519522e-01,3.198916460e-01,9.306689202e-01
124.144 MARGIN checkpoint=119 n=0.707394659 ratio=609.796325 kepler_ratio=609.082772 over=0.998830 periapsis_over_rstar=274.619776 separation_over_rstar=274.619789 period=1.079781132e-16
125.181 ACTION checkpoint=120 t=3.159850378e-10 a_over_apair=0.500402632 n=0.707391427 Jphi_over_h=0.708251778 Jr_over_h=-0.000860350 e=0.000000000 eps=-4.78214218843628125e+12 L=1.63985267871641734e-04 mu1=1.560565902e-24,-8.379056499e-24,-3.682784479e-24 mu2=-4.641662190e-24,-3.646469534e-24,7.166944072e-24 nhat=1.996349945e-01,-9.726790517e-01,-1.184961242e-01
125.181 MARGIN checkpoint=120 n=0.707391427 ratio=609.820800 kepler_ratio=609.079989 over=0.998785 periapsis_over_rstar=274.641821 separation_over_rstar=274.641834 period=1.079911153e-16
126.222 ACTION checkpoint=121 t=3.171549056e-10 a_over_apair=0.500398059 n=0.707388196 Jphi_over_h=0.708256815 Jr_over_h=-0.000868619 e=0.000000000 eps=-4.78218588210472266e+12 L=1.63986434052728816e-04 mu1=2.057720365e-24,8.066995621e-24,-4.110501652e-24 mu2=7.770108583e-24,-3.884551806e-24,-3.277579160e-24 nhat=-7.062843245e-01,2.958952625e-01,6.431239745e-01
126.222 MARGIN checkpoint=121 n=0.707388196 ratio=609.825137 kepler_ratio=609.077206 over=0.998774 periapsis_over_rstar=274.645727 separation_over_rstar=274.645741 period=1.079934192e-16
127.266 ACTION checkpoint=122 t=3.183247983e-10 a_over_apair=0.500393488 n=0.707384964 Jphi_over_h=0.708240736 Jr_over_h=-0.000855772 e=0.000000000 eps=-4.78222957423342285e+12 L=1.63982711293315605e-04 mu1=8.342090494e-24,-1.878859001e-24,3.617495033e-24 mu2=-2.820864482e-24,6.426350137e-27,8.845876867e-24 nhat=5.768333345e-01,-7.561942204e-01,3.089232999e-01
127.266 MARGIN checkpoint=122 n=0.707384964 ratio=609.811293 kepler_ratio=609.074424 over=0.998792 periapsis_over_rstar=274.633257 separation_over_rstar=274.633271 period=1.079860645e-16
128.303 ACTION checkpoint=123 t=3.194946113e-10 a_over_apair=0.500388916 n=0.707381733 Jphi_over_h=0.708218571 Jr_over_h=-0.000836838 e=0.000000000 eps=-4.78227326705434375e+12 L=1.63977579302807051e-04 mu1=-2.096040133e-24,9.044517582e-24,-1.008600442e-25 mu2=6.570982986e-24,3.831304724e-24,5.324485137e-24 nhat=-9.309869721e-01,-2.164574411e-01,2.939548163e-01
128.303 MARGIN checkpoint=123 n=0.707381733 ratio=609.792208 kepler_ratio=609.071641 over=0.998818 periapsis_over_rstar=274.616068 separation_over_rstar=274.616081 period=1.079759263e-16
129.366 ACTION checkpoint=124 t=3.206644225e-10 a_over_apair=0.500384342 n=0.707378500 Jphi_over_h=0.708206165 Jr_over_h=-0.000827665 e=0.000000000 eps=-4.78231697711278027e+12 L=1.63974707006649893e-04 mu1=2.167939123e-24,7.128155971e-24,5.540423060e-24 mu2=-7.759627737e-24,3.102860624e-24,4.045650579e-24 nhat=4.829247885e-01,-3.067889253e-01,8.201610841e-01
129.366 MARGIN checkpoint=124 n=0.707378500 ratio=609.781527 kepler_ratio=609.068858 over=0.998831 periapsis_over_rstar=274.606447 separation_over_rstar=274.606461 period=1.079702523e-16
130.394 ACTION checkpoint=125 t=3.218341722e-10 a_over_apair=0.500379769 n=0.707375267 Jphi_over_h=0.708213921 Jr_over_h=-0.000838654 e=0.000000000 eps=-4.78236068595934277e+12 L=1.63976502754545735e-04 mu1=-8.418255326e-24,3.064362957e-24,-2.439162193e-24 mu2=-3.527255786e-24,5.066618682e-24,6.935034032e-24 nhat=-6.438671339e-01,-7.651112661e-01,-6.313829572e-03
130.394 MARGIN checkpoint=125 n=0.707375267 ratio=609.788205 kepler_ratio=609.066075 over=0.998816 periapsis_over_rstar=274.612462 separation_over_rstar=274.612476 period=1.079737996e-16
131.422 ACTION checkpoint=126 t=3.230038524e-10 a_over_apair=0.500375196 n=0.707372035 Jphi_over_h=0.708242398 Jr_over_h=-0.000870363 e=0.000000000 eps=-4.78240439144414844e+12 L=1.63983096091536019e-04 mu1=-4.133371503e-24,8.240882999e-24,-1.099973949e-24 mu2=-7.727887864e-24,-1.848949325e-24,-4.802914826e-24 nhat=1.363299340e-03,1.543526034e-01,9.880148861e-01
131.422 MARGIN checkpoint=126 n=0.707372035 ratio=609.812724 kepler_ratio=609.063292 over=0.998771 periapsis_over_rstar=274.634546 separation_over_rstar=274.634560 period=1.079868247e-16
132.457 ACTION checkpoint=127 t=3.241735657e-10 a_over_apair=0.500370624 n=0.707368803 Jphi_over_h=0.708280782 Jr_over_h=-0.000911979 e=0.000000000 eps=-4.78244809507149707e+12 L=1.63991983375612218e-04 mu1=-3.915025821e-24,-6.514080653e-24,-5.333496165e-24 mu2=-7.460739767e-24,-1.492408731e-24,5.321365763e-24 nhat=-2.347302260e-03,-9.946070315e-01,-1.036886835e-01
132.457 MARGIN checkpoint=127 n=0.707368803 ratio=609.845773 kepler_ratio=609.060509 over=0.998712 periapsis_over_rstar=274.664315 separation_over_rstar=274.664329 period=1.080043831e-16
133.509 ACTION checkpoint=128 t=3.253432531e-10 a_over_apair=0.500366053 n=0.707365573 Jphi_over_h=0.708314512 Jr_over_h=-0.000948939 e=0.000000000 eps=-4.78249177561703223e+12 L=1.63999792951703471e-04 mu1=-1.172010500e-24,6.748051160e-24,-6.268736093e-24 mu2=2.977815806e-24,-5.753383497e-24,-6.651168817e-24 nhat=-5.874229022e-01,3.376897835e-01,7.354590023e-01
133.509 MARGIN checkpoint=128 n=0.707365573 ratio=609.874815 kepler_ratio=609.057727 over=0.998660 periapsis_over_rstar=274.690476 separation_over_rstar=274.690490 period=1.080198139e-16
134.566 ACTION checkpoint=129 t=3.265128917e-10 a_over_apair=0.500361484 n=0.707362343 Jphi_over_h=0.708329115 Jr_over_h=-0.000966772 e=0.000000000 eps=-4.78253545015187305e+12 L=1.64003174145804163e-04 mu1=6.680222702e-24,-6.448367798e-24,5.715597590e-27 mu2=-4.034897713e-24,-3.599828454e-24,7.547694404e-24 nhat=5.427191992e-01,-8.293208684e-01,1.329765695e-01
134.566 MARGIN checkpoint=129 n=0.707362343 ratio=609.887389 kepler_ratio=609.054946 over=0.998635 periapsis_over_rstar=274.701803 separation_over_rstar=274.701816 period=1.080264952e-16
135.604 ACTION checkpoint=130 t=3.276824945e-10 a_over_apair=0.500356915 n=0.707359113 Jphi_over_h=0.708320319 Jr_over_h=-0.000961206 e=0.000000000 eps=-4.78257911972106641e+12 L=1.64001137662479361e-04 mu1=4.865118295e-25,8.758441159e-24,-3.043003447e-24 mu2=9.158386375e-24,4.430698300e-25,1.460993981e-24 nhat=-9.312168684e-01,1.943429384e-02,3.639470458e-01
135.604 MARGIN checkpoint=130 n=0.707359113 ratio=609.879816 kepler_ratio=609.052166 over=0.998643 periapsis_over_rstar=274.694981 separation_over_rstar=274.694994 period=1.080224710e-16
136.647 ACTION checkpoint=131 t=3.288520538e-10 a_over_apair=0.500352347 n=0.707355884 Jphi_over_h=0.708298927 Jr_over_h=-0.000943043 e=0.000000000 eps=-4.78262278872956348e+12 L=1.63996184643256813e-04 mu1=5.846102859e-24,3.396548824e-24,6.363441894e-24 mu2=-5.782716035e-24,1.314361685e-24,7.144193719e-24 nhat=6.122122083e-01,-4.544715051e-01,6.470331236e-01
136.647 MARGIN checkpoint=131 n=0.707355884 ratio=609.861397 kepler_ratio=609.049385 over=0.998669 periapsis_over_rstar=274.678389 separation_over_rstar=274.678402 period=1.080126841e-16
137.687 ACTION checkpoint=132 t=3.300216152e-10 a_over_apair=0.500347777 n=0.707352654 Jphi_over_h=0.708282043 Jr_over_h=-0.000929389 e=0.000000000 eps=-4.78266647032292578e+12 L=1.63992275298624349e-04 mu1=-6.035675683e-24,6.828720270e-24,-1.773711873e-24 mu2=1.055613963e-24,6.411080424e-24,6.632539652e-24 nhat=-8.110916818e-01,-5.810380853e-01,6.726832188e-02
137.687 MARGIN checkpoint=132 n=0.707352654 ratio=609.846859 kepler_ratio=609.046604 over=0.998688 periapsis_over_rstar=274.665293 separation_over_rstar=274.665307 period=1.080049599e-16
138.737 ACTION checkpoint=133 t=3.311910929e-10 a_over_apair=0.500343206 n=0.707349423 Jphi_over_h=0.708281292 Jr_over_h=-0.000931869 e=0.000000000 eps=-4.78271015936659570e+12 L=1.63992101379047313e-04 mu1=-3.014443017e-24,8.235785157e-24,3.048250551e-24 mu2=-9.263715403e-24,3.177946661e-25,-5.379951328e-25 nhat=2.032135858e-01,-1.077342784e-02,9.790751615e-01
138.737 MARGIN checkpoint=133 n=0.707349423 ratio=609.846212 kepler_ratio=609.043822 over=0.998684 periapsis_over_rstar=274.664711 separation_over_rstar=274.664724 period=1.080046163e-16
139.776 ACTION checkpoint=134 t=3.323605669e-10 a_over_apair=0.500338636 n=0.707346193 Jphi_over_h=0.708302531 Jr_over_h=-0.000956338 e=0.000000000 eps=-4.78275384116368359e+12 L=1.63997019078211459e-04 mu1=-7.348708020e-24,-2.185761181e-24,-5.236964175e-24 mu2=-7.564307831e-24,2.449145414e-24,4.794766841e-24 nhat=-2.555286194e-01,-9.651595332e-01,-5.632228850e-02
139.776 MARGIN checkpoint=134 n=0.707346193 ratio=609.864500 kepler_ratio=609.041041 over=0.998650 periapsis_over_rstar=274.681184 separation_over_rstar=274.681197 period=1.080143329e-16
140.804 ACTION checkpoint=135 t=3.335300381e-10 a_over_apair=0.500334066 n=0.707342962 Jphi_over_h=0.708339157 Jr_over_h=-0.000996195 e=0.000000000 eps=-4.78279752760325879e+12 L=1.64005499326568129e-04 mu1=-4.833329449e-24,6.239945944e-24,-4.889668326e-24 mu2=-2.916786536e-24,-5.324402727e-24,-7.024951756e-24 nhat=-4.176109186e-01,2.664472104e-01,8.686811870e-01
140.804 MARGIN checkpoint=135 n=0.707342962 ratio=609.896036 kepler_ratio=609.038259 over=0.998594 periapsis_over_rstar=274.709592 separation_over_rstar=274.709606 period=1.080310900e-16
141.836 ACTION checkpoint=136 t=3.346994746e-10 a_over_apair=0.500329499 n=0.707339734 Jphi_over_h=0.708377024 Jr_over_h=-0.001037291 e=0.000000000 eps=-4.78284119172775879e+12 L=1.64014266834032658e-04 mu1=2.165127014e-24,-8.205765978e-24,-3.766229547e-24 mu2=-6.796186750e-24,-4.296254513e-24,4.643371414e-24 nhat=4.093608740e-01,-9.099094398e-01,6.699616513e-02
141.836 MARGIN checkpoint=136 n=0.707339734 ratio=609.928640 kepler_ratio=609.035479 over=0.998536 periapsis_over_rstar=274.738964 separation_over_rstar=274.738978 period=1.080484165e-16
142.823 ACTION checkpoint=137 t=3.349029298e-10 a_over_apair=0.500324932 n=0.707336505 Jphi_over_h=0.708339743 Jr_over_h=-0.001003237 e=0.000000000 eps=-4.78288484627213574e+12 L=1.64005634824474834e-04 mu1=4.824655072e-24,-7.121171221e-24,-3.495494121e-24 mu2=-6.442313115e-24,-6.656834409e-24,-6.245099265e-25 nhat=5.846683530e-01,-6.480331203e-01,4.880737567e-01
142.824 MARGIN checkpoint=137 n=0.707336505 ratio=609.896540 kepler_ratio=609.032700 over=0.998584 periapsis_over_rstar=274.710046 separation_over_rstar=274.710060 period=1.080313577e-16
143.878 ACTION checkpoint=138 t=3.360722612e-10 a_over_apair=0.500320364 n=0.707333277 Jphi_over_h=0.708378812 Jr_over_h=-0.001045535 e=0.000000000 eps=-4.78292851014854492e+12 L=1.64014680651853407e-04 mu1=-8.615256729e-26,1.385182603e-24,-9.180452177e-24 mu2=8.807595395e-24,-2.691375101e-24,-1.178820896e-24 nhat=-9.480042388e-01,-3.027911011e-01,9.800771565e-02
143.878 MARGIN checkpoint=138 n=0.707333277 ratio=609.930179 kepler_ratio=609.029920 over=0.998524 periapsis_over_rstar=274.740350 separation_over_rstar=274.740364 period=1.080492343e-16
144.935 ACTION checkpoint=139 t=3.372415700e-10 a_over_apair=0.500315798 n=0.707330049 Jphi_over_h=0.708408167 Jr_over_h=-0.001078119 e=0.000000000 eps=-4.78297216822295508e+12 L=1.64021477552965360e-04 mu1=7.405272779e-24,-2.635169261e-25,5.594582127e-24 mu2=-3.887761585e-24,-7.261848973e-24,4.284590369e-24 nhat=5.865950379e-01,-8.067018398e-02,8.058527055e-01
144.935 MARGIN checkpoint=139 n=0.707330049 ratio=609.955455 kepler_ratio=609.027140 over=0.998478 periapsis_over_rstar=274.763122 separation_over_rstar=274.763135 period=1.080626678e-16
145.982 ACTION checkpoint=140 t=3.384109161e-10 a_over_apair=0.500311233 n=0.707326822 Jphi_over_h=0.708414168 Jr_over_h=-0.001087347 e=0.000000000 eps=-4.78301581079846484e+12 L=1.64022866977642153e-04 mu1=-6.418335213e-25,5.306991252e-24,-7.591491873e-24 mu2=4.410038936e-24,6.737369554e-24,4.622365558e-24 nhat=-6.559066538e-01,-7.213960853e-01,-2.222029469e-01
145.982 MARGIN checkpoint=140 n=0.707326822 ratio=609.960622 kepler_ratio=609.024362 over=0.998465 periapsis_over_rstar=274.767777 separation_over_rstar=274.767790 period=1.080654140e-16
147.042 ACTION checkpoint=141 t=3.395801839e-10 a_over_apair=0.500306668 n=0.707323595 Jphi_over_h=0.708399059 Jr_over_h=-0.001075464 e=0.000000000 eps=-4.78305945092195703e+12 L=1.64019368666733158e-04 mu1=-2.564847515e-24,6.167652011e-24,6.448913177e-24 mu2=-7.317392978e-24,-4.875473001e-24,2.982009103e-24 nhat=8.940264499e-02,2.268128401e-01,9.698263260e-01
147.042 MARGIN checkpoint=141 n=0.707323595 ratio=609.947613 kepler_ratio=609.021583 over=0.998482 periapsis_over_rstar=274.756056 separation_over_rstar=274.756070 period=1.080584996e-16
148.087 ACTION checkpoint=142 t=3.407493769e-10 a_over_apair=0.500302102 n=0.707320367 Jphi_over_h=0.708376860 Jr_over_h=-0.001056493 e=0.000000000 eps=-4.78310310291719629e+12 L=1.64014228864831985e-04 mu1=-4.371844273e-24,9.196186013e-25,-8.139295704e-24 mu2=-6.867580844e-24,5.947584971e-24,1.915573449e-24 nhat=-8.216028913e-02,-9.949247878e-01,-5.808918606e-02
148.087 MARGIN checkpoint=142 n=0.707320367 ratio=609.928499 kepler_ratio=609.018804 over=0.998509 periapsis_over_rstar=274.738837 separation_over_rstar=274.738850 period=1.080483414e-16
149.153 ACTION checkpoint=143 t=3.419185680e-10 a_over_apair=0.500297536 n=0.707317139 Jphi_over_h=0.708363849 Jr_over_h=-0.001046709 e=0.000000000 eps=-4.78314675681654297e+12 L=1.64011216224381565e-04 mu1=-8.561040171e-24,2.789624139e-24,-2.265710404e-24 mu2=-4.614598262e-24,-7.213336545e-24,-3.588887578e-24 nhat=-5.719125748e-01,1.477516341e-01,8.068986686e-01
149.153 MARGIN checkpoint=143 n=0.707317139 ratio=609.917296 kepler_ratio=609.016025 over=0.998522 periapsis_over_rstar=274.728744 separation_over_rstar=274.728758 period=1.080423876e-16
150.183 ACTION checkpoint=144 t=3.430876947e-10 a_over_apair=0.500292969 n=0.707313911 Jphi_over_h=0.708370742 Jr_over_h=-0.001056831 e=0.000000000 eps=-4.78319041776812891e+12 L=1.64012812300236028e-04 mu1=9.855511417e-25,-6.142059662e-24,-6.892796772e-24 mu2=-8.340830070e-24,-3.353141920e-24,-2.322465990e-24 nhat=4.371203019e-01,-8.247128632e-01,3.588516894e-01
150.183 MARGIN checkpoint=144 n=0.707313911 ratio=609.923231 kepler_ratio=609.013246 over=0.998508 periapsis_over_rstar=274.734091 separation_over_rstar=274.734105 period=1.080455419e-16
151.218 ACTION checkpoint=145 t=3.442567474e-10 a_over_apair=0.500288402 n=0.707310683 Jphi_over_h=0.708398650 Jr_over_h=-0.001087967 e=0.000000000 eps=-4.78323408223614453e+12 L=1.64019273911959903e-04 mu1=-3.115122644e-24,-1.074433237e-24,-8.680349037e-24 mu2=5.453891774e-24,-6.529031045e-24,-3.719364650e-24 nhat=-9.232865751e-01,-1.980139064e-01,3.291388661e-01
151.218 MARGIN checkpoint=145 n=0.707310683 ratio=609.947260 kepler_ratio=609.010466 over=0.998464 periapsis_over_rstar=274.755739 separation_over_rstar=274.755752 period=1.080583124e-16
152.246 ACTION checkpoint=146 t=3.454258303e-10 a_over_apair=0.500283837 n=0.707307456 Jphi_over_h=0.708436890 Jr_over_h=-0.001129434 e=0.000000000 eps=-4.78327772674478223e+12 L=1.64028127887713666e-04 mu1=8.140522108e-24,-4.308486612e-24,1.172901616e-24 mu2=-3.316453856e-24,-8.650958220e-24,6.073804197e-25 nhat=5.990383627e-01,-2.825403193e-01,7.492155951e-01
152.246 MARGIN checkpoint=146 n=0.707307456 ratio=609.980186 kepler_ratio=609.007687 over=0.998406 periapsis_over_rstar=274.785403 separation_over_rstar=274.785417 period=1.080758127e-16
153.286 ACTION checkpoint=147 t=3.465948864e-10 a_over_apair=0.500279273 n=0.707304229 Jphi_over_h=0.708471097 Jr_over_h=-0.001166867 e=0.000000000 eps=-4.78332136759644043e+12 L=1.64036047926396222e-04 mu1=1.998387040e-24,2.433263130e-24,-8.734559809e-24 mu2=8.515903276e-24,2.536220970e-24,2.693293498e-24 nhat=-7.672540628e-01,-6.204273266e-01,-1.624534874e-01
153.286 MARGIN checkpoint=147 n=0.707304229 ratio=610.009639 kepler_ratio=609.004909 over=0.998353 periapsis_over_rstar=274.811939 separation_over_rstar=274.811953 period=1.080914687e-16
154.370 ACTION checkpoint=148 t=3.477638956e-10 a_over_apair=0.500274710 n=0.707301004 Jphi_over_h=0.708486576 Jr_over_h=-0.001185572 e=0.000000000 eps=-4.78336499173743945e+12 L=1.64039631820004592e-04 mu1=3.021781832e-24,4.105656060e-24,7.760108128e-24 mu2=-4.257647314e-24,-6.753171892e-24,4.740671263e-24 nhat=2.814641683e-01,2.127881597e-01,9.356811001e-01
154.370 MARGIN checkpoint=148 n=0.707301004 ratio=610.022966 kepler_ratio=609.002132 over=0.998327 periapsis_over_rstar=274.823948 separation_over_rstar=274.823961 period=1.080985536e-16
155.397 ACTION checkpoint=149 t=3.489328734e-10 a_over_apair=0.500270148 n=0.707297779 Jphi_over_h=0.708478296 Jr_over_h=-0.001180517 e=0.000000000 eps=-4.78340860962647070e+12 L=1.64037714885815193e-04 mu1=-1.837234955e-24,3.905985142e-24,-8.220383389e-24 mu2=-1.906597964e-24,8.206404947e-24,3.902134971e-24 nhat=-2.665732538e-01,-9.394695776e-01,-2.152570859e-01
155.397 MARGIN checkpoint=149 n=0.707297779 ratio=610.015838 kepler_ratio=608.999355 over=0.998334 periapsis_over_rstar=274.817525 separation_over_rstar=274.817538 period=1.080947640e-16
156.444 ACTION checkpoint=150 t=3.501018101e-10 a_over_apair=0.500265586 n=0.707294554 Jphi_over_h=0.708457058 Jr_over_h=-0.001162504 e=0.000000000 eps=-4.78345223464163184e+12 L=1.64032797362856505e-04 mu1=-7.486447618e-24,4.860883293e-24,2.555732956e-24 mu2=-6.430641603e-24,-6.697167469e-24,4.064164517e-26 nhat=-3.521070455e-01,2.659500925e-01,8.973801741e-01
156.444 MARGIN checkpoint=150 n=0.707294554 ratio=609.997551 kepler_ratio=608.996578 over=0.998359 periapsis_over_rstar=274.801048 separation_over_rstar=274.801062 period=1.080850429e-16
157.492 ACTION checkpoint=151 t=3.512707499e-10 a_over_apair=0.500261023 n=0.707291328 Jphi_over_h=0.708439883 Jr_over_h=-0.001148555 e=0.000000000 eps=-4.78349586659175977e+12 L=1.64028820819844747e-04 mu1=-1.661590662e-24,-2.934393926e-24,-8.650740086e-24 mu2=-9.026346082e-24,1.390311462e-24,-1.673010972e-24 nhat=2.879702915e-01,-9.413634914e-01,1.758063943e-01
157.492 MARGIN checkpoint=151 n=0.707291328 ratio=609.982763 kepler_ratio=608.993801 over=0.998379 periapsis_over_rstar=274.787725 separation_over_rstar=274.787738 period=1.080771824e-16
158.533 ACTION checkpoint=152 t=3.524396046e-10 a_over_apair=0.500256460 n=0.707288102 Jphi_over_h=0.708438437 Jr_over_h=-0.001150335 e=0.000000000 eps=-4.78353950045388770e+12 L=1.64028486110522856e-04 mu1=-6.742519432e-24,-9.865402157e-25,-6.306506591e-24 mu2=7.517602123e-25,-8.304473865e-24,-4.083800397e-24 nhat=-8.415339727e-01,-5.635061230e-02,5.372570905e-01
158.533 MARGIN checkpoint=152 n=0.707288102 ratio=609.981518 kepler_ratio=608.991023 over=0.998376 periapsis_over_rstar=274.786603 separation_over_rstar=274.786617 period=1.080765208e-16
159.592 ACTION checkpoint=153 t=3.536084522e-10 a_over_apair=0.500251895 n=0.707284876 Jphi_over_h=0.708459147 Jr_over_h=-0.001174271 e=0.000000000 eps=-4.78358314590120215e+12 L=1.64033281072109170e-04 mu1=5.974610999e-24,-6.131315149e-24,-3.594141515e-24 mu2=-4.964458141e-24,-7.336290952e-24,-2.782057820e-24 nhat=5.596570629e-01,-5.210091397e-01,6.444636905e-01
159.592 MARGIN checkpoint=153 n=0.707284876 ratio=609.999349 kepler_ratio=608.988245 over=0.998342 periapsis_over_rstar=274.802669 separation_over_rstar=274.802682 period=1.080859991e-16
160.622 ACTION checkpoint=154 t=3.547772942e-10 a_over_apair=0.500247333 n=0.707281650 Jphi_over_h=0.708495669 Jr_over_h=-0.001214019 e=0.000000000 eps=-4.78362677270859082e+12 L=1.64041737272328417e-04 mu1=1.190984381e-24,-1.391240556e-24,-9.102354706e-24 mu2=8.889173581e-24,-2.677768936e-24,-1.378471705e-25 nhat=-8.569635539e-01,-5.147812129e-01,2.477438217e-02
160.622 MARGIN checkpoint=154 n=0.707281650 ratio=610.030796 kepler_ratio=608.985468 over=0.998286 periapsis_over_rstar=274.831003 separation_over_rstar=274.831016 period=1.081027160e-16
161.658 ACTION checkpoint=155 t=3.559461007e-10 a_over_apair=0.500242771 n=0.707278426 Jphi_over_h=0.708533761 Jr_over_h=-0.001255335 e=0.000000000 eps=-4.78367039421121875e+12 L=1.64050556934302525e-04 mu1=7.390249122e-24,3.162322747e-25,5.611690507e-24 mu2=-1.319291630e-24,-8.744279798e-24,2.829115707e-24 nhat=3.901455896e-01,7.610553788e-02,9.176025098e-01
161.658 MARGIN checkpoint=155 n=0.707278426 ratio=610.063594 kepler_ratio=608.982692 over=0.998228 periapsis_over_rstar=274.860556 separation_over_rstar=274.860570 period=1.081201533e-16
162.694 ACTION checkpoint=156 t=3.571148796e-10 a_over_apair=0.500238211 n=0.707275202 Jphi_over_h=0.708557441 Jr_over_h=-0.001282239 e=0.000000000 eps=-4.78371400122791504e+12 L=1.64056039784332908e-04 mu1=2.180622333e-24,3.606776667e-24,-8.273022639e-24 mu2=4.098109085e-24,6.960703943e-24,4.578313862e-24 nhat=-4.175427528e-01,-8.674174408e-01,-2.706381957e-01
162.694 MARGIN checkpoint=156 n=0.707275202 ratio=610.083983 kepler_ratio=608.979916 over=0.998190 periapsis_over_rstar=274.878929 separation_over_rstar=274.878942 period=1.081309943e-16
163.757 ACTION checkpoint=157 t=3.582836675e-10 a_over_apair=0.500233652 n=0.707271979 Jphi_over_h=0.708557888 Jr_over_h=-0.001285909 e=0.000000000 eps=-4.78375759729258398e+12 L=1.64056143211354684e-04 mu1=-3.176820483e-24,5.759812845e-24,6.552802674e-24 mu2=-4.950322813e-24,-6.946802977e-24,3.666481654e-24 nhat=-1.370188386e-01,3.532169417e-01,9.254532025e-01
163.757 MARGIN checkpoint=157 n=0.707271979 ratio=610.084368 kepler_ratio=608.977141 over=0.998185 periapsis_over_rstar=274.879275 separation_over_rstar=274.879289 period=1.081311988e-16
164.804 ACTION checkpoint=158 t=3.594523495e-10 a_over_apair=0.500229093 n=0.707268756 Jphi_over_h=0.708539123 Jr_over_h=-0.001270367 e=0.000000000 eps=-4.78380119551437305e+12 L=1.64051798345333654e-04 mu1=-1.618684355e-24,1.036646850e-24,-9.083615995e-24 mu2=-7.055543819e-24,5.992449788e-24,7.188200268e-25 nhat=1.414071973e-01,-9.891861421e-01,-3.892018628e-02
164.804 MARGIN checkpoint=158 n=0.707268756 ratio=610.068211 kepler_ratio=608.974366 over=0.998207 periapsis_over_rstar=274.864716 separation_over_rstar=274.864729 period=1.081226078e-16
165.845 ACTION checkpoint=159 t=3.606210468e-10 a_over_apair=0.500224533 n=0.707265533 Jphi_over_h=0.708517758 Jr_over_h=-0.001252226 e=0.000000000 eps=-4.78384480406537012e+12 L=1.64046851712545646e-04 mu1=-8.922093948e-24,1.158892473e-24,-2.293482745e-24 mu2=-3.086906532e-24,-8.512163492e-24,-2.054491670e-24 nhat=-7.153333390e-01,1.225188365e-01,6.879588278e-01
165.845 MARGIN checkpoint=159 n=0.707265533 ratio=610.049815 kepler_ratio=608.971590 over=0.998233 periapsis_over_rstar=274.848140 separation_over_rstar=274.848154 period=1.081128275e-16
166.883 ACTION checkpoint=160 t=3.617896383e-10 a_over_apair=0.500219974 n=0.707262309 Jphi_over_h=0.708509032 Jr_over_h=-0.001246723 e=0.000000000 eps=-4.78388841200279199e+12 L=1.64044831351439557e-04 mu1=2.831813591e-24,-5.177091459e-24,-7.168361813e-24 mu2=-7.395115384e-24,-3.776773408e-24,-4.153926619e-24 nhat=5.054947425e-01,-7.189823734e-01,4.770109139e-01
166.883 MARGIN checkpoint=160 n=0.707262309 ratio=610.042302 kepler_ratio=608.968815 over=0.998240 periapsis_over_rstar=274.841370 separation_over_rstar=274.841384 period=1.081088331e-16
167.918 ACTION checkpoint=161 t=3.629581867e-10 a_over_apair=0.500215412 n=0.707259084 Jphi_over_h=0.708521549 Jr_over_h=-0.001262465 e=0.000000000 eps=-4.78393203498532422e+12 L=1.64047729494768991e-04 mu1=-2.281302229e-24,-3.422910865e-24,-8.323833049e-24 mu2=6.006796986e-24,-6.738882794e-24,-2.170876307e-24 nhat=-9.017637772e-01,-3.605015630e-01,2.384548453e-01
167.918 MARGIN checkpoint=161 n=0.707259084 ratio=610.053079 kepler_ratio=608.966038 over=0.998218 periapsis_over_rstar=274.851081 separation_over_rstar=274.851095 period=1.081145630e-16
168.966 ACTION checkpoint=162 t=3.641267970e-10 a_over_apair=0.500210852 n=0.707255861 Jphi_over_h=0.708553561 Jr_over_h=-0.001297701 e=0.000000000 eps=-4.78397564555330078e+12 L=1.64055141375673023e-04 mu1=8.631416388e-24,-3.221805961e-24,1.151291778e-24 mu2=-9.962158353e-25,-9.171280747e-24,-1.049770802e-24 nhat=4.599168889e-01,-1.603314988e-01,8.733671999e-01
168.966 MARGIN checkpoint=162 n=0.707255861 ratio=610.080642 kepler_ratio=608.963263 over=0.998168 periapsis_over_rstar=274.875918 separation_over_rstar=274.875932 period=1.081292179e-16
169.995 ACTION checkpoint=163 t=3.652953495e-10 a_over_apair=0.500206294 n=0.707252638 Jphi_over_h=0.708592612 Jr_over_h=-0.001339974 e=0.000000000 eps=-4.78401924661023535e+12 L=1.64064183047193783e-04 mu1=4.233292107e-24,1.951624102e-25,-8.261235068e-24 mu2=8.249621938e-24,2.628554525e-24,3.352803941e-24 nhat=-5.770251520e-01,-7.974035171e-01,-1.766057893e-01
169.995 MARGIN checkpoint=163 n=0.707252638 ratio=610.114266 kepler_ratio=608.960488 over=0.998109 periapsis_over_rstar=274.906218 separation_over_rstar=274.906231 period=1.081470971e-16
171.035 ACTION checkpoint=164 t=3.664638789e-10 a_over_apair=0.500201736 n=0.707249415 Jphi_over_h=0.708624100 Jr_over_h=-0.001374685 e=0.000000000 eps=-4.78406283834724805e+12 L=1.64071473624390448e-04 mu1=2.748929945e-24,4.328159536e-24,7.740624940e-24 mu2=-1.159285929e-24,-7.990114237e-24,4.584864871e-24 nhat=2.522643344e-02,3.236836751e-01,9.458290044e-01
171.035 MARGIN checkpoint=164 n=0.707249415 ratio=610.141378 kepler_ratio=608.957713 over=0.998060 periapsis_over_rstar=274.930651 separation_over_rstar=274.930664 period=1.081615150e-16
172.074 ACTION checkpoint=165 t=3.676323477e-10 a_over_apair=0.500197180 n=0.707246195 Jphi_over_h=0.708633002 Jr_over_h=-0.001386808 e=0.000000000 eps=-4.78410641368825195e+12 L=1.64073534727718714e-04 mu1=1.396042826e-24,3.512835887e-24,-8.480442426e-24 mu2=-2.169147171e-24,8.347768964e-24,3.437500421e-24 nhat=-8.418127005e-04,-9.798579427e-01,-1.996940247e-01
172.074 MARGIN checkpoint=165 n=0.707246195 ratio=610.149043 kepler_ratio=608.954940 over=0.998043 periapsis_over_rstar=274.937558 separation_over_rstar=274.937572 period=1.081655913e-16
173.049 ACTION checkpoint=166 t=3.677927573e-10 a_over_apair=0.227231431 n=0.476687981 Jphi_over_h=0.476687981 Jr_over_h=0.000000000 e=0.000001653 eps=-1.05310982864722930e+13 L=1.10370081223251271e-04 mu1=3.714003067e-24,3.621028313e-24,-7.700726618e-24 mu2=-2.843270898e-24,8.295345478e-24,3.051214394e-24 nhat=2.278557291e-01,5.588199671e-01,-7.973719402e-01
173.049 MARGIN checkpoint=166 n=0.476687981 ratio=410.439212 kepler_ratio=410.439113 over=1.000000 periapsis_over_rstar=123.409602 separation_over_rstar=124.411301 period=3.292515129e-17
174.459 ACTION checkpoint=167 t=3.677927902e-10 a_over_apair=0.227224609 n=0.476680825 Jphi_over_h=0.476680822 Jr_over_h=0.000000003 e=0.000102528 eps=-1.05314144883222969e+13 L=1.10368423720302088e-04 mu1=3.711795737e-24,3.620256676e-24,-7.702153548e-24 mu2=-2.835542006e-24,8.296879621e-24,3.054234006e-24 nhat=2.267332128e-01,5.585594781e-01,-7.978742756e-01
174.459 MARGIN checkpoint=167 n=0.476680825 ratio=410.433049 kepler_ratio=410.432951 over=1.000000 periapsis_over_rstar=123.405758 separation_over_rstar=124.407564 period=3.292366794e-17
175.568 ACTION checkpoint=168 t=3.679022943e-10 a_over_apair=0.227217786 n=0.476673668 Jphi_over_h=0.476686684 Jr_over_h=-0.000013015 e=0.000000000 eps=-1.05317307141073906e+13 L=1.10369780864580692e-04 mu1=5.101357713e-24,-7.088303025e-24,-3.152612407e-24 mu2=6.373473706e-25,4.523051428e-24,-8.083480030e-24 nhat=-8.628077755e-03,-2.248777260e-01,9.743487900e-01
175.568 MARGIN checkpoint=168 n=0.476673668 ratio=410.438096 kepler_ratio=410.426789 over=0.999972 periapsis_over_rstar=124.001828 separation_over_rstar=124.410624 period=3.292488249e-17
176.674 ACTION checkpoint=169 t=3.680118025e-10 a_over_apair=0.227210966 n=0.476666514 Jphi_over_h=0.476693351 Jr_over_h=-0.000026836 e=0.000000000 eps=-1.05320468410649766e+13 L=1.10371324519292912e-04 mu1=-9.734527168e-25,1.848498776e-24,-9.046673276e-24 mu2=-1.838595116e-24,8.818095638e-24,2.251135847e-24 nhat=-4.151890183e-01,2.995043837e-01,-8.590199085e-01
176.674 MARGIN checkpoint=169 n=0.476666514 ratio=410.443836 kepler_ratio=410.420630 over=0.999943 periapsis_over_rstar=124.414074 separation_over_rstar=124.414104 period=3.292626399e-17
177.751 ACTION checkpoint=170 t=3.681213152e-10 a_over_apair=0.227204146 n=0.476659361 Jphi_over_h=0.476703077 Jr_over_h=-0.000043716 e=0.000000000 eps=-1.05323629608481230e+13 L=1.10373576420104731e-04 mu1=5.430376093e-24,-6.066681816e-24,-4.462425630e-24 mu2=-4.085836250e-24,2.370158215e-24,-7.993444029e-24 nhat=5.621100978e-01,1.337438877e-01,8.161769480e-01
177.751 MARGIN checkpoint=170 n=0.476659361 ratio=410.452210 kepler_ratio=410.414471 over=0.999908 periapsis_over_rstar=124.419151 separation_over_rstar=124.419181 period=3.292827941e-17
178.866 ACTION checkpoint=171 t=3.682308018e-10 a_over_apair=0.227197325 n=0.476652205 Jphi_over_h=0.476712693 Jr_over_h=-0.000060488 e=0.000000000 eps=-1.05326791900019141e+13 L=1.10375803017693898e-04 mu1=-5.200685792e-24,-8.275492473e-25,-7.646887263e-24 mu2=-1.955674397e-24,9.072997729e-24,2.508089702e-25 nhat=-8.794762786e-01,-3.160789538e-02,-4.748920050e-01
178.866 MARGIN checkpoint=171 n=0.476652205 ratio=410.460490 kepler_ratio=410.408309 over=0.999873 periapsis_over_rstar=124.424171 separation_over_rstar=124.424201 period=3.293027226e-17
179.946 ACTION checkpoint=172 t=3.683402949e-10 a_over_apair=0.227190506 n=0.476645052 Jphi_over_h=0.476721813 Jr_over_h=-0.000076761 e=0.000000000 eps=-1.05329953312305254e+13 L=1.10377914522705818e-04 mu1=4.106053590e-24,-5.444395036e-24,-6.301249232e-24 mu2=-7.665567271e-24,-2.020347307e-25,-5.234989557e-24 nhat=8.168692276e-01,4.945933335e-01,2.968199782e-01
179.946 MARGIN checkpoint=172 n=0.476645052 ratio=410.468343 kepler_ratio=410.402150 over=0.999839 periapsis_over_rstar=124.428931 separation_over_rstar=124.428961 period=3.293216218e-17
181.021 ACTION checkpoint=173 t=3.684497614e-10 a_over_apair=0.227183691 n=0.476637903 Jphi_over_h=0.476733959 Jr_over_h=-0.000096056 e=0.000000000 eps=-1.05333113008898086e+13 L=1.10380726797017003e-04 mu1=-7.600248460e-24,-3.589632595e-24,-3.944314447e-24 mu2=-3.709791547e-24,8.354635259e-24,-1.626152406e-24 nhat=-9.523453491e-01,-2.624712577e-01,1.553936129e-01
181.021 MARGIN checkpoint=173 n=0.476637903 ratio=410.478801 kepler_ratio=410.395995 over=0.999798 periapsis_over_rstar=124.435272 separation_over_rstar=124.435302 period=3.293467944e-17
182.088 ACTION checkpoint=174 t=3.685592034e-10 a_over_apair=0.227176873 n=0.476630751 Jphi_over_h=0.476749169 Jr_over_h=-0.000118418 e=0.000000000 eps=-1.05336274075121816e+13 L=1.10384248360083969e-04 mu1=1.285956275e-24,-5.787438899e-24,-7.145538659e-24 mu2=-8.962652372e-24,-2.332079920e-24,-6.626620423e-25 nhat=6.447910838e-01,6.964139247e-01,-3.150430189e-01
182.088 MARGIN checkpoint=174 n=0.476630751 ratio=410.491897 kepler_ratio=410.389837 over=0.999751 periapsis_over_rstar=124.443212 separation_over_rstar=124.443242 period=3.293783176e-17
183.154 ACTION checkpoint=175 t=3.686686558e-10 a_over_apair=0.227170055 n=0.476623599 Jphi_over_h=0.476765870 Jr_over_h=-0.000142272 e=0.000000000 eps=-1.05339435652464004e+13 L=1.10388115310047400e-04 mu1=-7.361802641e-24,-5.591383082e-24,8.643797674e-25 mu2=-6.358027371e-24,6.497580806e-24,-1.887799485e-24 nhat=-6.262205108e-01,-2.788039138e-01,7.280908250e-01
183.155 MARGIN checkpoint=175 n=0.476623599 ratio=410.506277 kepler_ratio=410.383678 over=0.999701 periapsis_over_rstar=124.451931 separation_over_rstar=124.451961 period=3.294129348e-17
184.253 ACTION checkpoint=176 t=3.687780868e-10 a_over_apair=0.227163243 n=0.476616453 Jphi_over_h=0.476780806 Jr_over_h=-0.000164353 e=0.000000000 eps=-1.05342594256523906e+13 L=1.10391573390769375e-04 mu1=-1.756829762e-24,-6.970990406e-24,-5.875857148e-24 mu2=-7.563708888e-24,-3.270906958e-24,4.277654825e-24 nhat=1.430614756e-01,6.687201877e-01,-7.296209460e-01
184.253 MARGIN checkpoint=176 n=0.476616453 ratio=410.519136 kepler_ratio=410.377526 over=0.999655 periapsis_over_rstar=124.459728 separation_over_rstar=124.459759 period=3.294438939e-17
185.318 ACTION checkpoint=177 t=3.688875280e-10 a_over_apair=0.227156432 n=0.476609308 Jphi_over_h=0.476795050 Jr_over_h=-0.000185742 e=0.000000000 eps=-1.05345752868740352e+13 L=1.10394871497001925e-04 mu1=-4.510566004e-24,-6.235417828e-24,5.194344435e-24 mu2=-8.362839372e-24,4.032687466e-24,8.488060639e-26 nhat=-7.770807336e-02,-7.313566062e-02,9.942900133e-01
185.318 MARGIN checkpoint=177 n=0.476609308 ratio=410.531401 kepler_ratio=410.371373 over=0.999610 periapsis_over_rstar=124.467165 separation_over_rstar=124.467195 period=3.294734226e-17
186.381 ACTION checkpoint=178 t=3.689969461e-10 a_over_apair=0.227149616 n=0.476602157 Jphi_over_h=0.476809685 Jr_over_h=-0.000207528 e=0.000000000 eps=-1.05348913763872031e+13 L=1.10398260113860283e-04 mu1=-3.402431544e-24,-8.262326052e-24,-2.522753075e-24 mu2=-3.937435888e-24,-2.628151572e-24,7.987256927e-24 nhat=-4.523622773e-01,4.502313612e-01,-7.698441995e-01
186.381 MARGIN checkpoint=178 n=0.476602157 ratio=410.544003 kepler_ratio=410.365217 over=0.999565 periapsis_over_rstar=124.474807 separation_over_rstar=124.474837 period=3.295037635e-17
187.441 ACTION checkpoint=179 t=3.691063414e-10 a_over_apair=0.227142806 n=0.476595013 Jphi_over_h=0.476825553 Jr_over_h=-0.000230540 e=0.000000000 eps=-1.05352072321364883e+13 L=1.10401934018867880e-04 mu1=6.077611258e-26,-5.372272458e-24,7.572440173e-24 mu2=-8.324385230e-24,1.915683228e-24,3.638904175e-24 nhat=4.342395531e-01,2.634350997e-01,8.614162518e-01
187.441 MARGIN checkpoint=179 n=0.476595013 ratio=410.557665 kepler_ratio=410.359065 over=0.999516 periapsis_over_rstar=124.483091 separation_over_rstar=124.483122 period=3.295366609e-17
188.518 ACTION checkpoint=180 t=3.692157476e-10 a_over_apair=0.227136001 n=0.476587874 Jphi_over_h=0.476842593 Jr_over_h=-0.000254720 e=0.000000000 eps=-1.05355228633458789e+13 L=1.10405879443477729e-04 mu1=-2.626036423e-24,-8.744789449e-24,1.685065421e-24 mu2=6.754516106e-25,-5.255731095e-25,9.245236249e-24 nhat=-8.856005671e-01,1.582509004e-01,-4.366558006e-01
188.518 MARGIN checkpoint=180 n=0.476587874 ratio=410.572337 kepler_ratio=410.352918 over=0.999466 periapsis_over_rstar=124.491989 separation_over_rstar=124.492019 period=3.295719920e-17
189.602 ACTION checkpoint=181 t=3.693251325e-10 a_over_apair=0.227129191 n=0.476580729 Jphi_over_h=0.476858355 Jr_over_h=-0.000277626 e=0.000000000 eps=-1.05358387577705078e+13 L=1.10409528802783957e-04 mu1=4.865220247e-24,-3.378368263e-24,7.150043014e-24 mu2=-5.794731621e-24,9.899495787e-25,7.186650162e-24 nhat=6.911087789e-01,5.931256410e-01,4.130019730e-01
189.602 MARGIN checkpoint=181 n=0.476580729 ratio=410.585908 kepler_ratio=410.346767 over=0.999418 periapsis_over_rstar=124.500219 separation_over_rstar=124.500249 period=3.296046741e-17
190.668 ACTION checkpoint=182 t=3.694344953e-10 a_over_apair=0.227122382 n=0.476573585 Jphi_over_h=0.476872703 Jr_over_h=-0.000299118 e=0.000000000 eps=-1.05361546293051348e+13 L=1.10412850804370789e-04 mu1=4.262745470e-25,-7.828339131e-24,4.974158395e-24 mu2=4.660474289e-24,2.424906229e-24,7.655498969e-24 nhat=-9.908697880e-01,-7.146655469e-02,1.143223285e-01
190.668 MARGIN checkpoint=182 n=0.476573585 ratio=410.598262 kepler_ratio=410.340616 over=0.999373 periapsis_over_rstar=124.507711 separation_over_rstar=124.507741 period=3.296344264e-17
191.761 ACTION checkpoint=183 t=3.695438680e-10 a_over_apair=0.227115581 n=0.476566450 Jphi_over_h=0.476889380 Jr_over_h=-0.000322930 e=0.000000000 eps=-1.05364701192938730e+13 L=1.10416712147035374e-04 mu1=8.299689323e-24,-1.044869281e-24,4.028679760e-24 mu2=-1.516278607e-24,1.582861271e-24,9.022322576e-24 nhat=5.957633170e-01,7.896311308e-01,-1.467949156e-01
191.761 MARGIN checkpoint=183 n=0.476566450 ratio=410.612621 kepler_ratio=410.334472 over=0.999323 periapsis_over_rstar=124.516420 separation_over_rstar=124.516450 period=3.296690114e-17
192.819 ACTION checkpoint=184 t=3.696532192e-10 a_over_apair=0.227108779 n=0.476559313 Jphi_over_h=0.476908912 Jr_over_h=-0.000349599 e=0.000000000 eps=-1.05367857192389609e+13 L=1.10421234445756203e-04 mu1=4.533989143e-24,-5.546125880e-24,5.906799933e-24 mu2=6.584150341e-24,5.318391636e-24,3.817136357e-24 nhat=-7.441710929e-01,-1.404956083e-01,6.530469880e-01
192.819 MARGIN checkpoint=184 n=0.476559313 ratio=410.629439 kepler_ratio=410.328327 over=0.999267 periapsis_over_rstar=124.526619 separation_over_rstar=124.526650 period=3.297095194e-17
193.926 ACTION checkpoint=185 t=3.697625509e-10 a_over_apair=0.227101972 n=0.476552171 Jphi_over_h=0.476929483 Jr_over_h=-0.000377312 e=0.000000000 eps=-1.05371015252092051e+13 L=1.10425997444920022e-04 mu1=9.230304837e-24,6.873657224e-25,-7.320220298e-25 mu2=2.938795224e-24,3.345252330e-24,8.147369192e-24 nhat=1.977573873e-01,7.861499795e-01,-5.855426760e-01
193.926 MARGIN checkpoint=185 n=0.476552171 ratio=410.647151 kepler_ratio=410.322178 over=0.999209 periapsis_over_rstar=124.537363 separation_over_rstar=124.537393 period=3.297521871e-17
194.998 ACTION checkpoint=186 t=3.698718967e-10 a_over_apair=0.227095174 n=0.476545039 Jphi_over_h=0.476951200 Jr_over_h=-0.000406162 e=0.000000000 eps=-1.05374169610417305e+13 L=1.10431025787992239e-04 mu1=7.975060720e-24,-2.542837037e-24,4.017367496e-24 mu2=5.722910635e-24,7.262533505e-24,-8.430635990e-25 nhat=-2.583310529e-01,-2.090654328e-02,9.658302043e-01
194.998 MARGIN checkpoint=186 n=0.476545039 ratio=410.665850 kepler_ratio=410.316036 over=0.999148 periapsis_over_rstar=124.548705 separation_over_rstar=124.548735 period=3.297972358e-17
196.092 ACTION checkpoint=187 t=3.699812245e-10 a_over_apair=0.227088380 n=0.476537910 Jphi_over_h=0.476974991 Jr_over_h=-0.000437081 e=0.000000000 eps=-1.05377322154540996e+13 L=1.10436534092141943e-04 mu1=7.424218884e-24,1.067186579e-24,-5.472562657e-24 mu2=5.889732762e-24,5.434811610e-24,4.688360697e-24 nhat=-3.393403392e-01,5.930297852e-01,-7.301806681e-01
196.092 MARGIN checkpoint=187 n=0.476537910 ratio=410.686334 kepler_ratio=410.309899 over=0.999083 periapsis_over_rstar=124.561130 separation_over_rstar=124.561160 period=3.298465891e-17
197.165 ACTION checkpoint=188 t=3.700905357e-10 a_over_apair=0.227081580 n=0.476530776 Jphi_over_h=0.477001201 Jr_over_h=-0.000470425 e=0.000000000 eps=-1.05380477573108301e+13 L=1.10442602618514359e-04 mu1=9.282122820e-24,2.214575842e-25,-2.787303334e-27 mu2=2.369013905e-24,7.723645075e-24,-4.576017390e-24 nhat=2.679098995e-01,2.391078650e-01,9.333015132e-01
197.165 MARGIN checkpoint=188 n=0.476530776 ratio=410.708901 kepler_ratio=410.303756 over=0.999014 periapsis_over_rstar=124.574820 separation_over_rstar=124.574850 period=3.299009676e-17
198.225 ACTION checkpoint=189 t=3.701998319e-10 a_over_apair=0.227074784 n=0.476523645 Jphi_over_h=0.477028461 Jr_over_h=-0.000504816 e=0.000000000 eps=-1.05383631336331699e+13 L=1.10448914406730914e-04 mu1=3.680242416e-24,-1.618075514e-25,-8.522704345e-24 mu2=6.226472197e-24,6.885210773e-24,-1.782466317e-25 nhat=-7.999725466e-01,2.904745846e-01,-5.250413701e-01
198.225 MARGIN checkpoint=189 n=0.476523645 ratio=410.732373 kepler_ratio=410.297616 over=0.998942 periapsis_over_rstar=124.589059 separation_over_rstar=124.589089 period=3.299575323e-17
199.326 ACTION checkpoint=190 t=3.703091138e-10 a_over_apair=0.227067998 n=0.476516524 Jphi_over_h=0.477056855 Jr_over_h=-0.000540331 e=0.000000000 eps=-1.05386780947636445e+13 L=1.10455488631652852e-04 mu1=7.829387334e-24,1.862972685e-24,-4.629998059e-24 mu2=-2.240482132e-24,6.741744742e-24,-5.977957254e-24 nhat=6.242315576e-01,5.352113238e-01,5.691078996e-01
199.326 MARGIN checkpoint=190 n=0.476516524 ratio=410.756821 kepler_ratio=410.291485 over=0.998867 periapsis_over_rstar=124.603891 separation_over_rstar=124.603921 period=3.300164557e-17
200.392 ACTION checkpoint=191 t=3.704183823e-10 a_over_apair=0.227061209 n=0.476509400 Jphi_over_h=0.477089381 Jr_over_h=-0.000579980 e=0.000000000 eps=-1.05389932021112285e+13 L=1.10463019424682988e-04 mu1=-4.554815725e-25,-2.649967621e-24,-8.886904040e-24 mu2=3.852189088e-24,6.992309617e-24,-4.740791149e-24 nhat=-9.986911359e-01,-2.515800066e-03,-5.108508433e-02
200.392 MARGIN checkpoint=191 n=0.476509400 ratio=410.784826 kepler_ratio=410.285351 over=0.998784 periapsis_over_rstar=124.620883 separation_over_rstar=124.620913 period=3.300839613e-17
201.453 ACTION checkpoint=192 t=3.705276401e-10 a_over_apair=0.227054418 n=0.476502275 Jphi_over_h=0.477121488 Jr_over_h=-0.000619213 e=0.000000000 eps=-1.05393083900485059e+13 L=1.10470453415514584e-04 mu1=4.040085432e-24,1.919192045e-24,-8.136416095e-24 mu2=-6.402444213e-24,4.933015063e-24,-4.569565161e-24 nhat=6.662139524e-01,7.456235671e-01,1.429915177e-02
201.453 MARGIN checkpoint=192 n=0.476502275 ratio=410.812472 kepler_ratio=410.279216 over=0.998702 periapsis_over_rstar=124.637657 separation_over_rstar=124.637687 period=3.301506082e-17
202.513 ACTION checkpoint=193 t=3.706369199e-10 a_over_apair=0.227047638 n=0.476495160 Jphi_over_h=0.477153324 Jr_over_h=-0.000658163 e=0.000000000 eps=-1.05396231323441152e+13 L=1.10477824462560241e-04 mu1=-3.304674184e-24,-5.572607016e-24,-6.650716868e-24 mu2=-3.443557265e-25,5.566158667e-24,-7.423351810e-24 nhat=-8.464897551e-01,-1.714207062e-01,5.040536044e-01
202.513 MARGIN checkpoint=193 n=0.476495160 ratio=410.839883 kepler_ratio=410.273090 over=0.998620 periapsis_over_rstar=124.654290 separation_over_rstar=124.654320 period=3.302166996e-17
203.587 ACTION checkpoint=194 t=3.707461886e-10 a_over_apair=0.227040860 n=0.476488049 Jphi_over_h=0.477187264 Jr_over_h=-0.000699216 e=0.000000000 eps=-1.05399377487995957e+13 L=1.10485682952770153e-04 mu1=-8.321850607e-25,4.938107622e-25,-9.234201332e-24 mu2=-8.642032808e-24,3.244605977e-24,-9.973245615e-25 nhat=3.690207169e-01,7.751954723e-01,-5.127335470e-01
203.587 MARGIN checkpoint=194 n=0.476488049 ratio=410.869106 kepler_ratio=410.266967 over=0.998534 periapsis_over_rstar=124.672024 separation_over_rstar=124.672054 period=3.302871713e-17
204.673 ACTION checkpoint=195 t=3.708554476e-10 a_over_apair=0.227034079 n=0.476480932 Jphi_over_h=0.477224690 Jr_over_h=-0.000743758 e=0.000000000 eps=-1.05402525725634902e+13 L=1.10494348362458485e-04 mu1=-3.759623337e-24,-7.953143679e-24,-2.969780001e-24 mu2=-4.852526722e-24,2.978313366e-24,-7.334131795e-24 nhat=-3.889766509e-01,-1.480107019e-01,9.092799333e-01
204.673 MARGIN checkpoint=195 n=0.476480932 ratio=410.901331 kepler_ratio=410.260840 over=0.998441 periapsis_over_rstar=124.691581 separation_over_rstar=124.691611 period=3.303648908e-17
205.741 ACTION checkpoint=196 t=3.709646993e-10 a_over_apair=0.227027304 n=0.476473823 Jphi_over_h=0.477264435 Jr_over_h=-0.000790612 e=0.000000000 eps=-1.05405671118497852e+13 L=1.10503550779918183e-04 mu1=-5.159738493e-24,-1.813609901e-24,-7.502984278e-24 mu2=-8.342048014e-24,2.540069294e-24,3.188281386e-24 nhat=-1.531823587e-01,5.942009035e-01,-7.895951186e-01
205.741 MARGIN checkpoint=196 n=0.476473823 ratio=410.935552 kepler_ratio=410.254718 over=0.998343 periapsis_over_rstar=124.712352 separation_over_rstar=124.712382 period=3.304474400e-17
206.814 ACTION checkpoint=197 t=3.710739122e-10 a_over_apair=0.227020538 n=0.476466722 Jphi_over_h=0.477303193 Jr_over_h=-0.000836470 e=0.000000000 eps=-1.05408812841984082e+13 L=1.10512524432955587e-04 mu1=-1.810312924e-24,-9.096545531e-24,4.271788727e-25 mu2=-8.090653235e-24,1.234681317e-26,-4.555000884e-24 nhat=1.963672294e-01,5.763755698e-02,9.788349316e-01
206.814 MARGIN checkpoint=197 n=0.476466722 ratio=410.968923 kepler_ratio=410.248604 over=0.998247 periapsis_over_rstar=124.732608 separation_over_rstar=124.732638 period=3.305279503e-17
207.880 ACTION checkpoint=198 t=3.711831186e-10 a_over_apair=0.227013769 n=0.476459619 Jphi_over_h=0.477341709 Jr_over_h=-0.000882090 e=0.000000000 eps=-1.05411955752242051e+13 L=1.10521442398680780e-04 mu1=-7.539240307e-24,-4.127071462e-24,-3.511978362e-24 mu2=-6.064444815e-24,3.182703344e-24,6.268952367e-24 nhat=-6.785529834e-01,2.606008308e-01,-6.867700166e-01
207.880 MARGIN checkpoint=198 n=0.476459619 ratio=411.002087 kepler_ratio=410.242489 over=0.998152 periapsis_over_rstar=124.752739 separation_over_rstar=124.752769 period=3.306079740e-17
208.968 ACTION checkpoint=199 t=3.712923184e-10 a_over_apair=0.227007002 n=0.476452518 Jphi_over_h=0.477380415 Jr_over_h=-0.000927897 e=0.000000000 eps=-1.05415098072487344e+13 L=1.10530404059131261e-04 mu1=1.463582425e-24,-8.927901800e-24,2.087426936e-24 mu2=-8.959282104e-24,-2.435922225e-24,-6.635040995e-26 nhat=6.636467462e-01,3.528285015e-01,6.596097671e-01
208.968 MARGIN checkpoint=199 n=0.476452518 ratio=411.035413 kepler_ratio=410.236374 over=0.998056 periapsis_over_rstar=124.772971 separation_over_rstar=124.773001 period=3.306884028e-17
210.038 ACTION checkpoint=200 t=3.714015117e-10 a_over_apair=0.227000244 n=0.476445426 Jphi_over_h=0.477419871 Jr_over_h=-0.000974446 e=0.000000000 eps=-1.05418236343974043e+13 L=1.10539539681706679e-04 mu1=-7.256729812e-24,-5.609090868e-24,1.443893124e-24 mu2=-3.221317379e-24,4.880657059e-24,7.211737397e-24 nhat=-9.672722777e-01,-9.814331240e-02,-2.339919467e-01
210.038 MARGIN checkpoint=200 n=0.476445426 ratio=411.069386 kepler_ratio=410.230268 over=0.997959 periapsis_over_rstar=124.793598 separation_over_rstar=124.793628 period=3.307704062e-17
211.104 ACTION checkpoint=201 t=3.715106990e-10 a_over_apair=0.226993488 n=0.476438336 Jphi_over_h=0.477459557 Jr_over_h=-0.001021222 e=0.000000000 eps=-1.05421373851363984e+13 L=1.10548728400021613e-04 mu1=4.465460373e-24,-7.991654872e-24,1.549184089e-24 mu2=-7.168922685e-24,-3.654370472e-24,4.632383755e-24 nhat=8.001859100e-01,5.957897550e-01,6.882642818e-02
211.104 MARGIN checkpoint=201 n=0.476438336 ratio=411.103557 kepler_ratio=410.224163 over=0.997861 periapsis_over_rstar=124.814346 separation_over_rstar=124.814376 period=3.308529000e-17
212.182 ACTION checkpoint=202 t=3.716198805e-10 a_over_apair=0.226986731 n=0.476431245 Jphi_over_h=0.477496969 Jr_over_h=-0.001065724 e=0.000000000 eps=-1.05424511939835352e+13 L=1.10557390543821097e-04 mu1=-4.461782653e-24,-5.727288776e-24,5.787703699e-24 mu2=-1.325716883e-24,6.827232009e-24,6.151278982e-24 nhat=-8.656861307e-01,-3.309980544e-01,3.755366975e-01
212.182 MARGIN checkpoint=202 n=0.476431245 ratio=411.135769 kepler_ratio=410.218058 over=0.997768 periapsis_over_rstar=124.833907 separation_over_rstar=124.833937 period=3.309306789e-17
213.243 ACTION checkpoint=203 t=3.717290545e-10 a_over_apair=0.226979981 n=0.476424161 Jphi_over_h=0.477531484 Jr_over_h=-0.001107323 e=0.000000000 eps=-1.05427647241185469e+13 L=1.10565381850879363e-04 mu1=5.939947013e-24,-7.122514744e-24,-4.400778105e-25 mu2=-3.291107564e-24,-3.325867924e-24,8.019605279e-24 nhat=5.290408136e-01,6.566642494e-01,-5.375015174e-01
213.243 MARGIN checkpoint=203 n=0.476424161 ratio=411.165487 kepler_ratio=410.211958 over=0.997681 periapsis_over_rstar=124.851954 separation_over_rstar=124.851984 period=3.310024450e-17
214.348 ACTION checkpoint=204 t=3.718382191e-10 a_over_apair=0.226973236 n=0.476417082 Jphi_over_h=0.477563155 Jr_over_h=-0.001146074 e=0.000000000 eps=-1.05430780374934395e+13 L=1.10572714909109232e-04 mu1=-8.894993192e-26,-4.407914000e-24,8.171244541e-24 mu2=-1.127357938e-24,8.166306607e-24,4.271692375e-24 nhat=-3.948331275e-01,-3.331784625e-01,8.562119560e-01
214.348 MARGIN checkpoint=204 n=0.476417082 ratio=411.192757 kepler_ratio=410.205863 over=0.997600 periapsis_over_rstar=124.868515 separation_over_rstar=124.868545 period=3.310683088e-17
215.415 ACTION checkpoint=205 t=3.719473723e-10 a_over_apair=0.226966490 n=0.476410002 Jphi_over_h=0.477596062 Jr_over_h=-0.001186060 e=0.000000000 eps=-1.05433913931037129e+13 L=1.10580334070623136e-04 mu1=5.691319490e-24,-6.927385984e-24,-2.413930647e-24 mu2=1.454656886e-24,-1.613061994e-24,9.027118013e-24 nhat=-3.417870594e-02,4.854439316e-01,-8.735994536e-01
215.415 MARGIN checkpoint=205 n=0.476410002 ratio=411.221090 kepler_ratio=410.199767 over=0.997516 periapsis_over_rstar=124.885724 separation_over_rstar=124.885754 period=3.311367516e-17
216.481 ACTION checkpoint=206 t=3.720565150e-10 a_over_apair=0.226959747 n=0.476402925 Jphi_over_h=0.477628211 Jr_over_h=-0.001225286 e=0.000000000 eps=-1.05437046464035645e+13 L=1.10587777684223392e-04 mu1=4.462452462e-24,-2.040140041e-24,7.882334801e-24 mu2=-2.189576071e-24,8.505475426e-24,3.011561004e-24 nhat=2.381519618e-01,-1.044140317e-01,9.655989608e-01
216.481 MARGIN checkpoint=206 n=0.476402925 ratio=411.248771 kepler_ratio=410.193673 over=0.997434 periapsis_over_rstar=124.902538 separation_over_rstar=124.902568 period=3.312036265e-17
217.543 ACTION checkpoint=207 t=3.721656466e-10 a_over_apair=0.226953009 n=0.476395853 Jphi_over_h=0.477657004 Jr_over_h=-0.001261151 e=0.000000000 eps=-1.05440176756411211e+13 L=1.10594444260354814e-04 mu1=4.630414104e-24,-7.397238903e-24,-3.169696691e-24 mu2=5.599243021e-24,9.092192395e-25,7.350418576e-24 nhat=-6.210511549e-01,1.480392787e-01,-7.696621564e-01
217.543 MARGIN checkpoint=207 n=0.476395853 ratio=411.273563 kepler_ratio=410.187584 over=0.997359 periapsis_over_rstar=124.917598 separation_over_rstar=124.917628 period=3.312635281e-17
218.621 ACTION checkpoint=208 t=3.722747648e-10 a_over_apair=0.226944988 n=0.476387435 Jphi_over_h=0.477684435 Jr_over_h=-0.001297000 e=0.000000000 eps=-1.05443903325817070e+13 L=1.10600795371574597e-04 mu1=7.770437788e-24,6.584640787e-25,5.039203995e-24 mu2=-3.259702469e-24,8.129540523e-24,3.080870977e-24 nhat=7.316952113e-01,2.422051602e-01,6.371489451e-01
218.621 MARGIN checkpoint=208 n=0.476387435 ratio=411.297181 kepler_ratio=410.180336 over=0.997285 periapsis_over_rstar=124.931945 separation_over_rstar=124.931975 period=3.313206018e-17
219.684 ACTION checkpoint=209 t=3.723669382e-10 a_over_apair=0.226938253 n=0.476380366 Jphi_over_h=0.477668031 Jr_over_h=-0.001287666 e=0.000000000 eps=-1.05447032662896543e+13 L=1.10596997447647897e-04 mu1=5.771595860e-24,-5.150973241e-24,-5.134492300e-24 mu2=7.346814356e-24,3.006773074e-24,4.815650505e-24 nhat=-6.894020271e-01,1.647956113e-01,-7.053844707e-01
219.684 MARGIN checkpoint=209 n=0.476380366 ratio=411.283057 kepler_ratio=410.174249 over=0.997304 periapsis_over_rstar=124.923365 separation_over_rstar=124.923395 period=3.312864713e-17
220.753 ACTION checkpoint=210 t=3.724760308e-10 a_over_apair=0.226931517 n=0.476373295 Jphi_over_h=0.477702106 Jr_over_h=-0.001328811 e=0.000000000 eps=-1.05450162726871348e+13 L=1.10604886980765582e-04 mu1=8.842889050e-24,2.184338964e-24,1.799675474e-24 mu2=-2.211165195e-24,9.016274689e-24,1.561873466e-25 nhat=7.343633525e-01,3.142408641e-01,6.016337306e-01
220.753 MARGIN checkpoint=210 n=0.476373295 ratio=411.312397 kepler_ratio=410.168162 over=0.997218 periapsis_over_rstar=124.941189 separation_over_rstar=124.941219 period=3.313573741e-17
221.813 ACTION checkpoint=211 t=3.725851137e-10 a_over_apair=0.226924786 n=0.476366231 Jphi_over_h=0.477733425 Jr_over_h=-0.001367194 e=0.000000000 eps=-1.05453290224344746e+13 L=1.10612138471457029e-04 mu1=3.908184367e-24,-6.419575151e-24,-5.451789166e-24 mu2=7.878128804e-24,4.912924316e-24,7.152963702e-26 nhat=-9.592495994e-01,-1.931025648e-01,-2.062804052e-01
221.813 MARGIN checkpoint=211 n=0.476366231 ratio=411.339363 kepler_ratio=410.162079 over=0.997138 periapsis_over_rstar=124.957572 separation_over_rstar=124.957602 period=3.314225518e-17
222.882 ACTION checkpoint=212 t=3.726941849e-10 a_over_apair=0.226918056 n=0.476359167 Jphi_over_h=0.477766374 Jr_over_h=-0.001407206 e=0.000000000 eps=-1.05456417913799023e+13 L=1.10619767149203950e-04 mu1=7.946354137e-24,3.743226717e-24,-3.008415688e-24 mu2=-3.925070171e-24,8.370144813e-24,8.610198820e-25 nhat=8.263981749e-01,5.627363835e-01,-1.984487742e-02
222.882 MARGIN checkpoint=212 n=0.476359167 ratio=411.367732 kepler_ratio=410.155997 over=0.997054 periapsis_over_rstar=124.974809 separation_over_rstar=124.974839 period=3.314911290e-17
223.969 ACTION checkpoint=213 t=3.728032454e-10 a_over_apair=0.226911328 n=0.476352105 Jphi_over_h=0.477798231 Jr_over_h=-0.001446126 e=0.000000000 eps=-1.05459544996506934e+13 L=1.10627143161809674e-04 mu1=3.131055318e-24,-7.504930394e-24,-4.481000742e-24 mu2=5.814012724e-24,5.615054703e-24,-4.568946488e-24 nhat=-8.140638361e-01,-3.945457355e-01,4.261850929e-01
223.970 MARGIN checkpoint=213 n=0.476352105 ratio=411.395162 kepler_ratio=410.149916 over=0.996973 periapsis_over_rstar=124.991476 separation_over_rstar=124.991506 period=3.315574438e-17
225.050 ACTION checkpoint=214 t=3.729123278e-10 a_over_apair=0.226904604 n=0.476345047 Jphi_over_h=0.477826852 Jr_over_h=-0.001481805 e=0.000000000 eps=-1.05462669899512227e+13 L=1.10633770075084804e-04 mu1=4.737274774e-24,3.837380436e-24,-7.002827599e-24 mu2=-4.187307525e-24,8.004048938e-24,2.146744410e-24 nhat=4.941807505e-01,6.145333298e-01,-6.149261520e-01
225.050 MARGIN checkpoint=214 n=0.476345047 ratio=411.419806 kepler_ratio=410.143839 over=0.996899 periapsis_over_rstar=125.006451 separation_over_rstar=125.006481 period=3.316170314e-17
226.106 ACTION checkpoint=215 t=3.730213967e-10 a_over_apair=0.226897883 n=0.476337993 Jphi_over_h=0.477854259 Jr_over_h=-0.001516267 e=0.000000000 eps=-1.05465793703486543e+13 L=1.10640115793426928e-04 mu1=3.624122962e-24,-7.794425439e-24,-3.509917393e-24 mu2=1.815555176e-24,4.881118626e-24,-7.686696015e-24 nhat=-3.077923573e-01,-3.444165873e-01,8.869278884e-01
226.106 MARGIN checkpoint=215 n=0.476337993 ratio=411.443404 kepler_ratio=410.137765 over=0.996827 periapsis_over_rstar=125.020792 separation_over_rstar=125.020822 period=3.316740971e-17
227.166 ACTION checkpoint=216 t=3.731304511e-10 a_over_apair=0.226891163 n=0.476330939 Jphi_over_h=0.477879756 Jr_over_h=-0.001548818 e=0.000000000 eps=-1.05468917356408613e+13 L=1.10646019275894178e-04 mu1=2.072319987e-25,2.459626742e-24,-8.950650617e-24 mu2=-3.383048629e-24,8.221419728e-24,2.677703290e-24 nhat=-1.069923965e-01,4.347087248e-01,-8.941929052e-01
227.166 MARGIN checkpoint=216 n=0.476330939 ratio=411.465357 kepler_ratio=410.131692 over=0.996759 periapsis_over_rstar=125.034134 separation_over_rstar=125.034164 period=3.317271919e-17
228.229 ACTION checkpoint=217 t=3.732394898e-10 a_over_apair=0.226884445 n=0.476323887 Jphi_over_h=0.477903667 Jr_over_h=-0.001579781 e=0.000000000 eps=-1.05472040354185781e+13 L=1.10651555508900498e-04 mu1=4.478128475e-24,-7.281128775e-24,-3.624690938e-24 mu2=-2.873677514e-24,2.933268115e-24,-8.327350778e-24 nhat=3.168748444e-01,-6.705266175e-02,9.460942202e-01
228.229 MARGIN checkpoint=217 n=0.476323887 ratio=411.485945 kepler_ratio=410.125620 over=0.996694 periapsis_over_rstar=125.046646 separation_over_rstar=125.046676 period=3.317769888e-17
229.336 ACTION checkpoint=218 t=3.733485118e-10 a_over_apair=0.226877731 n=0.476316838 Jphi_over_h=0.477924509 Jr_over_h=-0.001607670 e=0.000000000 eps=-1.05475161838956777e+13 L=1.10656381013351016e-04 mu1=-4.247861674e-24,4.009988831e-26,-8.255962601e-24 mu2=-2.720424728e-24,8.684389818e-24,1.840521140e-24 nhat=-6.836405763e-01,1.098680468e-01,-7.215016110e-01
229.336 MARGIN checkpoint=218 n=0.476316838 ratio=411.503890 kepler_ratio=410.119551 over=0.996636 periapsis_over_rstar=125.057553 separation_over_rstar=125.057583 period=3.318203969e-17
230.394 ACTION checkpoint=219 t=3.734575148e-10 a_over_apair=0.226871018 n=0.476309793 Jphi_over_h=0.477944175 Jr_over_h=-0.001634383 e=0.000000000 eps=-1.05478282392553887e+13 L=1.10660934555893123e-04 mu1=4.439730660e-24,-6.561740545e-24,-4.841405577e-24 mu2=-6.812988582e-24,3.753007293e-25,-6.296760375e-24 nhat=7.563831470e-01,3.022236344e-01,5.801253397e-01
230.394 MARGIN checkpoint=219 n=0.476309793 ratio=411.520824 kepler_ratio=410.113484 over=0.996580 periapsis_over_rstar=125.067846 separation_over_rstar=125.067876 period=3.318613621e-17
231.459 ACTION checkpoint=220 t=3.735665312e-10 a_over_apair=0.226864306 n=0.476302746 Jphi_over_h=0.477964289 Jr_over_h=-0.001661543 e=0.000000000 eps=-1.05481403499791738e+13 L=1.10665591577378540e-04 mu1=-7.253681897e-24,-2.688397014e-24,-5.134537535e-24 mu2=-3.253389025e-24,8.693501397e-24,2.129520596e-25 nhat=-9.621984631e-01,-1.985902888e-01,-1.863760040e-01
231.460 MARGIN checkpoint=220 n=0.476302746 ratio=411.538142 kepler_ratio=410.107417 over=0.996523 periapsis_over_rstar=125.078373 separation_over_rstar=125.078403 period=3.319032617e-17
232.517 ACTION checkpoint=221 t=3.736755283e-10 a_over_apair=0.226857594 n=0.476295700 Jphi_over_h=0.477980474 Jr_over_h=-0.001684774 e=0.000000000 eps=-1.05484524037592344e+13 L=1.10669339042382989e-04 mu1=2.889814465e-24,-6.350923469e-24,-6.125487632e-24 mu2=-8.796757425e-24,-1.990029245e-24,-2.205379260e-24 nhat=8.052087715e-01,5.924406965e-01,-2.555103807e-02
232.517 MARGIN checkpoint=221 n=0.476295700 ratio=411.552078 kepler_ratio=410.101351 over=0.996475 periapsis_over_rstar=125.086844 separation_over_rstar=125.086874 period=3.319369805e-17
233.607 ACTION checkpoint=222 t=3.737845032e-10 a_over_apair=0.226850888 n=0.476288660 Jphi_over_h=0.477994313 Jr_over_h=-0.001705652 e=0.000000000 eps=-1.05487642533707910e+13 L=1.10672543066755289e-04 mu1=-7.863317158e-24,-4.906185136e-24,-5.517662175e-25 mu2=-5.077170327e-24,7.725490009e-24,-8.637134144e-25 nhat=-8.253479026e-01,-3.393856748e-01,4.512407378e-01
233.608 MARGIN checkpoint=222 n=0.476288660 ratio=411.563993 kepler_ratio=410.095289 over=0.996431 periapsis_over_rstar=125.094087 separation_over_rstar=125.094117 period=3.319658114e-17
234.709 ACTION checkpoint=223 t=3.738934875e-10 a_over_apair=0.226844181 n=0.476281619 Jphi_over_h=0.478009031 Jr_over_h=-0.001727412 e=0.000000000 eps=-1.05490761443142676e+13 L=1.10675951012637394e-04 mu1=3.364722869e-25,-6.974204699e-24,-6.119976347e-24 mu2=-8.210186980e-24,-3.395542140e-24,2.696289783e-24 nhat=4.514239070e-01,6.805263855e-01,-5.771484167e-01
234.709 MARGIN checkpoint=223 n=0.476281619 ratio=411.576666 kepler_ratio=410.089226 over=0.996386 periapsis_over_rstar=125.101791 separation_over_rstar=125.101821 period=3.319964790e-17
235.778 ACTION checkpoint=224 t=3.740024488e-10 a_over_apair=0.226837471 n=0.476274576 Jphi_over_h=0.478025125 Jr_over_h=-0.001750549 e=0.000000000 eps=-1.05493881572685586e+13 L=1.10679677226198652e-04 mu1=-5.853244573e-24,-5.955806201e-24,4.058910659e-24 mu2=-7.210117329e-24,5.844873274e-24,-2.419086387e-25 nhat=-3.585595128e-01,-2.457535164e-01,9.005777507e-01
235.778 MARGIN checkpoint=224 n=0.476274576 ratio=411.590523 kepler_ratio=410.083162 over=0.996338 periapsis_over_rstar=125.110215 separation_over_rstar=125.110245 period=3.320300129e-17
236.835 ACTION checkpoint=225 t=3.741114210e-10 a_over_apair=0.226830768 n=0.476267538 Jphi_over_h=0.478042165 Jr_over_h=-0.001774628 e=0.000000000 eps=-1.05496999444568535e+13 L=1.10683622690194909e-04 mu1=-1.868737186e-24,-8.102724459e-24,-4.130439802e-24 mu2=-5.239362258e-24,-3.349456394e-24,6.894713936e-24 nhat=-1.316913046e-01,5.481529099e-01,-8.259453902e-01
236.835 MARGIN checkpoint=225 n=0.476267538 ratio=411.605195 kepler_ratio=410.077102 over=0.996287 periapsis_over_rstar=125.119135 separation_over_rstar=125.119165 period=3.320655223e-17
237.933 ACTION checkpoint=226 t=3.742203717e-10 a_over_apair=0.226824067 n=0.476260503 Jphi_over_h=0.478057818 Jr_over_h=-0.001797315 e=0.000000000 eps=-1.05500115959673906e+13 L=1.10687246825942612e-04 mu1=-1.812101930e-24,-5.546577026e-24,7.222092852e-24 mu2=-8.209253486e-24,3.713239392e-24,2.242067280e-24 nhat=2.092433491e-01,4.047876237e-02,9.770254299e-01
237.933 MARGIN checkpoint=226 n=0.476260503 ratio=411.618672 kepler_ratio=410.071045 over=0.996240 periapsis_over_rstar=125.127329 separation_over_rstar=125.127359 period=3.320981420e-17
239.031 ACTION checkpoint=227 t=3.743292999e-10 a_over_apair=0.226817362 n=0.476253464 Jphi_over_h=0.478072753 Jr_over_h=-0.001819289 e=0.000000000 eps=-1.05503234682202012e+13 L=1.10690704839737695e-04 mu1=-2.359424270e-24,-8.958219902e-24,-6.247147956e-25 mu2=-8.378087135e-25,-1.799243544e-24,9.070151846e-24 nhat=-6.827618404e-01,2.771223132e-01,-6.760469605e-01
239.031 MARGIN checkpoint=227 n=0.476253464 ratio=411.631532 kepler_ratio=410.064984 over=0.996194 periapsis_over_rstar=125.135147 separation_over_rstar=125.135177 period=3.321292685e-17
240.094 ACTION checkpoint=228 t=3.744382383e-10 a_over_apair=0.226810659 n=0.476246427 Jphi_over_h=0.478087860 Jr_over_h=-0.001841434 e=0.000000000 eps=-1.05506352599519746e+13 L=1.10694202647919801e-04 mu1=3.009661784e-24,-3.861456050e-24,7.889103143e-24 mu2=-7.061436683e-24,2.231729368e-24,5.600209931e-24 nhat=6.230694358e-01,3.971597743e-01,6.738312784e-01
240.094 MARGIN checkpoint=228 n=0.476246427 ratio=411.644539 kepler_ratio=410.058925 over=0.996148 periapsis_over_rstar=125.143056 separation_over_rstar=125.143086 period=3.321607552e-17
241.155 ACTION checkpoint=229 t=3.745471538e-10 a_over_apair=0.226803963 n=0.476239397 Jphi_over_h=0.478104007 Jr_over_h=-0.001864610 e=0.000000000 eps=-1.05509467425610820e+13 L=1.10697941120312446e-04 mu1=-5.876177998e-25,-8.771130742e-24,2.988114139e-24 mu2=3.554975804e-24,8.387285625e-25,8.536131249e-24 nhat=-9.779324581e-01,1.036826542e-03,-2.089187221e-01
241.155 MARGIN checkpoint=229 n=0.476239397 ratio=411.658442 kepler_ratio=410.052872 over=0.996100 periapsis_over_rstar=125.151509 separation_over_rstar=125.151539 period=3.321944105e-17
242.225 ACTION checkpoint=230 t=3.746560472e-10 a_over_apair=0.226797264 n=0.476232364 Jphi_over_h=0.478121877 Jr_over_h=-0.001889513 e=0.000000000 eps=-1.05512583713174512e+13 L=1.10702078838929280e-04 mu1=7.088367082e-24,-1.517383478e-24,5.801676893e-24 mu2=-3.803969045e-24,2.031202382e-24,8.222584245e-24 nhat=7.155277530e-01,6.837280649e-01,1.433037613e-01
242.225 MARGIN checkpoint=230 n=0.476232364 ratio=411.673829 kepler_ratio=410.046817 over=0.996048 periapsis_over_rstar=125.160865 separation_over_rstar=125.160895 period=3.322316626e-17
243.297 ACTION checkpoint=231 t=3.747649527e-10 a_over_apair=0.226790563 n=0.476225328 Jphi_over_h=0.478138535 Jr_over_h=-0.001913206 e=0.000000000 eps=-1.05515701390214082e+13 L=1.10705935558365700e-04 mu1=2.872189700e-24,-7.218872656e-24,5.083823283e-24 mu2=6.461524989e-24,3.788328609e-24,5.486721830e-24 nhat=-9.155457039e-01,-1.563529075e-01,3.705803994e-01
243.298 MARGIN checkpoint=231 n=0.476225328 ratio=411.688171 kepler_ratio=410.040759 over=0.995998 periapsis_over_rstar=125.169586 separation_over_rstar=125.169616 period=3.322663874e-17
244.416 ACTION checkpoint=232 t=3.748738364e-10 a_over_apair=0.226783870 n=0.476218301 Jphi_over_h=0.478153770 Jr_over_h=-0.001935469 e=0.000000000 eps=-1.05518815567027773e+13 L=1.10709463134105787e-04 mu1=9.124268983e-24,6.246282404e-25,1.601377645e-24 mu2=4.854483410e-25,3.151411010e-24,8.720080495e-24 nhat=4.616827353e-01,7.987543086e-01,-3.857986605e-01
244.416 MARGIN checkpoint=232 n=0.476218301 ratio=411.701289 kepler_ratio=410.034708 over=0.995952 periapsis_over_rstar=125.177563 separation_over_rstar=125.177593 period=3.322981507e-17
245.487 ACTION checkpoint=233 t=3.749826973e-10 a_over_apair=0.226777179 n=0.476211276 Jphi_over_h=0.478169498 Jr_over_h=-0.001958222 e=0.000000000 eps=-1.05521928889803926e+13 L=1.10713104597237523e-04 mu1=6.591453348e-24,-4.601708130e-24,4.645845491e-24 mu2=6.871553652e-24,6.168139151e-24,9.709094227e-25 nhat=-5.427921526e-01,-1.296214293e-01,8.298041722e-01
245.487 MARGIN checkpoint=233 n=0.476211276 ratio=411.714831 kepler_ratio=410.028659 over=0.995905 periapsis_over_rstar=125.185798 separation_over_rstar=125.185828 period=3.323309417e-17
246.559 ACTION checkpoint=234 t=3.750915689e-10 a_over_apair=0.226770482 n=0.476204244 Jphi_over_h=0.478188005 Jr_over_h=-0.001983761 e=0.000000000 eps=-1.05525045133430547e+13 L=1.10717389710475212e-04 mu1=8.486103357e-24,1.744141329e-24,-3.339292757e-24 mu2=4.180704619e-24,5.039123275e-24,6.582993299e-24 nhat=-2.636211513e-02,7.121755860e-01,-7.015062178e-01
246.560 MARGIN checkpoint=234 n=0.476204244 ratio=411.730766 kepler_ratio=410.022605 over=0.995851 periapsis_over_rstar=125.195488 separation_over_rstar=125.195518 period=3.323695315e-17
247.622 ACTION checkpoint=235 t=3.752004199e-10 a_over_apair=0.226763790 n=0.476197217 Jphi_over_h=0.478209211 Jr_over_h=-0.002011994 e=0.000000000 eps=-1.05528159521385371e+13 L=1.10722299544596973e-04 mu1=8.963718694e-24,-1.701208741e-24,1.721769809e-24 mu2=4.603542177e-24,7.291908080e-24,-3.441268842e-24 nhat=-2.019196847e-02,7.046022219e-02,9.973102032e-01
247.622 MARGIN checkpoint=235 n=0.476197217 ratio=411.749025 kepler_ratio=410.016554 over=0.995792 periapsis_over_rstar=125.206592 separation_over_rstar=125.206622 period=3.324137508e-17
248.712 ACTION checkpoint=236 t=3.753092522e-10 a_over_apair=0.226757105 n=0.476190198 Jphi_over_h=0.478229812 Jr_over_h=-0.002039614 e=0.000000000 eps=-1.05531270432894180e+13 L=1.10727069425356508e-04 mu1=5.469333768e-24,1.351377809e-24,-7.380177602e-24 mu2=5.850379188e-24,6.793938628e-24,2.412947688e-24 nhat=-5.540819738e-01,4.702709005e-01,-6.869049763e-01
248.712 MARGIN checkpoint=236 n=0.476190198 ratio=411.766763 kepler_ratio=410.010511 over=0.995735 periapsis_over_rstar=125.217380 separation_over_rstar=125.217410 period=3.324567135e-17
249.796 ACTION checkpoint=237 t=3.754180985e-10 a_over_apair=0.226750416 n=0.476183175 Jphi_over_h=0.478252368 Jr_over_h=-0.002069193 e=0.000000000 eps=-1.05534383434734258e+13 L=1.10732292057599794e-04 mu1=8.891463578e-24,5.448229556e-25,-2.617613163e-24 mu2=4.087181882e-25,6.911068267e-24,-6.186836035e-24 nhat=4.440234821e-01,3.662339922e-01,8.177504573e-01
249.796 MARGIN checkpoint=237 n=0.476183175 ratio=411.786184 kepler_ratio=410.004464 over=0.995673 periapsis_over_rstar=125.229193 separation_over_rstar=125.229223 period=3.325037583e-17
250.865 ACTION checkpoint=238 t=3.755269270e-10 a_over_apair=0.226743726 n=0.476176150 Jphi_over_h=0.478276975 Jr_over_h=-0.002100825 e=0.000000000 eps=-1.05537497198873535e+13 L=1.10737989416934905e-04 mu1=1.215109845e-24,-5.304946889e-25,-9.189610369e-24 mu2=4.844408055e-24,7.559831800e-24,-2.363791239e-24 nhat=-9.197631633e-01,1.720865461e-01,-3.527349487e-01
250.865 MARGIN checkpoint=238 n=0.476176150 ratio=411.807371 kepler_ratio=409.998415 over=0.995607 periapsis_over_rstar=125.242080 separation_over_rstar=125.242110 period=3.325550845e-17
251.944 ACTION checkpoint=239 t=3.756357390e-10 a_over_apair=0.226737046 n=0.476169136 Jphi_over_h=0.478303677 Jr_over_h=-0.002134541 e=0.000000000 eps=-1.05540606667352598e+13 L=1.10744171818281589e-04 mu1=6.228655487e-24,1.436975732e-24,-6.733929525e-24 mu2=-4.273303646e-24,5.329473513e-24,-6.288278245e-24 nhat=6.713238716e-01,6.447030878e-01,3.656257485e-01
251.944 MARGIN checkpoint=239 n=0.476169136 ratio=411.830362 kepler_ratio=409.992375 over=0.995537 periapsis_over_rstar=125.256064 separation_over_rstar=125.256094 period=3.326107864e-17
253.017 ACTION checkpoint=240 t=3.757445360e-10 a_over_apair=0.226730367 n=0.476162123 Jphi_over_h=0.478330932 Jr_over_h=-0.002168810 e=0.000000000 eps=-1.05543715506126055e+13 L=1.10750482394493513e-04 mu1=-2.671078648e-24,-3.337289773e-24,-8.242250366e-24 mu2=1.522778346e-24,6.867625250e-24,-6.060010298e-24 nhat=-9.832151200e-01,-6.601053292e-02,1.700900861e-01
253.017 MARGIN checkpoint=240 n=0.476162123 ratio=411.853830 kepler_ratio=409.986337 over=0.995466 periapsis_over_rstar=125.270340 separation_over_rstar=125.270370 period=3.326676494e-17
254.104 ACTION checkpoint=241 t=3.758533183e-10 a_over_apair=0.226723684 n=0.476155104 Jphi_over_h=0.478359603 Jr_over_h=-0.002204498 e=0.000000000 eps=-1.05546826785469629e+13 L=1.10757120676154925e-04 mu1=1.809159703e-24,7.693119458e-25,-9.074246832e-24 mu2=-7.829693157e-24,3.301795003e-24,-3.741779002e-24 nhat=5.740852480e-01,7.977237051e-01,-1.845616927e-01
254.104 MARGIN checkpoint=241 n=0.476155104 ratio=411.878516 kepler_ratio=409.980294 over=0.995391 periapsis_over_rstar=125.285357 separation_over_rstar=125.285387 period=3.327274723e-17
255.176 ACTION checkpoint=242 t=3.759621202e-10 a_over_apair=0.226717007 n=0.476148093 Jphi_over_h=0.478392335 Jr_over_h=-0.002244242 e=0.000000000 eps=-1.05549935213430996e+13 L=1.10764699269128453e-04 mu1=-4.733930023e-24,-6.187886426e-24,-5.050428040e-24 mu2=-2.906985711e-24,4.793324355e-24,-7.401373587e-24 nhat=-7.166442434e-01,-1.533989848e-01,6.803600369e-01
255.176 MARGIN checkpoint=242 n=0.476148093 ratio=411.906699 kepler_ratio=409.974257 over=0.995309 periapsis_over_rstar=125.302503 separation_over_rstar=125.302533 period=3.327957779e-17
256.239 ACTION checkpoint=243 t=3.760709111e-10 a_over_apair=0.226710337 n=0.476141090 Jphi_over_h=0.478424088 Jr_over_h=-0.002282998 e=0.000000000 eps=-1.05553040188017832e+13 L=1.10772051297602575e-04 mu1=-2.914261985e-24,-1.107869688e-24,-8.745659330e-24 mu2=-9.105026721e-24,1.754826114e-24,4.753198875e-25 nhat=1.858914117e-01,7.604376886e-01,-6.222370166e-01
256.239 MARGIN checkpoint=243 n=0.476141090 ratio=411.934039 kepler_ratio=409.968227 over=0.995228 periapsis_over_rstar=125.319138 separation_over_rstar=125.319168 period=3.328620505e-17
257.313 ACTION checkpoint=244 t=3.761796905e-10 a_over_apair=0.226703665 n=0.476134083 Jphi_over_h=0.478455331 Jr_over_h=-0.002321249 e=0.000000000 eps=-1.05556147068791465e+13 L=1.10779285132631865e-04 mu1=-4.233506442e-24,-8.205120843e-24,-9.799338919e-25 mu2=-6.865944258e-24,1.913607914e-24,-5.950106677e-24 nhat=-2.146244396e-01,-5.631272853e-02,9.750719084e-01
257.313 MARGIN checkpoint=244 n=0.476134083 ratio=411.960940 kepler_ratio=409.962194 over=0.995148 periapsis_over_rstar=125.335506 separation_over_rstar=125.335536 period=3.329272661e-17
258.392 ACTION checkpoint=245 t=3.762884578e-10 a_over_apair=0.226696993 n=0.476127076 Jphi_over_h=0.478488651 Jr_over_h=-0.002361575 e=0.000000000 eps=-1.05559253678520312e+13 L=1.10786999808643543e-04 mu1=-6.380455001e-24,-3.445118493e-24,-5.798948855e-24 mu2=-7.857514192e-24,1.410078617e-24,4.741097372e-24 nhat=-3.446387687e-01,5.360779121e-01,-7.706131269e-01
258.392 MARGIN checkpoint=245 n=0.476127076 ratio=411.989629 kepler_ratio=409.956161 over=0.995064 periapsis_over_rstar=125.352963 separation_over_rstar=125.352993 period=3.329968262e-17
259.506 ACTION checkpoint=246 t=3.763972146e-10 a_over_apair=0.226690331 n=0.476120080 Jphi_over_h=0.478525212 Jr_over_h=-0.002405132 e=0.000000000 eps=-1.05562355891671543e+13 L=1.10795465109024807e-04 mu1=-1.476746167e-24,-8.875412798e-24,2.291969392e-24 mu2=-8.966304759e-24,-9.109111227e-25,-2.232145866e-24 nhat=3.320196806e-01,1.861180374e-01,9.247286131e-01
259.506 MARGIN checkpoint=246 n=0.476120080 ratio=412.021109 kepler_ratio=409.950138 over=0.994974 periapsis_over_rstar=125.372121 separation_over_rstar=125.372151 period=3.330731654e-17
260.567 ACTION checkpoint=247 t=3.765059629e-10 a_over_apair=0.226683670 n=0.476113085 Jphi_over_h=0.478564328 Jr_over_h=-0.002451243 e=0.000000000 eps=-1.05565457669757090e+13 L=1.10804521781178870e-04 mu1=-7.488912170e-24,-5.360239067e-24,-1.179358694e-24 mu2=-4.888183833e-24,2.476212343e-24,7.495391019e-24 nhat=-8.034474335e-01,2.005092420e-01,-5.605963481e-01
260.567 MARGIN checkpoint=247 n=0.476113085 ratio=412.054789 kepler_ratio=409.944115 over=0.994878 periapsis_over_rstar=125.392618 separation_over_rstar=125.392648 period=3.331548505e-17
261.645 ACTION checkpoint=248 t=3.766147047e-10 a_over_apair=0.226677007 n=0.476106088 Jphi_over_h=0.478602742 Jr_over_h=-0.002496654 e=0.000000000 eps=-1.05568560739449785e+13 L=1.10813415985171396e-04 mu1=2.316928527e-24,-8.277779785e-24,3.509566826e-24 mu2=-8.480250575e-24,-2.849883017e-24,2.484023398e-24 nhat=7.041413844e-01,4.714971184e-01,5.309193706e-01
261.645 MARGIN checkpoint=248 n=0.476106088 ratio=412.087864 kepler_ratio=409.938090 over=0.994783 periapsis_over_rstar=125.412749 separation_over_rstar=125.412779 period=3.332350832e-17
262.714 ACTION checkpoint=249 t=3.767234393e-10 a_over_apair=0.226670351 n=0.476099098 Jphi_over_h=0.478640839 Jr_over_h=-0.002541740 e=0.000000000 eps=-1.05571660429201836e+13 L=1.10822236653229081e-04 mu1=-5.936300942e-24,-6.143429716e-24,3.636682242e-24 mu2=-1.672792353e-24,4.554703631e-24,7.916015150e-24 nhat=-9.903961649e-01,-1.214993030e-01,-6.597996541e-02
262.714 MARGIN checkpoint=249 n=0.476099098 ratio=412.120666 kepler_ratio=409.932072 over=0.994689 periapsis_over_rstar=125.432715 separation_over_rstar=125.432745 period=3.333146653e-17
263.809 ACTION checkpoint=250 t=3.768321665e-10 a_over_apair=0.226663702 n=0.476092115 Jphi_over_h=0.478679035 Jr_over_h=-0.002586919 e=0.000000000 eps=-1.05574757369539785e+13 L=1.10831080365687124e-04 mu1=5.569408319e-24,-7.030097867e-24,2.401305943e-24 mu2=-5.544169466e-24,-3.369029953e-24,6.642189201e-24 nhat=7.396284279e-01,6.701860179e-01,-6.164811479e-02
263.809 MARGIN checkpoint=250 n=0.476092115 ratio=412.153553 kepler_ratio=409.926059 over=0.994595 periapsis_over_rstar=125.452736 separation_over_rstar=125.452765 period=3.333944680e-17
264.870 ACTION checkpoint=251 t=3.768868099e-10 a_over_apair=0.226657051 n=0.476085130 Jphi_over_h=0.478661607 Jr_over_h=-0.002576477 e=0.000000000 eps=-1.05577855506289434e+13 L=1.10827045192907130e-04 mu1=-2.953282316e-24,-8.774596668e-24,-7.010222246e-25 mu2=-1.499924197e-24,-1.867918421e-24,8.970393718e-24 nhat=-6.741944573e-01,3.050541920e-01,-6.726096741e-01
264.870 MARGIN checkpoint=251 n=0.476085130 ratio=412.138548 kepler_ratio=409.920045 over=0.994617 periapsis_over_rstar=125.443601 separation_over_rstar=125.443631 period=3.333580544e-17
265.938 ACTION checkpoint=252 t=3.769955180e-10 a_over_apair=0.226650398 n=0.476078142 Jphi_over_h=0.478678237 Jr_over_h=-0.002600095 e=0.000000000 eps=-1.05580954703827285e+13 L=1.10830895790296820e-04 mu1=2.493171032e-24,-4.302951019e-24,7.840635562e-24 mu2=-7.368128484e-24,1.748092625e-24,5.372309567e-24 nhat=5.987464456e-01,4.012986021e-01,6.931537534e-01
265.938 MARGIN checkpoint=252 n=0.476078142 ratio=412.152867 kepler_ratio=409.914028 over=0.994568 periapsis_over_rstar=125.452318 separation_over_rstar=125.452348 period=3.333928024e-17
267.006 ACTION checkpoint=253 t=3.771042040e-10 a_over_apair=0.226643745 n=0.476071156 Jphi_over_h=0.478696083 Jr_over_h=-0.002624927 e=0.000000000 eps=-1.05584053520646738e+13 L=1.10835027774423852e-04 mu1=-1.184358393e-24,-8.675922473e-24,3.087477890e-24 mu2=2.932895004e-24,6.763319070e-25,8.783368222e-24 nhat=-9.738238261e-01,2.990284778e-02,-2.253285945e-01
267.006 MARGIN checkpoint=253 n=0.476071156 ratio=412.168233 kepler_ratio=409.908013 over=0.994516 periapsis_over_rstar=125.461672 separation_over_rstar=125.461702 period=3.334300923e-17
268.080 ACTION checkpoint=254 t=3.772128689e-10 a_over_apair=0.226637102 n=0.476064178 Jphi_over_h=0.478712795 Jr_over_h=-0.002648618 e=0.000000000 eps=-1.05587148775011172e+13 L=1.10838897212166715e-04 mu1=6.715717752e-24,-2.035404674e-24,6.079730106e-24 mu2=-4.108271326e-24,1.498290794e-24,8.190487573e-24 nhat=7.070042571e-01,6.844463503e-01,1.779836344e-01
268.080 MARGIN checkpoint=254 n=0.476064178 ratio=412.182622 kepler_ratio=409.902005 over=0.994467 periapsis_over_rstar=125.470432 separation_over_rstar=125.470462 period=3.334650153e-17
269.176 ACTION checkpoint=255 t=3.773215451e-10 a_over_apair=0.226630456 n=0.476057198 Jphi_over_h=0.478727988 Jr_over_h=-0.002670790 e=0.000000000 eps=-1.05590245052004336e+13 L=1.10842414868412621e-04 mu1=2.323817176e-24,-7.204023620e-24,5.376687892e-24 mu2=6.051640468e-24,3.628321288e-24,6.034880906e-24 nhat=-9.299483462e-01,-1.366037292e-01,3.413729551e-01
269.176 MARGIN checkpoint=255 n=0.476057198 ratio=412.195704 kepler_ratio=409.895995 over=0.994421 periapsis_over_rstar=125.478397 separation_over_rstar=125.478426 period=3.334967655e-17
270.246 ACTION checkpoint=256 t=3.774301984e-10 a_over_apair=0.226623806 n=0.476050214 Jphi_over_h=0.478744095 Jr_over_h=-0.002693881 e=0.000000000 eps=-1.05593343355570527e+13 L=1.10846144115538177e-04 mu1=9.040609879e-24,1.379177515e-25,2.110736123e-24 mu2=2.463343582e-25,2.595647331e-24,8.911160956e-24 nhat=4.786484598e-01,8.054237980e-01,-3.495542270e-01
270.246 MARGIN checkpoint=256 n=0.476050214 ratio=412.209572 kepler_ratio=409.889981 over=0.994373 periapsis_over_rstar=125.486840 separation_over_rstar=125.486870 period=3.335304277e-17
271.315 ACTION checkpoint=257 t=3.775388292e-10 a_over_apair=0.226617164 n=0.476043237 Jphi_over_h=0.478762975 Jr_over_h=-0.002719737 e=0.000000000 eps=-1.05596438382397793e+13 L=1.10850515436105145e-04 mu1=6.179778824e-24,-4.637072948e-24,5.149246881e-24 mu2=6.783331436e-24,6.113416017e-24,1.679111226e-24 nhat=-5.784531029e-01,-1.273964358e-01,8.057059984e-01
271.315 MARGIN checkpoint=257 n=0.476043237 ratio=412.225828 kepler_ratio=409.883974 over=0.994319 periapsis_over_rstar=125.496738 separation_over_rstar=125.496767 period=3.335698884e-17
272.388 ACTION checkpoint=258 t=3.776474729e-10 a_over_apair=0.226610525 n=0.476036265 Jphi_over_h=0.478784183 Jr_over_h=-0.002747919 e=0.000000000 eps=-1.05599531700257949e+13 L=1.10855426046736107e-04 mu1=8.752087468e-24,1.386392356e-24,-2.772316083e-24 mu2=4.111333207e-24,4.513303293e-24,6.995276114e-24 nhat=1.143899961e-02,7.300795614e-01,-6.832664073e-01
272.388 MARGIN checkpoint=258 n=0.476036265 ratio=412.244089 kepler_ratio=409.877971 over=0.994260 periapsis_over_rstar=125.507857 separation_over_rstar=125.507887 period=3.336142212e-17
273.468 ACTION checkpoint=259 t=3.777560977e-10 a_over_apair=0.226603881 n=0.476029286 Jphi_over_h=0.478804825 Jr_over_h=-0.002775539 e=0.000000000 eps=-1.05602627808321836e+13 L=1.10860205302867459e-04 mu1=8.803614056e-24,-1.718901707e-24,2.397626275e-24 mu2=4.845928139e-24,7.420117332e-24,-2.768699067e-24 nhat=-6.538704778e-02,5.384940695e-02,9.964059290e-01
273.468 MARGIN checkpoint=259 n=0.476029286 ratio=412.261862 kepler_ratio=409.871962 over=0.994203 periapsis_over_rstar=125.518679 separation_over_rstar=125.518709 period=3.336573719e-17
274.559 ACTION checkpoint=260 t=3.778647032e-10 a_over_apair=0.226597241 n=0.476022311 Jphi_over_h=0.478827440 Jr_over_h=-0.002805130 e=0.000000000 eps=-1.05605722731382559e+13 L=1.10865441569190843e-04 mu1=6.037763713e-24,1.178472057e-24,-6.954384820e-24 mu2=6.058789686e-24,6.380356660e-24,2.964619994e-24 nhat=-5.128515887e-01,4.966386267e-01,-7.002380470e-01
274.559 MARGIN checkpoint=260 n=0.476022311 ratio=412.281334 kepler_ratio=409.865956 over=0.994141 periapsis_over_rstar=125.530536 separation_over_rstar=125.530566 period=3.337046531e-17
275.628 ACTION checkpoint=261 t=3.779732907e-10 a_over_apair=0.226590608 n=0.476015345 Jphi_over_h=0.478851979 Jr_over_h=-0.002836634 e=0.000000000 eps=-1.05608813711298398e+13 L=1.10871123077994901e-04 mu1=9.067870403e-24,6.291710368e-25,-1.893337116e-24 mu2=8.899344183e-25,7.244971993e-24,-5.738053052e-24 nhat=4.092369930e-01,3.375968829e-01,8.476753083e-01
275.628 MARGIN checkpoint=261 n=0.476015345 ratio=412.302462 kepler_ratio=409.859958 over=0.994076 periapsis_over_rstar=125.543403 separation_over_rstar=125.543433 period=3.337559596e-17
276.694 ACTION checkpoint=262 t=3.780818949e-10 a_over_apair=0.226583974 n=0.476008376 Jphi_over_h=0.478878627 Jr_over_h=-0.002870251 e=0.000000000 eps=-1.05611906009825234e+13 L=1.10877292956568728e-04 mu1=1.945090938e-24,-5.178504905e-25,-9.063956497e-24 mu2=5.374793219e-24,7.344869436e-24,-1.836122574e-24 nhat=-8.961134128e-01,1.973524753e-01,-3.975333344e-01
276.694 MARGIN checkpoint=262 n=0.476008376 ratio=412.325406 kepler_ratio=409.853958 over=0.994006 periapsis_over_rstar=125.557376 separation_over_rstar=125.557406 period=3.338116824e-17
277.771 ACTION checkpoint=263 t=3.781904838e-10 a_over_apair=0.226577337 n=0.476001404 Jphi_over_h=0.478905747 Jr_over_h=-0.002904343 e=0.000000000 eps=-1.05614999637919473e+13 L=1.10883572265705596e-04 mu1=6.733117644e-24,1.702590509e-24,-6.162237226e-24 mu2=-3.735255243e-24,5.831518733e-24,-6.184505866e-24 nhat=6.667517238e-01,6.171931915e-01,4.177495699e-01
277.771 MARGIN checkpoint=263 n=0.476001404 ratio=412.348758 kepler_ratio=409.847955 over=0.993935 periapsis_over_rstar=125.571598 separation_over_rstar=125.571628 period=3.338683998e-17
278.894 ACTION checkpoint=264 t=3.782990578e-10 a_over_apair=0.226570709 n=0.475994442 Jphi_over_h=0.478934045 Jr_over_h=-0.002939603 e=0.000000000 eps=-1.05618089212280840e+13 L=1.10890124210559119e-04 mu1=-1.979109592e-24,-3.208769434e-24,-8.484914803e-24 mu2=2.307814423e-24,6.896238977e-24,-5.772584849e-24 nhat=-9.923928946e-01,-5.480682708e-02,1.102386247e-01
278.894 MARGIN checkpoint=264 n=0.475994442 ratio=412.373123 kepler_ratio=409.841961 over=0.993862 periapsis_over_rstar=125.586438 separation_over_rstar=125.586468 period=3.339275866e-17
279.971 ACTION checkpoint=265 t=3.784076177e-10 a_over_apair=0.226564085 n=0.475987484 Jphi_over_h=0.478966124 Jr_over_h=-0.002978640 e=0.000000000 eps=-1.05621177199701895e+13 L=1.10897551632887717e-04 mu1=2.507581965e-24,1.231313333e-24,-8.854533045e-24 mu2=-7.431442301e-24,3.879332910e-24,-3.991402859e-24 nhat=6.071561709e-01,7.836102579e-01,-1.315915950e-01
279.971 MARGIN checkpoint=265 n=0.475987484 ratio=412.400743 kepler_ratio=409.835969 over=0.993781 periapsis_over_rstar=125.603262 separation_over_rstar=125.603292 period=3.339946905e-17
281.042 ACTION checkpoint=266 t=3.785161660e-10 a_over_apair=0.226557456 n=0.475980521 Jphi_over_h=0.478997671 Jr_over_h=-0.003017150 e=0.000000000 eps=-1.05624267520603281e+13 L=1.10904855904075649e-04 mu1=-4.266017886e-24,-6.041893866e-24,-5.612794775e-24 mu2=-2.052431210e-24,5.043392310e-24,-7.520543558e-24 nhat=-7.591589195e-01,-1.650187819e-01,6.296400056e-01
281.042 MARGIN checkpoint=266 n=0.475980521 ratio=412.427906 kepler_ratio=409.829974 over=0.993701 periapsis_over_rstar=125.619808 separation_over_rstar=125.619838 period=3.340606905e-17
282.117 ACTION checkpoint=267 t=3.786247023e-10 a_over_apair=0.226550832 n=0.475973563 Jphi_over_h=0.479028745 Jr_over_h=-0.003055182 e=0.000000000 eps=-1.05627355772634199e+13 L=1.10912050626908954e-04 mu1=-2.243115464e-24,-5.132417287e-25,-8.995102624e-24 mu2=-8.998549140e-24,2.287295947e-24,-3.529734331e-26 nhat=2.491847817e-01,7.663528119e-01,-5.921235616e-01
282.117 MARGIN checkpoint=267 n=0.475973563 ratio=412.454662 kepler_ratio=409.823983 over=0.993622 periapsis_over_rstar=125.636107 separation_over_rstar=125.636137 period=3.341257091e-17
283.187 ACTION checkpoint=268 t=3.787332263e-10 a_over_apair=0.226544217 n=0.475966613 Jphi_over_h=0.479061053 Jr_over_h=-0.003094440 e=0.000000000 eps=-1.05630440159510527e+13 L=1.10919531095142609e-04 mu1=-4.111729042e-24,-8.147091731e-24,-1.710390567e-24 mu2=-6.193202230e-24,2.287460153e-24,-6.528294376e-24 nhat=-2.762395891e-01,-9.185624773e-02,9.566891445e-01
283.187 MARGIN checkpoint=268 n=0.475966613 ratio=412.482480 kepler_ratio=409.817999 over=0.993540 periapsis_over_rstar=125.653055 separation_over_rstar=125.653085 period=3.341933190e-17
284.287 ACTION checkpoint=269 t=3.788417723e-10 a_over_apair=0.226537600 n=0.475959662 Jphi_over_h=0.479096649 Jr_over_h=-0.003136987 e=0.000000000 eps=-1.05633525747740156e+13 L=1.10927772808147300e-04 mu1=-5.998616281e-24,-2.846804744e-24,-6.489927637e-24 mu2=-8.103124180e-24,1.793026556e-24,4.163086544e-24 nhat=-2.736258182e-01,5.594930154e-01,-7.823659485e-01
284.287 MARGIN checkpoint=269 n=0.475959662 ratio=412.513128 kepler_ratio=409.812014 over=0.993452 periapsis_over_rstar=125.671729 separation_over_rstar=125.671758 period=3.342678197e-17
285.362 ACTION checkpoint=270 t=3.789503091e-10 a_over_apair=0.226530982 n=0.475952710 Jphi_over_h=0.479134886 Jr_over_h=-0.003182176 e=0.000000000 eps=-1.05636611686701602e+13 L=1.10936625950308848e-04 mu1=-1.692006585e-24,-8.986673664e-24,1.607378442e-24 mu2=-8.711964099e-24,-5.754581331e-25,-3.158699850e-24 nhat=2.788647997e-01,1.355609005e-01,9.507142924e-01
285.362 MARGIN checkpoint=270 n=0.475952710 ratio=412.546051 kepler_ratio=409.806028 over=0.993358 periapsis_over_rstar=125.691789 separation_over_rstar=125.691819 period=3.343478598e-17
286.427 ACTION checkpoint=271 t=3.790588049e-10 a_over_apair=0.226524373 n=0.475945767 Jphi_over_h=0.479172968 Jr_over_h=-0.003227201 e=0.000000000 eps=-1.05639693398934004e+13 L=1.10945443342352294e-04 mu1=-7.584278538e-24,-4.916895717e-24,-2.123607978e-24 mu2=-5.422200262e-24,2.654490215e-24,7.054096774e-24 nhat=-7.530808800e-01,2.299320335e-01,-6.164417638e-01
286.427 MARGIN checkpoint=271 n=0.475945767 ratio=412.578841 kepler_ratio=409.800050 over=0.993265 periapsis_over_rstar=125.711770 separation_over_rstar=125.711800 period=3.344275893e-17
287.495 ACTION checkpoint=272 t=3.791672933e-10 a_over_apair=0.226517768 n=0.475938828 Jphi_over_h=0.479210590 Jr_over_h=-0.003271761 e=0.000000000 eps=-1.05642773734858301e+13 L=1.10954154089150289e-04 mu1=1.863690738e-24,-8.565918163e-24,3.059176055e-24 mu2=-8.763146901e-24,-2.700685460e-24,1.456162666e-24 nhat=6.841537010e-01,4.216408729e-01,5.951072909e-01
287.495 MARGIN checkpoint=272 n=0.475938828 ratio=412.611234 kepler_ratio=409.794076 over=0.993172 periapsis_over_rstar=125.731511 separation_over_rstar=125.731541 period=3.345063670e-17
288.580 ACTION checkpoint=273 t=3.792757737e-10 a_over_apair=0.226511161 n=0.475931887 Jphi_over_h=0.479248193 Jr_over_h=-0.003316306 e=0.000000000 eps=-1.05645855490860918e+13 L=1.10962860586152795e-04 mu1=-6.549907393e-24,-5.986998447e-24,2.731559630e-24 mu2=-2.336420353e-24,4.532790700e-24,7.758982129e-24 nhat=-9.834722179e-01,-1.014167878e-01,-1.499901058e-01
288.580 MARGIN checkpoint=273 n=0.475931887 ratio=412.643611 kepler_ratio=409.788099 over=0.993080 periapsis_over_rstar=125.751244 separation_over_rstar=125.751274 period=3.345851186e-17
289.677 ACTION checkpoint=274 t=3.793842462e-10 a_over_apair=0.226504559 n=0.475924951 Jphi_over_h=0.479286197 Jr_over_h=-0.003361246 e=0.000000000 eps=-1.05648934735050352e+13 L=1.10971659964685662e-04 mu1=5.064119626e-24,-7.438049318e-24,2.288442708e-24 mu2=-6.318772764e-24,-3.508154810e-24,5.828620407e-24 nhat=7.689990299e-01,6.390204428e-01,1.712792506e-02
289.677 MARGIN checkpoint=274 n=0.475924951 ratio=412.676334 kepler_ratio=409.782127 over=0.992987 periapsis_over_rstar=125.771189 separation_over_rstar=125.771219 period=3.346647229e-17
290.738 ACTION checkpoint=275 t=3.794927110e-10 a_over_apair=0.226497964 n=0.475918022 Jphi_over_h=0.479325106 Jr_over_h=-0.003407084 e=0.000000000 eps=-1.05652010806562207e+13 L=1.10980668695166254e-04 mu1=-3.275639585e-24,-5.664133338e-24,6.587460370e-24 mu2=-2.551707598e-25,6.674549118e-24,6.449196635e-24 nhat=-8.492769173e-01,-3.057591640e-01,4.303952270e-01
290.739 MARGIN checkpoint=275 n=0.475918022 ratio=412.709835 kepler_ratio=409.776161 over=0.992892 periapsis_over_rstar=125.791610 separation_over_rstar=125.791640 period=3.347462341e-17
291.797 ACTION checkpoint=276 t=3.796011688e-10 a_over_apair=0.226491369 n=0.475911093 Jphi_over_h=0.479363232 Jr_over_h=-0.003452139 e=0.000000000 eps=-1.05655087460753672e+13 L=1.10989496155457747e-04 mu1=6.731028191e-24,-6.395312078e-24,-9.909418425e-27 mu2=-2.127934301e-24,-2.822434470e-24,8.585605078e-24 nhat=4.853383776e-01,6.790201053e-01,-5.507979265e-01
291.797 MARGIN checkpoint=276 n=0.475911093 ratio=412.742662 kepler_ratio=409.770195 over=0.992798 periapsis_over_rstar=125.811622 separation_over_rstar=125.811652 period=3.348261181e-17
292.861 ACTION checkpoint=277 t=3.797096190e-10 a_over_apair=0.226484775 n=0.475904165 Jphi_over_h=0.479399158 Jr_over_h=-0.003494992 e=0.000000000 eps=-1.05658163539235566e+13 L=1.10997814257655721e-04 mu1=1.186452787e-24,-4.004425799e-24,8.292391638e-24 mu2=7.038327452e-26,8.274994108e-24,4.210270060e-24 nhat=-3.844765018e-01,-2.990603921e-01,8.733502742e-01
292.861 MARGIN checkpoint=277 n=0.475904165 ratio=412.773595 kepler_ratio=409.764230 over=0.992709 periapsis_over_rstar=125.830481 separation_over_rstar=125.830511 period=3.349014043e-17
293.951 ACTION checkpoint=278 t=3.798180600e-10 a_over_apair=0.226478188 n=0.475897245 Jphi_over_h=0.479432420 Jr_over_h=-0.003535175 e=0.000000000 eps=-1.05661236445453848e+13 L=1.11005515578900752e-04 mu1=6.590477180e-24,-6.049734665e-24,-2.484587752e-24 mu2=2.539719629e-24,-9.168092284e-25,8.883475689e-24 nhat=-5.480890273e-02,5.036860334e-01,-8.621463704e-01
293.951 MARGIN checkpoint=278 n=0.475897245 ratio=412.802234 kepler_ratio=409.758272 over=0.992626 periapsis_over_rstar=125.847942 separation_over_rstar=125.847972 period=3.349711181e-17
295.020 ACTION checkpoint=279 t=3.799264902e-10 a_over_apair=0.226471603 n=0.475890327 Jphi_over_h=0.479463160 Jr_over_h=-0.003572833 e=0.000000000 eps=-1.05664308422283477e+13 L=1.11012633064726712e-04 mu1=5.453555660e-24,-1.478730428e-24,7.367424398e-24 mu2=-1.082812860e-24,8.899000096e-24,2.417057896e-24 nhat=2.243707361e-01,-8.543224856e-02,9.707518239e-01
295.020 MARGIN checkpoint=279 n=0.475890327 ratio=412.828703 kepler_ratio=409.752315 over=0.992548 periapsis_over_rstar=125.864081 separation_over_rstar=125.864111 period=3.350355555e-17
296.084 ACTION checkpoint=280 t=3.800349077e-10 a_over_apair=0.226465019 n=0.475883409 Jphi_over_h=0.479495292 Jr_over_h=-0.003611884 e=0.000000000 eps=-1.05667380793556270e+13 L=1.11020072810008908e-04 mu1=5.361451382e-24,-6.495419999e-24,-3.907839991e-24 mu2=6.292838765e-24,1.585536913e-24,6.640264170e-24 nhat=-6.143441856e-01,1.725232010e-01,-7.699460804e-01
296.084 MARGIN checkpoint=280 n=0.475883409 ratio=412.856369 kepler_ratio=409.746358 over=0.992467 periapsis_over_rstar=125.880952 separation_over_rstar=125.880982 period=3.351029194e-17
297.152 ACTION checkpoint=281 t=3.801433470e-10 a_over_apair=0.226458438 n=0.475876494 Jphi_over_h=0.479527296 Jr_over_h=-0.003650802 e=0.000000000 eps=-1.05670451395115059e+13 L=1.11027482780230892e-04 mu1=8.234556481e-24,1.183545739e-24,4.122881798e-24 mu2=-2.641647028e-24,8.689910382e-24,1.927177679e-24 nhat=7.117166974e-01,2.370367464e-01,6.612661518e-01
297.153 MARGIN checkpoint=281 n=0.475876494 ratio=412.883925 kepler_ratio=409.740405 over=0.992386 periapsis_over_rstar=125.897756 separation_over_rstar=125.897786 period=3.351700225e-17
298.213 ACTION checkpoint=282 t=3.802517745e-10 a_over_apair=0.226451862 n=0.475869585 Jphi_over_h=0.479556225 Jr_over_h=-0.003686640 e=0.000000000 eps=-1.05673520074335781e+13 L=1.11034180874697769e-04 mu1=4.240255366e-24,-7.292821874e-24,-3.878380953e-24 mu2=8.033455272e-24,3.908203882e-24,2.529109346e-24 nhat=-9.356341688e-01,-1.778722071e-01,-3.048773197e-01
298.213 MARGIN checkpoint=282 n=0.475869585 ratio=412.908834 kepler_ratio=409.734455 over=0.992312 periapsis_over_rstar=125.912947 separation_over_rstar=125.912977 period=3.352306868e-17
299.301 ACTION checkpoint=283 t=3.803601881e-10 a_over_apair=0.226445287 n=0.475862676 Jphi_over_h=0.479583340 Jr_over_h=-0.003720664 e=0.000000000 eps=-1.05676588469251836e+13 L=1.11040459062809542e-04 mu1=8.700111190e-24,3.210567629e-24,-4.551659673e-25 mu2=-3.436490803e-24,8.227485524e-24,2.589569111e-24 nhat=8.531649966e-01,5.165442437e-01,7.274292285e-02
299.301 MARGIN checkpoint=283 n=0.475862676 ratio=412.932181 kepler_ratio=409.728507 over=0.992242 periapsis_over_rstar=125.927186 separation_over_rstar=125.927216 period=3.352875547e-17
300.367 ACTION checkpoint=284 t=3.804685866e-10 a_over_apair=0.226438712 n=0.475855769 Jphi_over_h=0.479609642 Jr_over_h=-0.003753874 e=0.000000000 eps=-1.05679656496679883e+13 L=1.11046548881911758e-04 mu1=4.120229177e-24,-7.747172451e-24,-3.035108864e-24 mu2=7.258848328e-24,5.345463373e-24,-2.223060401e-24 nhat=-8.620309293e-01,-3.902516696e-01,3.234289897e-01
300.367 MARGIN checkpoint=284 n=0.475855769 ratio=412.954827 kepler_ratio=409.722559 over=0.992173 periapsis_over_rstar=125.940999 separation_over_rstar=125.941029 period=3.353427225e-17
301.435 ACTION checkpoint=285 t=3.805769693e-10 a_over_apair=0.226432142 n=0.475848864 Jphi_over_h=0.479633968 Jr_over_h=-0.003785104 e=0.000000000 eps=-1.05682723189850449e+13 L=1.11052181155079483e-04 mu1=6.716618015e-24,4.013297916e-24,-4.998733595e-24 mu2=-2.996954737e-24,8.107843156e-24,3.389394774e-24 nhat=5.810256359e-01,6.200487023e-01,-5.272085140e-01
301.435 MARGIN checkpoint=285 n=0.475848864 ratio=412.975772 kepler_ratio=409.716615 over=0.992108 periapsis_over_rstar=125.953775 separation_over_rstar=125.953805 period=3.353937507e-17
302.493 ACTION checkpoint=286 t=3.806853351e-10 a_over_apair=0.226425574 n=0.475841963 Jphi_over_h=0.479656889 Jr_over_h=-0.003814926 e=0.000000000 eps=-1.05685788556545723e+13 L=1.11057488150483283e-04 mu1=4.950493296e-24,-7.431009712e-24,-2.545499178e-24 mu2=4.209798447e-24,5.470145373e-24,-6.209827849e-24 nhat=-4.264065836e-01,-3.687188402e-01,8.259684270e-01
302.493 MARGIN checkpoint=286 n=0.475841963 ratio=412.995507 kepler_ratio=409.710673 over=0.992046 periapsis_over_rstar=125.965813 separation_over_rstar=125.965843 period=3.354418367e-17
303.571 ACTION checkpoint=287 t=3.807937163e-10 a_over_apair=0.226419007 n=0.475835063 Jphi_over_h=0.479677050 Jr_over_h=-0.003841987 e=0.000000000 eps=-1.05688853722480469e+13 L=1.11062156093073920e-04 mu1=2.874504339e-24,3.355840902e-24,-8.165929949e-24 mu2=-1.855413341e-24,8.504833133e-24,3.229877704e-24 nhat=2.147368692e-02,5.016102414e-01,-8.648271773e-01
303.571 MARGIN checkpoint=287 n=0.475835063 ratio=413.012866 kepler_ratio=409.704732 over=0.991990 periapsis_over_rstar=125.976403 separation_over_rstar=125.976433 period=3.354841360e-17
304.639 ACTION checkpoint=288 t=3.809020777e-10 a_over_apair=0.226412441 n=0.475828163 Jphi_over_h=0.479697045 Jr_over_h=-0.003868882 e=0.000000000 eps=-1.05691919037602148e+13 L=1.11066785748429182e-04 mu1=5.829042948e-24,-6.463276001e-24,-3.233446599e-24 mu2=-2.174548933e-25,4.251922544e-24,-8.251104370e-24 nhat=1.692741540e-01,-1.232904848e-01,9.778270385e-01
304.639 MARGIN checkpoint=288 n=0.475828163 ratio=413.030083 kepler_ratio=409.698790 over=0.991935 periapsis_over_rstar=125.986906 separation_over_rstar=125.986935 period=3.355260920e-17
305.714 ACTION checkpoint=289 t=3.810104191e-10 a_over_apair=0.226405878 n=0.475821266 Jphi_over_h=0.479717280 Jr_over_h=-0.003896014 e=0.000000000 eps=-1.05694982866990840e+13 L=1.11071470897967396e-04 mu1=-1.683664838e-24,1.418994216e-24,-9.019899301e-24 mu2=-1.149243266e-24,9.051220855e-24,1.720899828e-24 nhat=-5.694902755e-01,2.228019554e-01,-7.912269679e-01
305.714 MARGIN checkpoint=289 n=0.475821266 ratio=413.047506 kepler_ratio=409.692852 over=0.991878 periapsis_over_rstar=125.997535 separation_over_rstar=125.997565 period=3.355685544e-17
306.778 ACTION checkpoint=290 t=3.811187406e-10 a_over_apair=0.226399318 n=0.475814373 Jphi_over_h=0.479733008 Jr_over_h=-0.003918635 e=0.000000000 eps=-1.05698045392015000e+13 L=1.11075112309433525e-04 mu1=5.620543400e-24,-5.453323296e-24,-4.987746203e-24 mu2=-4.714286257e-24,2.067424332e-24,-7.727102756e-24 nhat=6.506471845e-01,2.353052670e-01,7.220039284e-01
306.778 MARGIN checkpoint=290 n=0.475814373 ratio=413.061047 kepler_ratio=409.686917 over=0.991831 periapsis_over_rstar=126.005797 separation_over_rstar=126.005826 period=3.356015597e-17
307.849 ACTION checkpoint=291 t=3.812270728e-10 a_over_apair=0.226392756 n=0.475807478 Jphi_over_h=0.479747421 Jr_over_h=-0.003939943 e=0.000000000 eps=-1.05701109004911816e+13 L=1.11078449471357658e-04 mu1=-5.590828236e-24,-1.247445996e-24,-7.307076940e-24 mu2=-1.814661460e-24,9.092011516e-24,-4.991849992e-25 nhat=-9.333416818e-01,-8.110553026e-02,-3.497073033e-01
307.849 MARGIN checkpoint=291 n=0.475807478 ratio=413.073457 kepler_ratio=409.680980 over=0.991787 periapsis_over_rstar=126.013368 separation_over_rstar=126.013398 period=3.356318093e-17
308.924 ACTION checkpoint=292 t=3.813353812e-10 a_over_apair=0.226386195 n=0.475800583 Jphi_over_h=0.479762881 Jr_over_h=-0.003962299 e=0.000000000 eps=-1.05704172438881738e+13 L=1.11082029135326765e-04 mu1=3.798074401e-24,-5.072125596e-24,-6.786385493e-24 mu2=-7.954349917e-24,-4.064113400e-25,-4.771792378e-24 nhat=8.097307466e-01,5.557555887e-01,1.883397029e-01
308.924 MARGIN checkpoint=292 n=0.475800583 ratio=413.086769 kepler_ratio=409.675043 over=0.991741 periapsis_over_rstar=126.021490 separation_over_rstar=126.021520 period=3.356642589e-17
309.959 ACTION checkpoint=293 t=3.813547490e-10 a_over_apair=0.226379639 n=0.475793694 Jphi_over_h=0.479675607 Jr_over_h=-0.003881913 e=0.000000000 eps=-1.05707233476597461e+13 L=1.11061821995466119e-04 mu1=5.320339948e-25,-2.951019020e-24,-8.787222647e-24 mu2=-8.909958452e-24,-3.358230377e-25,-2.589733296e-24 nhat=5.504812776e-01,7.860537104e-01,-2.812293147e-01
309.960 MARGIN checkpoint=293 n=0.475793694 ratio=413.011624 kepler_ratio=409.669112 over=0.991907 periapsis_over_rstar=125.975645 separation_over_rstar=125.975675 period=3.354811084e-17
311.035 ACTION checkpoint=294 t=3.814630423e-10 a_over_apair=0.226373078 n=0.475786799 Jphi_over_h=0.479691118 Jr_over_h=-0.003904319 e=0.000000000 eps=-1.05710297142849336e+13 L=1.11065413451356018e-04 mu1=-7.081977063e-24,-5.682976352e-24,-1.938101115e-24 mu2=-5.821761535e-24,5.361572701e-24,-4.854635524e-24 nhat=-6.510087713e-01,-1.602894578e-01,7.419534146e-01
311.035 MARGIN checkpoint=294 n=0.475786799 ratio=413.024980 kepler_ratio=409.663175 over=0.991861 periapsis_over_rstar=125.983792 separation_over_rstar=125.983822 period=3.355136553e-17
312.134 ACTION checkpoint=295 t=3.815713126e-10 a_over_apair=0.226366513 n=0.475779899 Jphi_over_h=0.479707437 Jr_over_h=-0.003927537 e=0.000000000 eps=-1.05713363153808867e+13 L=1.11069191753428040e-04 mu1=-3.320232207e-24,-4.690858662e-24,-7.292376731e-24 mu2=-8.843356988e-24,-1.729635924e-24,2.238359229e-24 nhat=1.105165708e-01,7.471475842e-01,-6.554056569e-01
312.134 MARGIN checkpoint=295 n=0.475779899 ratio=413.039030 kepler_ratio=409.657234 over=0.991812 periapsis_over_rstar=125.992364 separation_over_rstar=125.992394 period=3.355478977e-17
313.208 ACTION checkpoint=296 t=3.816795939e-10 a_over_apair=0.226359946 n=0.475772999 Jphi_over_h=0.479726324 Jr_over_h=-0.003953325 e=0.000000000 eps=-1.05716429638523887e+13 L=1.11073564842889094e-04 mu1=-5.421744313e-24,-7.082932526e-24,2.577520265e-24 mu2=-8.566354948e-24,2.535951352e-24,-2.528511205e-24 nhat=-1.564894281e-01,-2.483551730e-04,9.876796025e-01
313.208 MARGIN checkpoint=296 n=0.475772999 ratio=413.055293 kepler_ratio=409.651293 over=0.991759 periapsis_over_rstar=126.002286 separation_over_rstar=126.002315 period=3.355875334e-17
314.313 ACTION checkpoint=297 t=3.817878544e-10 a_over_apair=0.226353389 n=0.475766108 Jphi_over_h=0.479747830 Jr_over_h=-0.003981723 e=0.000000000 eps=-1.05719492220297168e+13 L=1.11078544225337087e-04 mu1=-5.527706049e-24,-6.519758126e-24,-3.625475843e-24 mu2=-6.340031708e-24,-1.735683374e-24,6.557305578e-24 nhat=-4.182789361e-01,5.424586517e-01,-7.285474197e-01
314.313 MARGIN checkpoint=297 n=0.475766108 ratio=413.073810 kepler_ratio=409.645359 over=0.991700 periapsis_over_rstar=126.013583 separation_over_rstar=126.013613 period=3.356326682e-17
315.384 ACTION checkpoint=298 t=3.818960959e-10 a_over_apair=0.226346832 n=0.475759217 Jphi_over_h=0.479768603 Jr_over_h=-0.004009387 e=0.000000000 eps=-1.05722554773149980e+13 L=1.11083353934970165e-04 mu1=-1.661741326e-24,-7.041551467e-24,5.819108521e-24 mu2=-9.165551151e-24,1.153460513e-25,1.478588067e-24 nhat=3.328314524e-01,2.760895129e-01,9.016639092e-01
315.385 MARGIN checkpoint=298 n=0.475759217 ratio=413.091696 kepler_ratio=409.639426 over=0.991643 periapsis_over_rstar=126.024496 separation_over_rstar=126.024526 period=3.356762688e-17
316.460 ACTION checkpoint=299 t=3.820043515e-10 a_over_apair=0.226340270 n=0.475752320 Jphi_over_h=0.479790911 Jr_over_h=-0.004038591 e=0.000000000 eps=-1.05725619786304492e+13 L=1.11088519016128690e-04 mu1=-5.246644235e-24,-7.591324383e-24,1.025365138e-24 mu2=-2.307192914e-24,-2.564118650e-25,8.989881484e-24 nhat=-8.393390160e-01,2.560922294e-01,-4.795068157e-01
316.460 MARGIN checkpoint=299 n=0.475752320 ratio=413.110904 kepler_ratio=409.633488 over=0.991582 periapsis_over_rstar=126.036216 separation_over_rstar=126.036246 period=3.357230951e-17
317.531 ACTION checkpoint=300 t=3.821125887e-10 a_over_apair=0.226333715 n=0.475745431 Jphi_over_h=0.479814952 Jr_over_h=-0.004069521 e=0.000000000 eps=-1.05728681993313789e+13 L=1.11094085317639513e-04 mu1=2.978539864e-24,-5.714977037e-24,6.683875599e-24 mu2=-7.223265955e-24,-1.158932527e-24,5.717355999e-24 nhat=6.356142595e-01,5.679597326e-01,5.228922024e-01
317.531 MARGIN checkpoint=300 n=0.475745431 ratio=413.131603 kepler_ratio=409.627556 over=0.991518 periapsis_over_rstar=126.048847 separation_over_rstar=126.048877 period=3.357735637e-17
318.614 ACTION checkpoint=301 t=3.822208085e-10 a_over_apair=0.226327166 n=0.475738548 Jphi_over_h=0.479840855 Jr_over_h=-0.004102308 e=0.000000000 eps=-1.05731741305147168e+13 L=1.11100082854647788e-04 mu1=-2.556035433e-24,-7.338141637e-24,5.081851578e-24 mu2=1.815663740e-24,2.307972229e-24,8.808148764e-24 nhat=-9.999872027e-01,-3.328457004e-03,-3.809962048e-03
318.614 MARGIN checkpoint=301 n=0.475738548 ratio=413.153907 kepler_ratio=409.621630 over=0.991450 periapsis_over_rstar=126.062457 separation_over_rstar=126.062487 period=3.358279480e-17
319.712 ACTION checkpoint=302 t=3.823290122e-10 a_over_apair=0.226320613 n=0.475731660 Jphi_over_h=0.479867626 Jr_over_h=-0.004135966 e=0.000000000 eps=-1.05734802890852129e+13 L=1.11106281263002109e-04 mu1=6.964445510e-24,-3.711583623e-24,4.891574493e-24 mu2=-3.282094621e-24,-9.376301454e-25,8.634556149e-24 nhat=6.405700309e-01,7.678787337e-01,-5.682056369e-03
319.712 MARGIN checkpoint=302 n=0.475731660 ratio=413.176957 kepler_ratio=409.615699 over=0.991381 periapsis_over_rstar=126.076524 separation_over_rstar=126.076554 period=3.358841598e-17
320.781 ACTION checkpoint=303 t=3.824372341e-10 a_over_apair=0.226314060 n=0.475724773 Jphi_over_h=0.479895107 Jr_over_h=-0.004170334 e=0.000000000 eps=-1.05737864278061816e+13 L=1.11112644055200613e-04 mu1=1.602714931e-24,-5.676787092e-24,7.170233500e-24 mu2=4.558151423e-24,5.189113617e-24,6.205095547e-24 nhat=-8.409422616e-01,-1.402183105e-01,5.226422659e-01
320.781 MARGIN checkpoint=303 n=0.475724773 ratio=413.200619 kepler_ratio=409.609770 over=0.991310 periapsis_over_rstar=126.090965 separation_over_rstar=126.090994 period=3.359418689e-17
321.847 ACTION checkpoint=304 t=3.825454410e-10 a_over_apair=0.226307517 n=0.475717896 Jphi_over_h=0.479925368 Jr_over_h=-0.004207472 e=0.000000000 eps=-1.05740921380594414e+13 L=1.11119650608282341e-04 mu1=9.025031568e-24,-1.888079721e-24,1.091244901e-24 mu2=1.415017335e-24,5.964896165e-25,9.156898020e-24 nhat=3.446555313e-01,8.002484341e-01,-4.907290581e-01
321.847 MARGIN checkpoint=304 n=0.475717896 ratio=413.226674 kepler_ratio=409.603848 over=0.991233 periapsis_over_rstar=126.106867 separation_over_rstar=126.106897 period=3.360054245e-17
322.925 ACTION checkpoint=305 t=3.826536347e-10 a_over_apair=0.226300974 n=0.475711020 Jphi_over_h=0.479957002 Jr_over_h=-0.004245982 e=0.000000000 eps=-1.05743978401987129e+13 L=1.11126974947693005e-04 mu1=5.786959566e-24,-3.023341035e-24,6.601315266e-24 mu2=4.957921640e-24,7.522878598e-24,2.243248956e-24 nhat=-4.162046550e-01,-1.043414010e-01,9.032643894e-01
322.925 MARGIN checkpoint=305 n=0.475711020 ratio=413.253912 kepler_ratio=409.597928 over=0.991153 periapsis_over_rstar=126.123492 separation_over_rstar=126.123522 period=3.360718712e-17
324.010 ACTION checkpoint=306 t=3.827618163e-10 a_over_apair=0.226294428 n=0.475704140 Jphi_over_h=0.479987963 Jr_over_h=-0.004283824 e=0.000000000 eps=-1.05747037254881992e+13 L=1.11134143581991156e-04 mu1=8.604162917e-24,-1.025752399e-24,-3.335126353e-24 mu2=5.355072332e-24,2.831457403e-24,7.036540668e-24 nhat=-1.446568405e-01,6.461321209e-01,-7.493915404e-01
324.010 MARGIN checkpoint=306 n=0.475704140 ratio=413.280570 kepler_ratio=409.592003 over=0.991075 periapsis_over_rstar=126.139765 separation_over_rstar=126.139794 period=3.361369138e-17
325.080 ACTION checkpoint=307 t=3.828699851e-10 a_over_apair=0.226287890 n=0.475697267 Jphi_over_h=0.480018408 Jr_over_h=-0.004321141 e=0.000000000 eps=-1.05750092849866699e+13 L=1.11141192629379663e-04 mu1=8.563078981e-24,-1.382056305e-25,3.586283988e-24 mu2=2.941174768e-24,8.672286832e-24,-1.532249119e-24 nhat=1.215524932e-01,9.038940750e-02,9.884607966e-01
325.080 MARGIN checkpoint=307 n=0.475697267 ratio=413.306784 kepler_ratio=409.586086 over=0.990998 periapsis_over_rstar=126.155767 separation_over_rstar=126.155797 period=3.362008796e-17
326.148 ACTION checkpoint=308 t=3.829781410e-10 a_over_apair=0.226281357 n=0.475690401 Jphi_over_h=0.480051820 Jr_over_h=-0.004361419 e=0.000000000 eps=-1.05753145675802207e+13 L=1.11148928623108314e-04 mu1=6.105069649e-24,-1.526667682e-24,-6.826731695e-24 mu2=7.302578060e-24,4.936535177e-24,2.917161188e-24 nhat=-6.434516179e-01,3.536980350e-01,-6.788723853e-01
326.148 MARGIN checkpoint=308 n=0.475690401 ratio=413.335552 kepler_ratio=409.580174 over=0.990914 periapsis_over_rstar=126.173330 separation_over_rstar=126.173359 period=3.362710883e-17
327.230 ACTION checkpoint=309 t=3.830862857e-10 a_over_apair=0.226274822 n=0.475683531 Jphi_over_h=0.480088093 Jr_over_h=-0.004404562 e=0.000000000 eps=-1.05756200305994199e+13 L=1.11157327106275680e-04 mu1=8.991246975e-24,2.147887604e-24,-8.665517633e-25 mu2=-6.458415454e-25,8.486128395e-24,-3.711518400e-24 nhat=5.719272526e-01,3.676831507e-01,7.332859732e-01
327.230 MARGIN checkpoint=309 n=0.475683531 ratio=413.366784 kepler_ratio=409.574259 over=0.990825 periapsis_over_rstar=126.192398 separation_over_rstar=126.192428 period=3.363473206e-17
328.328 ACTION checkpoint=310 t=3.831944214e-10 a_over_apair=0.226268288 n=0.475676663 Jphi_over_h=0.480126325 Jr_over_h=-0.004449662 e=0.000000000 eps=-1.05759254015528496e+13 L=1.11166179228259837e-04 mu1=2.713797839e-24,-3.250806375e-24,-8.262833320e-24 mu2=6.685502146e-24,6.149894620e-24,-1.920862434e-24 nhat=-9.545085271e-01,2.415851277e-02,-2.972033614e-01
328.328 MARGIN checkpoint=310 n=0.475676663 ratio=413.399703 kepler_ratio=409.568346 over=0.990732 periapsis_over_rstar=126.212498 separation_over_rstar=126.212527 period=3.364276830e-17
329.438 ACTION checkpoint=311 t=3.833025493e-10 a_over_apair=0.226261764 n=0.475669806 Jphi_over_h=0.480163843 Jr_over_h=-0.004494038 e=0.000000000 eps=-1.05762303545130625e+13 L=1.11174865906340232e-04 mu1=6.905376691e-24,3.203633270e-24,-5.315953527e-24 mu2=-4.392570432e-24,7.348698656e-24,-3.592883012e-24 nhat=7.581123816e-01,6.135898793e-01,2.208462745e-01
329.438 MARGIN checkpoint=311 n=0.475669806 ratio=413.432006 kepler_ratio=409.562441 over=0.990640 periapsis_over_rstar=126.232223 separation_over_rstar=126.232253 period=3.365065559e-17
330.501 ACTION checkpoint=312 t=3.834106688e-10 a_over_apair=0.226255241 n=0.475662949 Jphi_over_h=0.480201045 Jr_over_h=-0.004538096 e=0.000000000 eps=-1.05765352849103379e+13 L=1.11183479381913623e-04 mu1=-1.073977959e-25,-5.578499950e-24,-7.421297682e-24 mu2=3.748072688e-24,6.017751855e-24,-5.995454029e-24 nhat=-9.413221958e-01,-2.220724440e-01,2.541581264e-01
330.501 MARGIN checkpoint=312 n=0.475662949 ratio=413.464037 kepler_ratio=409.556537 over=0.990549 periapsis_over_rstar=126.251784 separation_over_rstar=126.251814 period=3.365847763e-17
331.565 ACTION checkpoint=313 t=3.835187798e-10 a_over_apair=0.226248716 n=0.475656090 Jphi_over_h=0.480238307 Jr_over_h=-0.004582217 e=0.000000000 eps=-1.05768403067409004e+13 L=1.11192106963653472e-04 mu1=2.931817891e-24,2.784756679e-24,-8.358015875e-24 mu2=-6.931187956e-24,6.000057365e-24,-1.471326072e-24 nhat=5.970899733e-01,7.177484195e-01,-3.582188859e-01
331.565 MARGIN checkpoint=313 n=0.475656090 ratio=413.496121 kepler_ratio=409.550631 over=0.990458 periapsis_over_rstar=126.271378 separation_over_rstar=126.271408 period=3.366631369e-17
332.639 ACTION checkpoint=314 t=3.836268824e-10 a_over_apair=0.226242198 n=0.475649238 Jphi_over_h=0.480276061 Jr_over_h=-0.004626822 e=0.000000000 eps=-1.05771450082174434e+13 L=1.11200848251192058e-04 mu1=-1.269875938e-24,-7.685130111e-24,-5.053023408e-24 mu2=-5.596945446e-25,4.522530933e-24,-8.089518604e-24 nhat=-5.884999301e-01,-2.906001973e-01,7.544662733e-01
332.639 MARGIN checkpoint=314 n=0.475649238 ratio=413.528628 kepler_ratio=409.544732 over=0.990366 periapsis_over_rstar=126.291233 separation_over_rstar=126.291262 period=3.367425427e-17
333.731 ACTION checkpoint=315 t=3.837349767e-10 a_over_apair=0.226235686 n=0.475642393 Jphi_over_h=0.480314802 Jr_over_h=-0.004672410 e=0.000000000 eps=-1.05774494739156484e+13 L=1.11209818290107859e-04 mu1=-1.735239090e-24,1.093460267e-24,-9.055393156e-24 mu2=-7.550397271e-24,5.184893381e-24,1.521590272e-24 nhat=1.431604756e-01,6.193981204e-01,-7.719138855e-01
333.731 MARGIN checkpoint=315 n=0.475642393 ratio=413.561985 kepler_ratio=409.538838 over=0.990272 periapsis_over_rstar=126.311608 separation_over_rstar=126.311638 period=3.368240394e-17
334.820 ACTION checkpoint=316 t=3.838430636e-10 a_over_apair=0.226229172 n=0.475635545 Jphi_over_h=0.480352089 Jr_over_h=-0.004716543 e=0.000000000 eps=-1.05777540260157227e+13 L=1.11218451435778168e-04 mu1=-5.541670836e-25,-8.926747513e-24,-2.492575569e-24 mu2=-4.899008938e-24,2.070074073e-24,-7.610608387e-24 nhat=-2.168802969e-02,-1.548133613e-01,9.877056508e-01
334.820 MARGIN checkpoint=316 n=0.475635545 ratio=413.594090 kepler_ratio=409.532942 over=0.990181 periapsis_over_rstar=126.331220 separation_over_rstar=126.331250 period=3.369024878e-17
335.890 ACTION checkpoint=317 t=3.839511419e-10 a_over_apair=0.226222661 n=0.475628701 Jphi_over_h=0.480387200 Jr_over_h=-0.004758498 e=0.000000000 eps=-1.05780584498147832e+13 L=1.11226580798967509e-04 mu1=-5.715788376e-24,-1.300223291e-24,-7.200419287e-24 mu2=-6.501864577e-24,5.287527368e-24,3.996832074e-24 nhat=-4.206256517e-01,3.394594257e-01,-8.413330847e-01
335.890 MARGIN checkpoint=317 n=0.475628701 ratio=413.624321 kepler_ratio=409.527049 over=0.990094 periapsis_over_rstar=126.349689 separation_over_rstar=126.349718 period=3.369763694e-17
336.954 ACTION checkpoint=318 t=3.840592102e-10 a_over_apair=0.226216158 n=0.475621864 Jphi_over_h=0.480419761 Jr_over_h=-0.004797897 e=0.000000000 eps=-1.05783625722069844e+13 L=1.11234119875032100e-04 mu1=1.324223669e-24,-9.139345151e-24,-9.621107807e-25 mu2=-7.955967441e-24,-6.472582180e-25,-4.742414381e-24 nhat=5.315392968e-01,1.259687966e-01,8.376143733e-01
336.954 MARGIN checkpoint=318 n=0.475621864 ratio=413.652357 kepler_ratio=409.521162 over=0.990013 periapsis_over_rstar=126.366817 separation_over_rstar=126.366847 period=3.370448960e-17
338.018 ACTION checkpoint=319 t=3.841672668e-10 a_over_apair=0.226209655 n=0.475615028 Jphi_over_h=0.480449985 Jr_over_h=-0.004834957 e=0.000000000 eps=-1.05786666597588691e+13 L=1.11241117813891375e-04 mu1=-7.857212671e-24,-3.640649281e-24,-3.349139760e-24 mu2=-4.807396531e-24,6.146010941e-24,5.032131097e-24 nhat=-8.505216929e-01,-1.914436627e-02,-5.255914223e-01
338.018 MARGIN checkpoint=319 n=0.475615028 ratio=413.678380 kepler_ratio=409.515276 over=0.989936 periapsis_over_rstar=126.382718 separation_over_rstar=126.382748 period=3.371085123e-17
339.104 ACTION checkpoint=320 t=3.842753101e-10 a_over_apair=0.226203152 n=0.475608192 Jphi_over_h=0.480481827 Jr_over_h=-0.004873635 e=0.000000000 eps=-1.05789707618045078e+13 L=1.11248490371141482e-04 mu1=3.155587117e-24,-8.683127093e-24,-9.232708791e-25 mu2=-8.824860837e-24,-2.862924611e-24,-3.637982256e-25 nhat=8.341159315e-01,4.254116399e-01,3.511061798e-01
339.104 MARGIN checkpoint=320 n=0.475608192 ratio=413.705797 kepler_ratio=409.509390 over=0.989857 periapsis_over_rstar=126.399471 separation_over_rstar=126.399500 period=3.371755428e-17
340.162 ACTION checkpoint=321 t=3.843833411e-10 a_over_apair=0.226196655 n=0.475601361 Jphi_over_h=0.480513567 Jr_over_h=-0.004912206 e=0.000000000 eps=-1.05792746593821152e+13 L=1.11255839297667408e-04 mu1=-7.561775216e-24,-5.211764556e-24,1.365254950e-24 mu2=-3.628396306e-24,7.174895473e-24,4.643540725e-24 nhat=-9.494307152e-01,-3.105325039e-01,4.637759245e-02
340.162 MARGIN checkpoint=321 n=0.475601361 ratio=413.733126 kepler_ratio=409.503509 over=0.989777 periapsis_over_rstar=126.416171 separation_over_rstar=126.416200 period=3.372423673e-17
341.225 ACTION checkpoint=322 t=3.844913936e-10 a_over_apair=0.226190161 n=0.475594534 Jphi_over_h=0.480542470 Jr_over_h=-0.004947936 e=0.000000000 eps=-1.05795783949497090e+13 L=1.11262531387164664e-04 mu1=3.966491693e-24,-8.181191992e-24,-1.881992699e-24 mu2=-7.255146685e-24,-3.960624625e-24,4.228847885e-24 nhat=7.489768830e-01,6.046182761e-01,-2.710541809e-01
341.225 MARGIN checkpoint=322 n=0.475594534 ratio=413.758012 kepler_ratio=409.497630 over=0.989703 periapsis_over_rstar=126.431379 separation_over_rstar=126.431409 period=3.373032267e-17
342.290 ACTION checkpoint=323 t=3.845994318e-10 a_over_apair=0.226183667 n=0.475587707 Jphi_over_h=0.480569351 Jr_over_h=-0.004981644 e=0.000000000 eps=-1.05798821193226328e+13 L=1.11268755257201335e-04 mu1=-4.937715911e-24,-5.540967275e-24,5.578843833e-24 mu2=-3.570463877e-24,7.742651824e-24,3.675593245e-24 nhat=-6.617624129e-01,-4.110122467e-01,6.270083268e-01
342.290 MARGIN checkpoint=323 n=0.475587707 ratio=413.781157 kepler_ratio=409.491752 over=0.989634 periapsis_over_rstar=126.445524 separation_over_rstar=126.445554 period=3.373598347e-17
343.364 ACTION checkpoint=324 t=3.847074544e-10 a_over_apair=0.226177175 n=0.475580882 Jphi_over_h=0.480595922 Jr_over_h=-0.005015040 e=0.000000000 eps=-1.05801857873046777e+13 L=1.11274907410877549e-04 mu1=3.584133912e-24,-8.111728477e-24,-2.749672796e-24 mu2=-3.706040516e-24,-3.641123084e-24,7.695085552e-24 nhat=3.083645037e-01,5.765309693e-01,-7.566527435e-01
343.364 MARGIN checkpoint=324 n=0.475580882 ratio=413.804036 kepler_ratio=409.485876 over=0.989565 periapsis_over_rstar=126.459507 separation_over_rstar=126.459537 period=3.374157966e-17
344.463 ACTION checkpoint=325 t=3.848154612e-10 a_over_apair=0.226170687 n=0.475574060 Jphi_over_h=0.480620493 Jr_over_h=-0.005046433 e=0.000000000 eps=-1.05804893086627266e+13 L=1.11280596472431456e-04 mu1=-7.606103353e-25,-4.527069571e-24,8.070561833e-24 mu2=-4.318654293e-24,7.553256858e-24,3.241047856e-24 nhat=-1.098265143e-01,-2.761466615e-01,9.548199611e-01
344.463 MARGIN checkpoint=325 n=0.475574060 ratio=413.825192 kepler_ratio=409.480002 over=0.989500 periapsis_over_rstar=126.472438 separation_over_rstar=126.472468 period=3.374675515e-17
345.531 ACTION checkpoint=326 t=3.849234508e-10 a_over_apair=0.226164201 n=0.475567242 Jphi_over_h=0.480644165 Jr_over_h=-0.005076923 e=0.000000000 eps=-1.05807927172194473e+13 L=1.11286077290417710e-04 mu1=2.723055000e-24,-8.486769968e-24,-2.601261666e-24 mu2=7.894922815e-25,-2.006479665e-24,9.030924458e-24 nhat=-2.918273504e-01,3.513023959e-01,-8.896198200e-01
345.531 MARGIN checkpoint=326 n=0.475567242 ratio=413.845574 kepler_ratio=409.474131 over=0.989437 periapsis_over_rstar=126.484897 separation_over_rstar=126.484926 period=3.375174170e-17
346.595 ACTION checkpoint=327 t=3.850314564e-10 a_over_apair=0.226157716 n=0.475560424 Jphi_over_h=0.480664777 Jr_over_h=-0.005104353 e=0.000000000 eps=-1.05810961182301367e+13 L=1.11290849668939956e-04 mu1=3.759161243e-24,-2.465509049e-24,8.123843127e-24 mu2=-4.901459993e-24,6.850823943e-24,3.904965621e-24 nhat=4.618607963e-01,3.354388414e-02,8.863178960e-01
346.595 MARGIN checkpoint=327 n=0.475560424 ratio=413.863321 kepler_ratio=409.468261 over=0.989380 periapsis_over_rstar=126.495745 separation_over_rstar=126.495775 period=3.375608410e-17
347.664 ACTION checkpoint=328 t=3.851394421e-10 a_over_apair=0.226151232 n=0.475553606 Jphi_over_h=0.480684807 Jr_over_h=-0.005131201 e=0.000000000 eps=-1.05813995059575039e+13 L=1.11295487494567633e-04 mu1=2.431027913e-24,-8.862736186e-24,-1.322446925e-24 mu2=4.930648302e-24,4.764582030e-25,7.852932585e-24 nhat=-7.884596691e-01,3.098080696e-02,-6.143057380e-01
347.664 MARGIN checkpoint=328 n=0.475553606 ratio=413.880568 kepler_ratio=409.462391 over=0.989325 periapsis_over_rstar=126.506289 separation_over_rstar=126.506318 period=3.376030443e-17
348.751 ACTION checkpoint=329 t=3.852474076e-10 a_over_apair=0.226144752 n=0.475546792 Jphi_over_h=0.480705513 Jr_over_h=-0.005158721 e=0.000000000 eps=-1.05817027347867773e+13 L=1.11300281621163382e-04 mu1=7.315672485e-24,3.671710242e-26,5.717205893e-24 mu2=-4.377010573e-24,6.232707998e-24,5.310554089e-24 nhat=8.014971107e-01,3.831004825e-01,4.591692518e-01
348.751 MARGIN checkpoint=329 n=0.475546792 ratio=413.898396 kepler_ratio=409.456524 over=0.989268 periapsis_over_rstar=126.517187 separation_over_rstar=126.517217 period=3.376466736e-17
349.825 ACTION checkpoint=330 t=3.853553870e-10 a_over_apair=0.226138273 n=0.475539981 Jphi_over_h=0.480723177 Jr_over_h=-0.005183196 e=0.000000000 eps=-1.05820058685372383e+13 L=1.11304371447995548e-04 mu1=3.387067123e-24,-8.639692258e-24,3.005815304e-25 mu2=7.503720579e-24,3.101992203e-24,4.503185220e-24 nhat=-9.695405043e-01,-2.381599176e-01,-5.719321742e-02
349.825 MARGIN checkpoint=330 n=0.475539981 ratio=413.913605 kepler_ratio=409.450659 over=0.989218 periapsis_over_rstar=126.526486 separation_over_rstar=126.526515 period=3.376838963e-17
350.884 ACTION checkpoint=331 t=3.854633445e-10 a_over_apair=0.226131793 n=0.475533168 Jphi_over_h=0.480737739 Jr_over_h=-0.005204571 e=0.000000000 eps=-1.05823091016299023e+13 L=1.11307742947245551e-04 mu1=8.880883720e-24,2.232445360e-24,1.533931987e-24 mu2=-2.503591593e-24,6.241277210e-24,6.401979632e-24 nhat=7.669207880e-01,6.280755960e-01,-1.317328758e-01
350.884 MARGIN checkpoint=331 n=0.475533168 ratio=413.926143 kepler_ratio=409.444793 over=0.989174 periapsis_over_rstar=126.534151 separation_over_rstar=126.534181 period=3.377145834e-17
351.943 ACTION checkpoint=332 t=3.855712781e-10 a_over_apair=0.226125315 n=0.475526356 Jphi_over_h=0.480752947 Jr_over_h=-0.005226591 e=0.000000000 eps=-1.05826122752983066e+13 L=1.11311264199076033e-04 mu1=5.379370671e-24,-7.490868313e-24,1.075229455e-24 mu2=7.739821188e-24,5.128414262e-24,-3.728829412e-26 nhat=-7.727559899e-01,-3.364552501e-01,5.381877411e-01
351.943 MARGIN checkpoint=332 n=0.475526356 ratio=413.939237 kepler_ratio=409.438928 over=0.989128 periapsis_over_rstar=126.542157 separation_over_rstar=126.542187 period=3.377466354e-17
353.015 ACTION checkpoint=333 t=3.856792219e-10 a_over_apair=0.226118842 n=0.475519549 Jphi_over_h=0.480769311 Jr_over_h=-0.005249762 e=0.000000000 eps=-1.05829152328647832e+13 L=1.11315053064358599e-04 mu1=7.999340324e-24,3.445605350e-24,-3.216397585e-24 mu2=4.179417974e-26,7.014293195e-24,6.083157034e-24 nhat=3.830152471e-01,6.773312400e-01,-6.281096336e-01
353.015 MARGIN checkpoint=333 n=0.475519549 ratio=413.953327 kepler_ratio=409.433067 over=0.989080 periapsis_over_rstar=126.550772 separation_over_rstar=126.550801 period=3.377811257e-17
354.098 ACTION checkpoint=334 t=3.857723820e-10 a_over_apair=0.226112367 n=0.475512742 Jphi_over_h=0.480829892 Jr_over_h=-0.005317150 e=0.000000000 eps=-1.05832182575168242e+13 L=1.11329079699786244e-04 mu1=5.027104676e-24,-7.617765025e-24,-1.704326811e-24 mu2=6.547617723e-24,5.565675959e-24,-3.515509713e-24 nhat=-6.785558780e-01,-3.995906309e-01,6.163515621e-01
354.098 MARGIN checkpoint=334 n=0.475512742 ratio=414.005489 kepler_ratio=409.427205 over=0.988941 periapsis_over_rstar=126.582667 separation_over_rstar=126.582696 period=3.379088316e-17
355.164 ACTION checkpoint=335 t=3.858803100e-10 a_over_apair=0.226105897 n=0.475505938 Jphi_over_h=0.480849984 Jr_over_h=-0.005344047 e=0.000000000 eps=-1.05835211307344883e+13 L=1.11333731838095604e-04 mu1=5.783686155e-24,3.908698709e-24,-6.121919972e-24 mu2=-1.575604922e-24,8.164580156e-24,4.130854062e-24 nhat=3.159551450e-01,6.002529078e-01,-7.347576424e-01
355.164 MARGIN checkpoint=335 n=0.475505938 ratio=414.022789 kepler_ratio=409.421347 over=0.988886 periapsis_over_rstar=126.593246 separation_over_rstar=126.593276 period=3.379511942e-17
356.229 ACTION checkpoint=336 t=3.859882179e-10 a_over_apair=0.226099429 n=0.475499137 Jphi_over_h=0.480870780 Jr_over_h=-0.005371643 e=0.000000000 eps=-1.05838238737849824e+13 L=1.11338546638494558e-04 mu1=6.220282121e-24,-6.552326492e-24,-2.140552066e-24 mu2=3.005741381e-24,5.329218168e-24,-6.983681532e-24 nhat=-1.482246151e-01,-2.537630829e-01,9.558419123e-01
356.229 MARGIN checkpoint=336 n=0.475499137 ratio=414.040694 kepler_ratio=409.415491 over=0.988829 periapsis_over_rstar=126.604196 separation_over_rstar=126.604225 period=3.379950417e-17
357.298 ACTION checkpoint=337 t=3.860961059e-10 a_over_apair=0.226092965 n=0.475492340 Jphi_over_h=0.480888010 Jr_over_h=-0.005395670 e=0.000000000 eps=-1.05841264700899648e+13 L=1.11342536071838320e-04 mu1=1.673384181e-24,2.826036094e-24,-8.684478145e-24 mu2=-3.733855866e-25,8.846853731e-24,2.792958565e-24 nhat=-2.789885533e-01,4.025561336e-01,-8.718451390e-01
357.298 MARGIN checkpoint=337 n=0.475492340 ratio=414.055530 kepler_ratio=409.409639 over=0.988780 periapsis_over_rstar=126.613269 separation_over_rstar=126.613298 period=3.380313756e-17
358.363 ACTION checkpoint=338 t=3.862040055e-10 a_over_apair=0.226086499 n=0.475485541 Jphi_over_h=0.480902616 Jr_over_h=-0.005417075 e=0.000000000 eps=-1.05844291490909141e+13 L=1.11345917898701232e-04 mu1=6.617802193e-24,-5.247055356e-24,-3.857455056e-24 mu2=-1.543636450e-24,3.842077769e-24,-8.310383878e-24 nhat=4.057469873e-01,5.894686299e-02,9.120825893e-01
358.363 MARGIN checkpoint=338 n=0.475485541 ratio=414.068106 kepler_ratio=409.403785 over=0.988735 periapsis_over_rstar=126.620960 separation_over_rstar=126.620990 period=3.380621778e-17
359.453 ACTION checkpoint=339 t=3.863118811e-10 a_over_apair=0.226080034 n=0.475478742 Jphi_over_h=0.480917988 Jr_over_h=-0.005439246 e=0.000000000 eps=-1.05847318425669844e+13 L=1.11349477143574631e-04 mu1=-2.774250001e-24,6.127334284e-25,-8.839397601e-24 mu2=-3.619887474e-25,9.270016243e-24,3.776483469e-25 nhat=-7.782810747e-01,1.073013355e-01,-6.186800402e-01
359.453 MARGIN checkpoint=339 n=0.475478742 ratio=414.081342 kepler_ratio=409.397931 over=0.988690 periapsis_over_rstar=126.629055 separation_over_rstar=126.629085 period=3.380945980e-17
360.546 ACTION checkpoint=340 t=3.864197333e-10 a_over_apair=0.226073574 n=0.475471949 Jphi_over_h=0.480934691 Jr_over_h=-0.005462742 e=0.000000000 eps=-1.05850343081014648e+13 L=1.11353344302876468e-04 mu1=5.429493134e-24,-4.390949481e-24,-6.119397212e-24 mu2=-5.789326371e-24,1.563974374e-24,-7.088338282e-24 nhat=7.480692304e-01,4.098870599e-01,5.219051875e-01
360.546 MARGIN checkpoint=340 n=0.475471949 ratio=414.095723 kepler_ratio=409.392082 over=0.988641 periapsis_over_rstar=126.637851 separation_over_rstar=126.637881 period=3.381298252e-17
361.619 ACTION checkpoint=341 t=3.865275967e-10 a_over_apair=0.226067114 n=0.475465156 Jphi_over_h=0.480952398 Jr_over_h=-0.005487243 e=0.000000000 eps=-1.05853367554427578e+13 L=1.11357444274058512e-04 mu1=-6.237522292e-24,-2.120855997e-24,-6.542334505e-24 mu2=-1.985649689e-24,8.841612440e-24,-2.022360018e-24 nhat=-9.842040183e-01,-1.508227622e-01,-9.270892526e-02
361.619 MARGIN checkpoint=341 n=0.475465156 ratio=414.110970 kepler_ratio=409.386233 over=0.988591 periapsis_over_rstar=126.647177 separation_over_rstar=126.647206 period=3.381671758e-17
362.686 ACTION checkpoint=342 t=3.866354382e-10 a_over_apair=0.226060652 n=0.475458360 Jphi_over_h=0.480970461 Jr_over_h=-0.005512101 e=0.000000000 eps=-1.05856393627331660e+13 L=1.11361626461834115e-04 mu1=2.696076758e-24,-4.471357594e-24,-7.677563849e-24 mu2=-8.501016730e-24,-7.982340940e-25,-3.647244463e-24 nhat=7.455845084e-01,6.653336323e-01,-3.788005455e-02
362.686 MARGIN checkpoint=342 n=0.475458360 ratio=414.126522 kepler_ratio=409.380382 over=0.988539 periapsis_over_rstar=126.656690 separation_over_rstar=126.656719 period=3.382052783e-17
363.760 ACTION checkpoint=343 t=3.867432919e-10 a_over_apair=0.226054194 n=0.475451568 Jphi_over_h=0.480987224 Jr_over_h=-0.005535656 e=0.000000000 eps=-1.05859417891781348e+13 L=1.11365507570509347e-04 mu1=-7.665651708e-24,-4.616535661e-24,-2.476335530e-24 mu2=-4.760710352e-24,7.327794737e-24,-3.137820344e-24 nhat=-8.333259141e-01,-2.607493058e-01,4.874194503e-01
363.760 MARGIN checkpoint=343 n=0.475451568 ratio=414.140955 kepler_ratio=409.374534 over=0.988491 periapsis_over_rstar=126.665518 separation_over_rstar=126.665548 period=3.382406403e-17
364.838 ACTION checkpoint=344 t=3.868511230e-10 a_over_apair=0.226047740 n=0.475444782 Jphi_over_h=0.481003547 Jr_over_h=-0.005558765 e=0.000000000 eps=-1.05862440015172949e+13 L=1.11369286901146216e-04 mu1=-6.803671139e-25,-5.507916471e-24,-7.443575217e-24 mu2=-8.885739870e-24,-2.491126796e-24,1.022139681e-24 nhat=4.105907543e-01,7.387630446e-01,-5.344571043e-01
364.838 MARGIN checkpoint=344 n=0.475444782 ratio=414.155009 kepler_ratio=409.368690 over=0.988443 periapsis_over_rstar=126.674115 separation_over_rstar=126.674145 period=3.382750773e-17
365.904 ACTION checkpoint=345 t=3.869589313e-10 a_over_apair=0.226041283 n=0.475437991 Jphi_over_h=0.481020152 Jr_over_h=-0.005582161 e=0.000000000 eps=-1.05865464004932129e+13 L=1.11373131729608713e-04 mu1=-6.595292137e-24,-6.179076494e-24,2.127907561e-24 mu2=-7.499357153e-24,5.019301656e-24,-2.184744482e-24 nhat=-4.068329083e-01,-1.772268358e-01,8.961459889e-01
365.904 MARGIN checkpoint=345 n=0.475437991 ratio=414.169307 kepler_ratio=409.362844 over=0.988395 periapsis_over_rstar=126.682862 separation_over_rstar=126.682891 period=3.383101135e-17
366.969 ACTION checkpoint=346 t=3.870667507e-10 a_over_apair=0.226034826 n=0.475431200 Jphi_over_h=0.481037632 Jr_over_h=-0.005606432 e=0.000000000 eps=-1.05868488292229941e+13 L=1.11377178978995240e-04 mu1=-3.339493943e-24,-7.016532656e-24,-5.081624245e-24 mu2=-6.845303822e-24,-2.942726153e-24,5.539768375e-24 nhat=-1.155495538e-01,6.203705564e-01,-7.757503937e-01
366.969 MARGIN checkpoint=346 n=0.475431200 ratio=414.184358 kepler_ratio=409.356997 over=0.988345 periapsis_over_rstar=126.692069 separation_over_rstar=126.692099 period=3.383469970e-17
368.034 ACTION checkpoint=347 t=3.871745481e-10 a_over_apair=0.226028377 n=0.475424417 Jphi_over_h=0.481056511 Jr_over_h=-0.005632093 e=0.000000000 eps=-1.05871509251446934e+13 L=1.11381549954809445e-04 mu1=-3.309184495e-24,-6.399707042e-24,5.856611908e-24 mu2=-8.883903033e-24,2.607203113e-24,6.968601746e-25 nhat=1.160597451e-01,6.810301306e-02,9.909046953e-01
368.034 MARGIN checkpoint=347 n=0.475424417 ratio=414.200613 kepler_ratio=409.351156 over=0.988292 periapsis_over_rstar=126.702013 separation_over_rstar=126.702043 period=3.383868336e-17
369.150 ACTION checkpoint=348 t=3.872823243e-10 a_over_apair=0.226021927 n=0.475417634 Jphi_over_h=0.481074517 Jr_over_h=-0.005656883 e=0.000000000 eps=-1.05874530245863770e+13 L=1.11385719114279956e-04 mu1=-4.124511533e-24,-8.229162498e-24,-1.214966860e-24 mu2=-3.029788071e-24,-1.944375018e-24,8.558425399e-24 nhat=-6.305261207e-01,3.728148967e-01,-6.807685832e-01
369.150 MARGIN checkpoint=348 n=0.475417634 ratio=414.216117 kepler_ratio=409.345316 over=0.988241 periapsis_over_rstar=126.711499 separation_over_rstar=126.711528 period=3.384248338e-17
370.230 ACTION checkpoint=349 t=3.873901126e-10 a_over_apair=0.226015473 n=0.475410847 Jphi_over_h=0.481091142 Jr_over_h=-0.005680295 e=0.000000000 eps=-1.05877553492541699e+13 L=1.11389568238342705e-04 mu1=1.221601240e-24,-5.282723073e-24,7.537067243e-24 mu2=-8.074926251e-24,8.958570359e-25,4.494425602e-24 nhat=5.326651986e-01,3.846850459e-01,7.538469352e-01
370.230 MARGIN checkpoint=349 n=0.475410847 ratio=414.230431 kepler_ratio=409.339472 over=0.988193 periapsis_over_rstar=126.720257 separation_over_rstar=126.720286 period=3.384599195e-17
371.326 ACTION checkpoint=350 t=3.874978782e-10 a_over_apair=0.226009025 n=0.475404065 Jphi_over_h=0.481106594 Jr_over_h=-0.005702530 e=0.000000000 eps=-1.05880574387800527e+13 L=1.11393146055222464e-04 mu1=-2.600532279e-24,-8.445524395e-24,2.849070872e-24 mu2=1.349443907e-24,2.781147973e-25,9.181966488e-24 nhat=-9.500793928e-01,9.979120087e-02,-2.956194574e-01
371.327 MARGIN checkpoint=350 n=0.475404065 ratio=414.243736 kepler_ratio=409.333632 over=0.988147 periapsis_over_rstar=126.728397 separation_over_rstar=126.728427 period=3.384925344e-17
372.388 ACTION checkpoint=351 t=3.876056542e-10 a_over_apair=0.226002582 n=0.475397288 Jphi_over_h=0.481124188 Jr_over_h=-0.005726900 e=0.000000000 eps=-1.05883592842364824e+13 L=1.11397219673166245e-04 mu1=5.632983155e-24,-3.262857219e-24,6.620431921e-24 mu2=-5.093913369e-24,4.403012981e-25,7.750163652e-24 nhat=6.927342173e-01,6.617225544e-01,2.867796458e-01
372.388 MARGIN checkpoint=351 n=0.475397288 ratio=414.258884 kepler_ratio=409.327798 over=0.988097 periapsis_over_rstar=126.737666 separation_over_rstar=126.737696 period=3.385296715e-17
373.457 ACTION checkpoint=352 t=3.877134082e-10 a_over_apair=0.225996134 n=0.475390507 Jphi_over_h=0.481144182 Jr_over_h=-0.005753675 e=0.000000000 eps=-1.05886613659578164e+13 L=1.11401848956528963e-04 mu1=7.690240948e-25,-7.330639967e-24,5.645987503e-24 mu2=4.880372380e-24,3.116135869e-24,7.257996828e-24 nhat=-9.680628557e-01,-9.308835148e-02,2.327850213e-01
373.457 MARGIN checkpoint=352 n=0.475390507 ratio=414.276099 kepler_ratio=409.321959 over=0.988041 periapsis_over_rstar=126.748200 separation_over_rstar=126.748229 period=3.385718776e-17
374.563 ACTION checkpoint=353 t=3.878211418e-10 a_over_apair=0.225989687 n=0.475383726 Jphi_over_h=0.481165651 Jr_over_h=-0.005781925 e=0.000000000 eps=-1.05889634627328438e+13 L=1.11406819732644648e-04 mu1=8.581236754e-24,-1.074860745e-24,3.378447192e-24 mu2=-8.210117483e-25,1.340002088e-24,9.150802664e-24 nhat=5.444250383e-01,8.058422105e-01,-2.328512603e-01
374.563 MARGIN checkpoint=353 n=0.475383726 ratio=414.294585 kepler_ratio=409.316120 over=0.987983 periapsis_over_rstar=126.759511 separation_over_rstar=126.759541 period=3.386172011e-17
375.628 ACTION checkpoint=354 t=3.879288898e-10 a_over_apair=0.225983248 n=0.475376953 Jphi_over_h=0.481186528 Jr_over_h=-0.005809575 e=0.000000000 eps=-1.05892651668093164e+13 L=1.11411653556580526e-04 mu1=4.794301141e-24,-5.055609046e-24,6.136965783e-24 mu2=6.406150687e-24,5.762278418e-24,3.458935686e-24 nhat=-6.882417763e-01,-1.346232684e-01,7.128813596e-01
375.628 MARGIN checkpoint=354 n=0.475376953 ratio=414.312560 kepler_ratio=409.310289 over=0.987926 periapsis_over_rstar=126.770511 separation_over_rstar=126.770541 period=3.386612797e-17
376.699 ACTION checkpoint=355 t=3.880366180e-10 a_over_apair=0.225976809 n=0.475370181 Jphi_over_h=0.481209154 Jr_over_h=-0.005838973 e=0.000000000 eps=-1.05895668794579492e+13 L=1.11416892298355272e-04 mu1=9.198157770e-24,4.770264630e-25,-1.171833893e-24 mu2=3.361619379e-24,3.190422582e-24,8.045344876e-24 nhat=1.453426767e-01,7.723509822e-01,-6.183441329e-01
376.699 MARGIN checkpoint=355 n=0.475370181 ratio=414.332042 kepler_ratio=409.304458 over=0.987866 periapsis_over_rstar=126.782434 separation_over_rstar=126.782463 period=3.387090550e-17
377.773 ACTION checkpoint=356 t=3.881443274e-10 a_over_apair=0.225970366 n=0.475363404 Jphi_over_h=0.481233351 Jr_over_h=-0.005869946 e=0.000000000 eps=-1.05898688211224707e+13 L=1.11422494605264682e-04 mu1=8.023445118e-24,-2.225162520e-24,4.108507693e-24 mu2=5.420594426e-24,7.481394297e-24,-9.234450258e-25 nhat=-2.165274885e-01,-1.025777893e-02,9.762226307e-01
377.773 MARGIN checkpoint=356 n=0.475363404 ratio=414.352876 kepler_ratio=409.298623 over=0.987802 periapsis_over_rstar=126.795184 separation_over_rstar=126.795213 period=3.387601508e-17
378.862 ACTION checkpoint=357 t=3.882520193e-10 a_over_apair=0.225963929 n=0.475356634 Jphi_over_h=0.481259141 Jr_over_h=-0.005902507 e=0.000000000 eps=-1.05901704806657559e+13 L=1.11428465983614438e-04 mu1=7.386222565e-24,7.940435302e-25,-5.569566084e-24 mu2=6.063362150e-24,5.252343584e-24,4.674973966e-24 nhat=-3.597403461e-01,5.770093635e-01,-7.332442143e-01
378.862 MARGIN checkpoint=357 n=0.475356634 ratio=414.375082 kepler_ratio=409.292793 over=0.987735 periapsis_over_rstar=126.808775 separation_over_rstar=126.808804 period=3.388146184e-17
379.939 ACTION checkpoint=358 t=3.883597285e-10 a_over_apair=0.225957499 n=0.475349870 Jphi_over_h=0.481285753 Jr_over_h=-0.005935883 e=0.000000000 eps=-1.05904718517221055e+13 L=1.11434627711088461e-04 mu1=9.275502816e-24,3.477509425e-25,2.257699602e-25 mu2=2.250786429e-24,7.857521048e-24,-4.404563395e-24 nhat=2.782725437e-01,2.355362637e-01,9.311750963e-01
379.939 MARGIN checkpoint=358 n=0.475349870 ratio=414.397996 kepler_ratio=409.286970 over=0.987666 periapsis_over_rstar=126.822799 separation_over_rstar=126.822829 period=3.388708284e-17
380.999 ACTION checkpoint=359 t=3.884674216e-10 a_over_apair=0.225951065 n=0.475343102 Jphi_over_h=0.481312841 Jr_over_h=-0.005969739 e=0.000000000 eps=-1.05907734352882910e+13 L=1.11440899492271211e-04 mu1=3.867344863e-24,-3.210540292e-25,-8.434893200e-24 mu2=6.412555264e-24,6.714350470e-24,5.905951414e-26 nhat=-7.924779154e-01,2.885939400e-01,-5.373009319e-01
380.999 MARGIN checkpoint=359 n=0.475343102 ratio=414.421319 kepler_ratio=409.281142 over=0.987597 periapsis_over_rstar=126.837076 separation_over_rstar=126.837105 period=3.389280487e-17
382.080 ACTION checkpoint=360 t=3.885750991e-10 a_over_apair=0.225944631 n=0.475336335 Jphi_over_h=0.481342068 Jr_over_h=-0.006005733 e=0.000000000 eps=-1.05910750054433672e+13 L=1.11447666457094270e-04 mu1=8.042515774e-24,1.927986445e-24,-4.219912745e-24 mu2=-2.041437031e-24,6.942755993e-24,-5.817003468e-24 nhat=6.205092097e-01,5.146371085e-01,5.917068255e-01
382.080 MARGIN checkpoint=360 n=0.475336335 ratio=414.446483 kepler_ratio=409.275315 over=0.987523 periapsis_over_rstar=126.852480 separation_over_rstar=126.852509 period=3.389897940e-17
383.142 ACTION checkpoint=361 t=3.886827622e-10 a_over_apair=0.225938207 n=0.475329577 Jphi_over_h=0.481373527 Jr_over_h=-0.006043950 e=0.000000000 eps=-1.05913761562407383e+13 L=1.11454950337912674e-04 mu1=-4.959785958e-26,-2.563987271e-24,-8.923584739e-24 mu2=4.307840549e-24,6.979237477e-24,-4.351966144e-24 nhat=-9.951109626e-01,7.993881533e-03,-9.843916884e-02
383.142 MARGIN checkpoint=361 n=0.475329577 ratio=414.473570 kepler_ratio=409.269497 over=0.987444 periapsis_over_rstar=126.869062 separation_over_rstar=126.869091 period=3.390562644e-17
384.335 ACTION checkpoint=362 t=3.887904126e-10 a_over_apair=0.225931783 n=0.475322820 Jphi_over_h=0.481404103 Jr_over_h=-0.006081283 e=0.000000000 eps=-1.05916772763256680e+13 L=1.11462029838249585e-04 mu1=4.645735596e-24,2.100230253e-24,-7.759705467e-24 mu2=-6.022789067e-24,5.243570419e-24,-4.736859338e-24 nhat=6.858271030e-01,7.239082494e-01,7.481999167e-02
384.335 MARGIN checkpoint=362 n=0.475322820 ratio=414.499897 kepler_ratio=409.263679 over=0.987367 periapsis_over_rstar=126.885179 separation_over_rstar=126.885209 period=3.391208779e-17
385.454 ACTION checkpoint=363 t=3.888980495e-10 a_over_apair=0.225925356 n=0.475316059 Jphi_over_h=0.481434073 Jr_over_h=-0.006118014 e=0.000000000 eps=-1.05919785815232363e+13 L=1.11468969018514773e-04 mu1=-2.952675054e-24,-5.254612740e-24,-7.062408247e-24 mu2=4.520858169e-25,5.853280768e-24,-7.193161888e-24 nhat=-8.884178757e-01,-1.670365966e-01,4.275657301e-01
385.454 MARGIN checkpoint=363 n=0.475316059 ratio=414.525702 kepler_ratio=409.257858 over=0.987292 periapsis_over_rstar=126.900979 separation_over_rstar=126.901008 period=3.391842188e-17
386.583 ACTION checkpoint=364 t=3.890057066e-10 a_over_apair=0.225918936 n=0.475309306 Jphi_over_h=0.481465649 Jr_over_h=-0.006156344 e=0.000000000 eps=-1.05922795941309785e+13 L=1.11476280009848087e-04 mu1=9.591596267e-26,9.024210760e-25,-9.240307982e-24 mu2=-8.427702368e-24,3.537350344e-24,-1.633352566e-24 nhat=4.458358193e-01,7.806730583e-01,-4.379269326e-01
386.583 MARGIN checkpoint=364 n=0.475309306 ratio=414.552890 kepler_ratio=409.252042 over=0.987213 periapsis_over_rstar=126.917625 separation_over_rstar=126.917655 period=3.392509620e-17
387.700 ACTION checkpoint=365 t=3.891133509e-10 a_over_apair=0.225912522 n=0.475302559 Jphi_over_h=0.481499955 Jr_over_h=-0.006197396 e=0.000000000 eps=-1.05925803139037051e+13 L=1.11484222907702271e-04 mu1=-3.841679229e-24,-7.591971427e-24,-3.716224674e-24 mu2=-3.919226081e-24,3.587327303e-24,-7.614302661e-24 nhat=-4.988234600e-01,-1.750087464e-01,8.488504547e-01
387.700 MARGIN checkpoint=365 n=0.475302559 ratio=414.582428 kepler_ratio=409.246233 over=0.987129 periapsis_over_rstar=126.935712 separation_over_rstar=126.935742 period=3.393234840e-17
388.826 ACTION checkpoint=366 t=3.892209844e-10 a_over_apair=0.225906106 n=0.475295808 Jphi_over_h=0.481536576 Jr_over_h=-0.006240767 e=0.000000000 eps=-1.05928811882396680e+13 L=1.11492701903757416e-04 mu1=-4.243748931e-24,-1.212005518e-24,-8.168751001e-24 mu2=-8.618505892e-24,2.574301517e-24,2.302429838e-24 nhat=-1.820852426e-02,6.517872640e-01,-7.581832312e-01
388.826 MARGIN checkpoint=366 n=0.475295808 ratio=414.613959 kepler_ratio=409.240421 over=0.987040 periapsis_over_rstar=126.955021 separation_over_rstar=126.955051 period=3.394009121e-17
389.929 ACTION checkpoint=367 t=3.893286084e-10 a_over_apair=0.225899690 n=0.475289060 Jphi_over_h=0.481573987 Jr_over_h=-0.006284927 e=0.000000000 eps=-1.05931820025946719e+13 L=1.11501364034322017e-04 mu1=-2.521474637e-24,-8.931655757e-24,-2.730317988e-25 mu2=-7.425846948e-24,8.007552672e-25,-5.515654393e-24 nhat=4.101700712e-02,-1.319162515e-02,9.990713619e-01
389.929 MARGIN checkpoint=367 n=0.475289060 ratio=414.646171 kepler_ratio=409.234610 over=0.986949 periapsis_over_rstar=126.974749 separation_over_rstar=126.974778 period=3.394800248e-17
390.987 ACTION checkpoint=368 t=3.894362235e-10 a_over_apair=0.225893284 n=0.475282321 Jphi_over_h=0.481610799 Jr_over_h=-0.006328478 e=0.000000000 eps=-1.05934824153532520e+13 L=1.11509887147295369e-04 mu1=-7.090403360e-24,-3.523517101e-24,-4.849521905e-24 mu2=-6.841715528e-24,2.774872932e-24,5.630085623e-24 nhat=-5.351798849e-01,3.707871246e-01,-7.590121205e-01
390.987 MARGIN checkpoint=368 n=0.475282321 ratio=414.677867 kepler_ratio=409.228808 over=0.986860 periapsis_over_rstar=126.994161 separation_over_rstar=126.994191 period=3.395578798e-17
392.059 ACTION checkpoint=369 t=3.895438294e-10 a_over_apair=0.225886880 n=0.475275583 Jphi_over_h=0.481647388 Jr_over_h=-0.006371805 e=0.000000000 eps=-1.05937827704368359e+13 L=1.11518358971078366e-04 mu1=3.316838772e-25,-9.072135016e-24,1.947615808e-24 mu2=-8.984821426e-24,-1.737220128e-24,-1.569046030e-24 nhat=5.343263255e-01,2.548625837e-01,8.059407183e-01
392.059 MARGIN checkpoint=369 n=0.475275583 ratio=414.709371 kepler_ratio=409.223007 over=0.986771 periapsis_over_rstar=127.013459 separation_over_rstar=127.013488 period=3.396352781e-17
393.121 ACTION checkpoint=370 t=3.896514259e-10 a_over_apair=0.225880473 n=0.475268843 Jphi_over_h=0.481684130 Jr_over_h=-0.006415287 e=0.000000000 eps=-1.05940832309903672e+13 L=1.11526865926553880e-04 mu1=-7.635832651e-24,-5.275662416e-24,-2.613447487e-25 mu2=-4.100905800e-24,4.061726799e-24,7.272675045e-24 nhat=-9.024956594e-01,3.096539919e-02,-4.295843675e-01
393.121 MARGIN checkpoint=370 n=0.475268843 ratio=414.741006 kepler_ratio=409.217203 over=0.986681 periapsis_over_rstar=127.032837 separation_over_rstar=127.032867 period=3.397130092e-17
394.240 ACTION checkpoint=371 t=3.897590130e-10 a_over_apair=0.225874073 n=0.475262110 Jphi_over_h=0.481721441 Jr_over_h=-0.006459331 e=0.000000000 eps=-1.05943834127901055e+13 L=1.11535504797665604e-04 mu1=3.483524924e-24,-8.307868572e-24,2.247493976e-24 mu2=-8.120047759e-24,-3.338351789e-24,3.021106917e-24 nhat=7.899209034e-01,5.192472002e-01,3.262013359e-01
394.240 MARGIN checkpoint=371 n=0.475262110 ratio=414.773132 kepler_ratio=409.211406 over=0.986591 periapsis_over_rstar=127.052518 separation_over_rstar=127.052548 period=3.397919577e-17
395.312 ACTION checkpoint=372 t=3.898665911e-10 a_over_apair=0.225867679 n=0.475255383 Jphi_over_h=0.481759317 Jr_over_h=-0.006503934 e=0.000000000 eps=-1.05946833340443477e+13 L=1.11544274327601259e-04 mu1=-5.764277418e-24,-5.901988391e-24,4.259870204e-24 mu2=-1.685775368e-24,5.906978679e-24,6.962228061e-24 nhat=-9.631146836e-01,-2.453235121e-01,1.105734177e-01
395.312 MARGIN checkpoint=372 n=0.475255383 ratio=414.805744 kepler_ratio=409.205614 over=0.986499 periapsis_over_rstar=127.072498 separation_over_rstar=127.072527 period=3.398721129e-17
396.384 ACTION checkpoint=373 t=3.899741607e-10 a_over_apair=0.225861284 n=0.475248655 Jphi_over_h=0.481795659 Jr_over_h=-0.006547005 e=0.000000000 eps=-1.05949833249546445e+13 L=1.11552688959048603e-04 mu1=5.715995816e-24,-7.269124912e-24,8.331087058e-25 mu2=-5.079304362e-24,-3.594805418e-24,6.890928564e-24 nhat=6.994588428e-01,6.639310861e-01,-2.644859923e-01
396.384 MARGIN checkpoint=373 n=0.475248655 ratio=414.837036 kepler_ratio=409.199821 over=0.986411 periapsis_over_rstar=127.091671 separation_over_rstar=127.091700 period=3.399490360e-17
397.466 ACTION checkpoint=374 t=3.900817205e-10 a_over_apair=0.225854891 n=0.475241928 Jphi_over_h=0.481829948 Jr_over_h=-0.006588019 e=0.000000000 eps=-1.05952832330255977e+13 L=1.11560627920779482e-04 mu1=-2.060484623e-24,-5.183636932e-24,7.422342390e-24 mu2=-5.627150611e-25,7.592490073e-24,5.314536812e-24 nhat=-6.745344363e-01,-3.533881431e-01,6.481667336e-01
397.466 MARGIN checkpoint=374 n=0.475241928 ratio=414.866559 kepler_ratio=409.194029 over=0.986327 periapsis_over_rstar=127.109761 separation_over_rstar=127.109791 period=3.400216215e-17
398.533 ACTION checkpoint=375 t=3.901416663e-10 a_over_apair=0.225848504 n=0.475235209 Jphi_over_h=0.481718840 Jr_over_h=-0.006483631 e=0.000000000 eps=-1.05955828466814531e+13 L=1.11534902520630096e-04 mu1=3.939999535e-24,-4.468699155e-24,7.121375345e-24 mu2=-6.518072432e-24,-8.078369975e-26,6.611736613e-24 nhat=6.618710573e-01,5.842590871e-01,4.696466998e-01
398.533 MARGIN checkpoint=375 n=0.475235209 ratio=414.770893 kepler_ratio=409.188244 over=0.986540 periapsis_over_rstar=127.051146 separation_over_rstar=127.051175 period=3.397864533e-17
399.644 ACTION checkpoint=376 t=3.902492088e-10 a_over_apair=0.225842111 n=0.475228483 Jphi_over_h=0.481740383 Jr_over_h=-0.006511901 e=0.000000000 eps=-1.05958827979123809e+13 L=1.11539890570343711e-04 mu1=-1.059336959e-24,-7.702211197e-24,5.075490436e-24 mu2=3.336980897e-24,2.172573556e-24,8.387570442e-24 nhat=-9.986757645e-01,-2.912878178e-02,4.240555838e-02
399.644 MARGIN checkpoint=376 n=0.475228483 ratio=414.789442 kepler_ratio=409.182452 over=0.986482 periapsis_over_rstar=127.062510 separation_over_rstar=127.062540 period=3.398320429e-17
