0.066 ACTION checkpoint=0 t=0.000000000e+00 a_over_apair=1.000000000 n=1.000000000 Jphi_over_h=1.000000000 Jr_over_h=-0.000000000 e=0.000000000 eps=-2.39299653542815039e+12 L=2.31535271785912377e-04 mu1=4.964064298e-24,7.663089202e-24,1.685818735e-24 mu2=6.148460331e-24,6.198076986e-24,-3.160242475e-24 nhat=0.000000000e+00,-1.998203899e-14,1.000000000e+00
0.066 MARGIN checkpoint=0 n=1.000000000 ratio=861.022586 kepler_ratio=861.022575 over=1.000000 periapsis_over_rstar=545.741581 separation_over_rstar=547.509083 period=3.039659758e-16
1.264 ACTION checkpoint=1 t=3.039659758e-16 a_over_apair=0.999996664 n=0.999998332 Jphi_over_h=0.999998373 Jr_over_h=-0.000000041 e=0.000000000 eps=-2.39300451850486035e+12 L=2.31534895028264837e-04 mu1=4.963015510e-24,7.663760376e-24,1.685855638e-24 mu2=6.147688894e-24,6.198860967e-24,-3.160205570e-24 nhat=-1.493583760e-05,-6.074862926e-06,9.999999999e-01
1.264 MARGIN checkpoint=1 n=0.999998332 ratio=861.021185 kepler_ratio=861.021139 over=1.000000 periapsis_over_rstar=545.746699 separation_over_rstar=547.507301 period=3.039644920e-16
2.306 ACTION checkpoint=2 t=1.867405857e-11 a_over_apair=0.999993328 n=0.999996664 Jphi_over_h=1.000008256 Jr_over_h=-0.000011592 e=0.000000000 eps=-2.39301250164781494e+12 L=2.31537183427580771e-04 mu1=5.642258242e-24,-7.032679971e-24,-2.216571595e-24 mu2=6.756379685e-24,-2.219550542e-24,-5.969236485e-24 nhat=3.784372161e-03,-3.380855639e-01,9.411077675e-01
2.306 MARGIN checkpoint=2 n=0.999996664 ratio=861.029695 kepler_ratio=861.019703 over=0.999988 periapsis_over_rstar=547.518117 separation_over_rstar=547.518124 period=3.039735049e-16
3.358 ACTION checkpoint=3 t=3.734775892e-11 a_over_apair=0.999990073 n=0.999995037 Jphi_over_h=1.000039249 Jr_over_h=-0.000044212 e=0.000000000 eps=-2.39302029021322949e+12 L=2.31544359263579340e-04 mu1=5.304294904e-24,4.968332576e-25,7.604240104e-24 mu2=-1.915687886e-24,6.366601295e-24,6.481001709e-24 nhat=4.525719900e-01,-3.949740470e-01,7.994836434e-01
3.358 MARGIN checkpoint=3 n=0.999995037 ratio=861.056380 kepler_ratio=861.018302 over=0.999956 periapsis_over_rstar=547.552055 separation_over_rstar=547.552062 period=3.040017681e-16
4.424 ACTION checkpoint=4 t=5.602137153e-11 a_over_apair=0.999986819 n=0.999993410 Jphi_over_h=0.999999702 Jr_over_h=-0.000006292 e=0.000000000 eps=-2.39302807769537354e+12 L=2.31535202785901459e-04 mu1=8.864287879e-24,-2.716770630e-24,5.004128451e-25 mu2=7.176863840e-24,-4.207836333e-24,-4.122328723e-24 nhat=1.546515845e-01,1.404216782e-03,9.879680742e-01
4.424 MARGIN checkpoint=4 n=0.999993410 ratio=861.022330 kepler_ratio=861.016901 over=0.999994 periapsis_over_rstar=547.508750 separation_over_rstar=547.508756 period=3.039657041e-16
5.494 ACTION checkpoint=5 t=7.469459266e-11 a_over_apair=0.999983564 n=0.999991782 Jphi_over_h=1.000012757 Jr_over_h=-0.000020975 e=0.000000000 eps=-2.39303586666006104e+12 L=2.31538225536030056e-04 mu1=-5.742263261e-24,-7.083086163e-24,-1.750188083e-24 mu2=-9.628495797e-25,-6.872708200e-24,-6.168116241e-24 nhat=-1.935961959e-01,-9.022020242e-02,9.769241670e-01
5.494 MARGIN checkpoint=5 n=0.999991782 ratio=861.033571 kepler_ratio=861.015500 over=0.999979 periapsis_over_rstar=547.523045 separation_over_rstar=547.523052 period=3.039776093e-16
6.534 ACTION checkpoint=6 t=9.336763322e-11 a_over_apair=0.999980310 n=0.999990155 Jphi_over_h=1.000036065 Jr_over_h=-0.000045910 e=0.000000000 eps=-2.39304365514326465e+12 L=2.31543622067315860e-04 mu1=3.975297530e-24,-4.886179404e-24,6.821225378e-24 mu2=7.375241294e-24,3.098726049e-24,4.712808930e-24 nhat=-1.193073016e-01,-5.088740727e-01,8.525332521e-01
6.534 MARGIN checkpoint=6 n=0.999990155 ratio=861.053639 kepler_ratio=861.014099 over=0.999954 periapsis_over_rstar=547.548568 separation_over_rstar=547.548575 period=3.039988645e-16
7.602 ACTION checkpoint=7 t=1.120404595e-10 a_over_apair=0.999977056 n=0.999988528 Jphi_over_h=1.000001254 Jr_over_h=-0.000012726 e=0.000000000 eps=-2.39305144269314893e+12 L=2.31535562030520375e-04 mu1=-8.854675004e-26,-9.248171952e-24,8.187370105e-25 mu2=-2.639993613e-24,-8.196117639e-24,-3.472887078e-24 nhat=2.011806078e-01,-1.355458782e-01,9.701307530e-01
7.602 MARGIN checkpoint=7 n=0.999988528 ratio=861.023666 kepler_ratio=861.012698 over=0.999987 periapsis_over_rstar=547.510449 separation_over_rstar=547.510455 period=3.039671190e-16
8.650 ACTION checkpoint=8 t=1.307131596e-10 a_over_apair=0.999973801 n=0.999986900 Jphi_over_h=1.000018030 Jr_over_h=-0.000031130 e=0.000000000 eps=-2.39305923153499854e+12 L=2.31539446366485691e-04 mu1=-8.369649801e-24,3.915961097e-24,-9.061270147e-25 mu2=-7.465416451e-24,-1.209175171e-24,-5.386307445e-24 nhat=1.508614147e-02,1.971025916e-01,9.802667885e-01
8.650 MARGIN checkpoint=8 n=0.999986900 ratio=861.038110 kepler_ratio=861.011296 over=0.999969 periapsis_over_rstar=547.528819 separation_over_rstar=547.528826 period=3.039824177e-16
9.712 ACTION checkpoint=9 t=1.493855836e-10 a_over_apair=0.999970546 n=0.999985273 Jphi_over_h=1.000033005 Jr_over_h=-0.000047732 e=0.000000000 eps=-2.39306701995498975e+12 L=2.31542913675004063e-04 mu1=-2.220711392e-24,-5.808273881e-24,6.894871334e-24 mu2=5.282745011e-24,-6.951222386e-24,3.159108698e-24 nhat=-3.402815025e-01,-1.734102827e-02,9.401637027e-01
9.712 MARGIN checkpoint=9 n=0.999985273 ratio=861.051005 kepler_ratio=861.009895 over=0.999952 periapsis_over_rstar=547.545218 separation_over_rstar=547.545225 period=3.039960743e-16
10.742 ACTION checkpoint=10 t=1.680579345e-10 a_over_apair=0.999967292 n=0.999983646 Jphi_over_h=1.000003027 Jr_over_h=-0.000019381 e=0.000000000 eps=-2.39307480755588135e+12 L=2.31535972666296246e-04 mu1=-8.595418950e-24,-2.456199565e-24,2.508527863e-24 mu2=-9.107005668e-24,1.848338612e-25,-1.798649352e-24 nhat=9.133092837e-02,-2.211146152e-01,9.709618883e-01
10.742 MARGIN checkpoint=10 n=0.999983646 ratio=861.025193 kepler_ratio=861.008494 over=0.999981 periapsis_over_rstar=547.512391 separation_over_rstar=547.512397 period=3.039687363e-16
11.789 ACTION checkpoint=11 t=1.867158395e-10 a_over_apair=0.999964038 n=0.999982019 Jphi_over_h=1.000023868 Jr_over_h=-0.000041849 e=0.000000000 eps=-2.39308259639663574e+12 L=2.31540798084066684e-04 mu1=1.696526517e-24,8.938566834e-24,-1.852208412e-24 mu2=-4.206041386e-24,6.391777488e-24,-5.259396513e-24 nhat=3.816352384e-01,5.825655794e-02,9.224753212e-01
11.789 MARGIN checkpoint=11 n=0.999982019 ratio=861.043137 kepler_ratio=861.007093 over=0.999958 periapsis_over_rstar=547.535212 separation_over_rstar=547.535219 period=3.039877416e-16
12.663 ACTION checkpoint=12 t=1.867188793e-10 a_over_apair=0.586235085 n=0.765659902 Jphi_over_h=0.765659902 Jr_over_h=0.000000000 e=0.000002049 eps=-4.08197427332585791e+12 L=1.77277273437027188e-04 mu1=1.689951856e-24,8.940271240e-24,-1.849991393e-24 mu2=-4.209428663e-24,6.390444922e-24,-5.258305745e-24 nhat=-6.908412879e-01,-1.392306076e-01,7.094738563e-01
12.663 MARGIN checkpoint=12 n=0.765659902 ratio=659.250484 kepler_ratio=659.250461 over=1.000000 periapsis_over_rstar=320.969687 separation_over_rstar=320.969041 period=1.364371706e-16
13.950 ACTION checkpoint=13 t=1.867190158e-10 a_over_apair=0.586230835 n=0.765657126 Jphi_over_h=0.765657126 Jr_over_h=-0.000000000 e=0.000000000 eps=-4.08200387014845459e+12 L=1.77276630786105940e-04 mu1=1.688667257e-24,8.940168104e-24,-1.851662075e-24 mu2=-4.209852903e-24,6.389314050e-24,-5.259340242e-24 nhat=-6.909018003e-01,-1.391583229e-01,7.094291110e-01
13.950 MARGIN checkpoint=13 n=0.765657126 ratio=659.248095 kepler_ratio=659.248071 over=1.000000 periapsis_over_rstar=320.966703 separation_over_rstar=320.966714 period=1.364356868e-16
15.071 ACTION checkpoint=14 t=1.904813663e-10 a_over_apair=0.586226584 n=0.765654350 Jphi_over_h=0.765684159 Jr_over_h=-0.000029808 e=0.000000000 eps=-4.08203346750788525e+12 L=1.77282889749595386e-04 mu1=2.600014105e-24,1.467956108e-24,8.791580449e-24 mu2=-2.481912027e-24,-6.102740317e-24,6.542440569e-24 nhat=-7.483071284e-01,2.138997813e-01,6.279198398e-01
15.071 MARGIN checkpoint=14 n=0.765654350 ratio=659.271370 kepler_ratio=659.245681 over=0.999961 periapsis_over_rstar=320.989367 separation_over_rstar=320.989379 period=1.364501384e-16
16.155 ACTION checkpoint=15 t=1.942435695e-10 a_over_apair=0.586222335 n=0.765651575 Jphi_over_h=0.765714846 Jr_over_h=-0.000063271 e=0.000000000 eps=-4.08206305760487207e+12 L=1.77289994955642549e-04 mu1=5.529621542e-24,2.804331941e-24,-6.911285209e-24 mu2=1.900870170e-24,-8.029509175e-24,-4.256821616e-24 nhat=-8.504741877e-01,4.433828649e-01,2.830287814e-01
16.155 MARGIN checkpoint=15 n=0.765651575 ratio=659.297793 kepler_ratio=659.243291 over=0.999917 periapsis_over_rstar=321.015097 separation_over_rstar=321.015109 period=1.364665452e-16
17.239 ACTION checkpoint=16 t=1.980058157e-10 a_over_apair=0.586218086 n=0.765648801 Jphi_over_h=0.765730633 Jr_over_h=-0.000081832 e=0.000000000 eps=-4.08209263855098145e+12 L=1.77293650246997412e-04 mu1=-5.303487277e-24,6.270470370e-24,-4.331406159e-24 mu2=-7.784551905e-24,-3.198471716e-24,3.921400974e-24 nhat=-9.311671210e-01,3.473826439e-01,-1.106936830e-01
17.239 MARGIN checkpoint=16 n=0.765648801 ratio=659.311386 kepler_ratio=659.240903 over=0.999893 periapsis_over_rstar=321.028334 separation_over_rstar=321.028346 period=1.364749862e-16
18.313 ACTION checkpoint=17 t=2.017680216e-10 a_over_apair=0.586213839 n=0.765646027 Jphi_over_h=0.765720508 Jr_over_h=-0.000074480 e=0.000000000 eps=-4.08212221478693311e+12 L=1.77291305841203024e-04 mu1=6.186661239e-24,6.391114017e-24,-2.661905258e-24 mu2=4.106573468e-24,2.293048510e-24,8.005300629e-24 nhat=-9.593759966e-01,-3.033751396e-02,-2.804947991e-01
18.313 MARGIN checkpoint=17 n=0.765646027 ratio=659.302668 kepler_ratio=659.238514 over=0.999903 periapsis_over_rstar=321.019844 separation_over_rstar=321.019856 period=1.364695723e-16
19.409 ACTION checkpoint=18 t=2.055300783e-10 a_over_apair=0.586209592 n=0.765643253 Jphi_over_h=0.765698498 Jr_over_h=-0.000055244 e=0.000000000 eps=-4.08215179326192383e+12 L=1.77286209741053379e-04 mu1=4.310948803e-25,-8.670650106e-24,-3.292542971e-24 mu2=-2.572284161e-24,-7.148992268e-24,5.336864156e-24 nhat=-8.944649190e-01,-4.255740474e-01,-1.371832308e-01
19.409 MARGIN checkpoint=18 n=0.765643253 ratio=659.283716 kepler_ratio=659.236126 over=0.999928 periapsis_over_rstar=321.001390 separation_over_rstar=321.001401 period=1.364578045e-16
20.477 ACTION checkpoint=19 t=2.092919471e-10 a_over_apair=0.586205343 n=0.765640479 Jphi_over_h=0.765681469 Jr_over_h=-0.000040990 e=0.000000000 eps=-4.08218137618986621e+12 L=1.77282267121982588e-04 mu1=3.357465788e-25,3.269488439e-24,-8.683580762e-24 mu2=-4.101045403e-24,7.032874671e-24,-4.463961888e-24 nhat=-7.936672352e-01,-5.832464844e-01,1.729620138e-01
20.477 MARGIN checkpoint=19 n=0.765640479 ratio=659.269055 kepler_ratio=659.233737 over=0.999946 periapsis_over_rstar=320.987113 separation_over_rstar=320.987124 period=1.364487008e-16
21.538 ACTION checkpoint=20 t=2.130537013e-10 a_over_apair=0.586201095 n=0.765637705 Jphi_over_h=0.765674380 Jr_over_h=-0.000036675 e=0.000000000 eps=-4.08221096268562549e+12 L=1.77280625588849641e-04 mu1=4.372956466e-24,3.878921639e-25,8.181298594e-24 mu2=-8.025247007e-25,3.139125298e-24,8.701074747e-24 nhat=-7.417179781e-01,-5.120626883e-01,4.331815372e-01
21.538 MARGIN checkpoint=20 n=0.765637705 ratio=659.262950 kepler_ratio=659.231348 over=0.999952 periapsis_over_rstar=320.981168 separation_over_rstar=320.981180 period=1.364449105e-16
22.607 ACTION checkpoint=21 t=2.168153510e-10 a_over_apair=0.586196846 n=0.765634930 Jphi_over_h=0.765674757 Jr_over_h=-0.000039827 e=0.000000000 eps=-4.08224055118009521e+12 L=1.77280712958819434e-04 mu1=3.149740193e-24,-7.778443218e-24,-3.972633018e-24 mu2=-1.954842696e-24,-7.339045797e-24,-5.340772613e-24 nhat=-7.467013626e-01,-3.494638744e-01,5.659611962e-01
22.607 MARGIN checkpoint=21 n=0.765634930 ratio=659.263275 kepler_ratio=659.228959 over=0.999948 periapsis_over_rstar=320.981485 separation_over_rstar=320.981496 period=1.364451122e-16
23.679 ACTION checkpoint=22 t=2.205770063e-10 a_over_apair=0.586192597 n=0.765632155 Jphi_over_h=0.765680260 Jr_over_h=-0.000048105 e=0.000000000 eps=-4.08227014056697607e+12 L=1.77281987037471639e-04 mu1=-6.210332385e-25,9.151270753e-24,-1.440630625e-24 mu2=-5.158008962e-24,7.022993894e-24,-3.206143412e-24 nhat=-7.866141161e-01,-1.688709756e-01,5.939030442e-01
23.679 MARGIN checkpoint=22 n=0.765632155 ratio=659.268013 kepler_ratio=659.226570 over=0.999937 periapsis_over_rstar=320.986098 separation_over_rstar=320.986110 period=1.364480540e-16
24.778 ACTION checkpoint=23 t=2.243384698e-10 a_over_apair=0.586188348 n=0.765629380 Jphi_over_h=0.765691480 Jr_over_h=-0.000062099 e=0.000000000 eps=-4.08229973007979834e+12 L=1.77284584873441987e-04 mu1=4.613079526e-24,-7.796120702e-25,8.019885135e-24 mu2=1.094213666e-24,-5.496506707e-24,7.402564809e-24 nhat=-8.582041753e-01,1.319155742e-02,5.131389445e-01
24.778 MARGIN checkpoint=23 n=0.765629380 ratio=659.277674 kepler_ratio=659.224181 over=0.999919 periapsis_over_rstar=320.995506 separation_over_rstar=320.995517 period=1.364540525e-16
25.839 ACTION checkpoint=24 t=2.280999622e-10 a_over_apair=0.586184099 n=0.765626606 Jphi_over_h=0.765709673 Jr_over_h=-0.000083067 e=0.000000000 eps=-4.08232931861397461e+12 L=1.77288797184700495e-04 mu1=1.169190028e-24,-2.142654309e-25,-9.208362519e-24 mu2=-1.017262910e-24,-6.562027837e-24,-6.489362227e-24 nhat=-9.518880564e-01,1.278886349e-01,2.784845150e-01
25.839 MARGIN checkpoint=24 n=0.765626606 ratio=659.293338 kepler_ratio=659.221792 over=0.999891 periapsis_over_rstar=321.010760 separation_over_rstar=321.010771 period=1.364637793e-16
26.895 ACTION checkpoint=25 t=2.318613134e-10 a_over_apair=0.586179851 n=0.765623831 Jphi_over_h=0.765736976 Jr_over_h=-0.000113144 e=0.000000000 eps=-4.08235890438774707e+12 L=1.77295118739421238e-04 mu1=-3.475603982e-24,8.578223670e-24,-7.356024032e-25 mu2=-5.023330580e-24,3.534647722e-24,6.962705699e-24 nhat=-9.967701042e-01,3.616464104e-02,-7.170410171e-02
26.895 MARGIN checkpoint=25 n=0.765623831 ratio=659.316847 kepler_ratio=659.219403 over=0.999852 periapsis_over_rstar=321.033653 separation_over_rstar=321.033664 period=1.364783774e-16
27.949 ACTION checkpoint=26 t=2.356226575e-10 a_over_apair=0.586175604 n=0.765621058 Jphi_over_h=0.765767979 Jr_over_h=-0.000146922 e=0.000000000 eps=-4.08238848445134619e+12 L=1.77302297239317528e-04 mu1=8.118339383e-24,-2.097155365e-24,-3.987650977e-24 mu2=5.187609649e-24,-2.456501996e-24,7.298024346e-24 nhat=-8.994681957e-01,-2.932494341e-01,-3.239779842e-01
27.949 MARGIN checkpoint=26 n=0.765621058 ratio=659.343542 kepler_ratio=659.217015 over=0.999808 periapsis_over_rstar=321.059650 separation_over_rstar=321.059661 period=1.364949557e-16
28.893 ACTION checkpoint=27 t=2.358445983e-10 a_over_apair=0.500713584 n=0.707611181 Jphi_over_h=0.707611181 Jr_over_h=-0.000000000 e=0.000000000 eps=-4.77917239308136719e+12 L=1.63836947126801922e-04 mu1=8.334254803e-24,-3.110286846e-24,-2.659542797e-24 mu2=4.933514546e-24,-1.572253398e-24,7.706835197e-24 nhat=1.303992294e-01,1.431302879e-01,-9.810758185e-01
28.893 MARGIN checkpoint=27 n=0.707611181 ratio=609.269232 kepler_ratio=609.269202 over=1.000000 periapsis_over_rstar=272.071273 separation_over_rstar=274.145245 period=1.076983541e-16
30.215 ACTION checkpoint=28 t=2.358447060e-10 a_over_apair=0.500708984 n=0.707607931 Jphi_over_h=0.707607931 Jr_over_h=-0.000000000 e=0.000000000 eps=-4.77921629162792383e+12 L=1.63836194680372458e-04 mu1=8.333103816e-24,-3.112827959e-24,-2.660176342e-24 mu2=4.933556089e-24,-1.573590630e-24,7.706535676e-24 nhat=1.303084733e-01,1.430386680e-01,-9.811012390e-01
30.215 MARGIN checkpoint=28 n=0.707607931 ratio=609.266434 kepler_ratio=609.266403 over=1.000000 periapsis_over_rstar=272.068762 separation_over_rstar=274.142727 period=1.076968703e-16
31.863 ACTION checkpoint=29 t=2.381886207e-10 a_over_apair=0.500704385 n=0.707604681 Jphi_over_h=0.707605862 Jr_over_h=-0.000001180 e=0.000000000 eps=-4.77926019118473730e+12 L=1.63835715492436057e-04 mu1=-8.446195603e-24,3.844610381e-24,2.959833240e-25 mu2=-5.434567739e-24,-4.371365758e-24,-6.128906115e-24 nhat=-3.576080729e-01,8.854495325e-01,2.968090153e-01
31.863 MARGIN checkpoint=29 n=0.707604681 ratio=609.264652 kepler_ratio=609.263605 over=0.999998 periapsis_over_rstar=272.122685 separation_over_rstar=274.141123 period=1.076959253e-16
33.089 ACTION checkpoint=30 t=2.405325148e-10 a_over_apair=0.500699785 n=0.707601431 Jphi_over_h=0.707618482 Jr_over_h=-0.000017050 e=0.000000000 eps=-4.77930409696346680e+12 L=1.63838637435305683e-04 mu1=-6.131989309e-24,2.276415098e-24,-6.589650726e-24 mu2=-6.148927641e-24,5.748008080e-24,3.918921695e-24 nhat=-1.271180567e-01,-4.025627234e-03,-9.918794251e-01
33.089 MARGIN checkpoint=30 n=0.707601431 ratio=609.275518 kepler_ratio=609.260807 over=0.999976 periapsis_over_rstar=273.329322 separation_over_rstar=274.150902 period=1.077016875e-16
34.316 ACTION checkpoint=31 t=2.428763189e-10 a_over_apair=0.500695186 n=0.707598181 Jphi_over_h=0.707612601 Jr_over_h=-0.000014420 e=0.000000000 eps=-4.77934799928038770e+12 L=1.63837275934361200e-04 mu1=7.686369105e-24,4.140496666e-24,3.159568423e-24 mu2=7.353200069e-24,-5.172502903e-24,-2.320025377e-24 nhat=-1.030523260e-01,9.689241646e-01,2.248692540e-01
34.316 MARGIN checkpoint=31 n=0.707598181 ratio=609.270455 kepler_ratio=609.258008 over=0.999980 periapsis_over_rstar=273.017283 separation_over_rstar=274.146345 period=1.076990026e-16
35.468 ACTION checkpoint=32 t=2.452200646e-10 a_over_apair=0.500690587 n=0.707594931 Jphi_over_h=0.707629181 Jr_over_h=-0.000034250 e=0.000000000 eps=-4.77939190155613770e+12 L=1.63841114738548732e-04 mu1=3.171915529e-24,-7.783340007e-24,-3.945304233e-24 mu2=6.781546139e-24,-3.165214868e-24,5.495352772e-24 nhat=-4.031025105e-01,-9.128284540e-02,-9.105909115e-01
35.468 MARGIN checkpoint=32 n=0.707594931 ratio=609.284730 kepler_ratio=609.255210 over=0.999952 periapsis_over_rstar=274.159179 separation_over_rstar=274.159192 period=1.077065731e-16
36.604 ACTION checkpoint=33 t=2.475637596e-10 a_over_apair=0.500685988 n=0.707591682 Jphi_over_h=0.707619533 Jr_over_h=-0.000027851 e=0.000000000 eps=-4.77943579536879004e+12 L=1.63838880901858293e-04 mu1=-5.381065091e-24,6.519329513e-24,3.840486487e-24 mu2=-8.767682550e-24,-3.046558569e-24,2.303885150e-25 nhat=1.293262627e-01,9.881561065e-01,8.259677384e-02
36.604 MARGIN checkpoint=33 n=0.707591682 ratio=609.276423 kepler_ratio=609.252412 over=0.999961 periapsis_over_rstar=274.151703 separation_over_rstar=274.151717 period=1.077021677e-16
37.748 ACTION checkpoint=34 t=2.499073588e-10 a_over_apair=0.500681390 n=0.707588433 Jphi_over_h=0.707639518 Jr_over_h=-0.000051086 e=0.000000000 eps=-4.77947968904192383e+12 L=1.63843508220315790e-04 mu1=-6.976022676e-24,4.084732678e-24,-4.566937907e-24 mu2=-1.452844531e-26,8.882039162e-24,2.704815063e-24 nhat=-6.581735768e-01,-1.049214052e-01,-7.455193100e-01
37.748 MARGIN checkpoint=34 n=0.707588433 ratio=609.293631 kepler_ratio=609.249615 over=0.999928 periapsis_over_rstar=274.167189 separation_over_rstar=274.167203 period=1.077112935e-16
38.885 ACTION checkpoint=35 t=2.522509411e-10 a_over_apair=0.500676793 n=0.707585184 Jphi_over_h=0.707626648 Jr_over_h=-0.000041464 e=0.000000000 eps=-4.77952357777921094e+12 L=1.63840528349298425e-04 mu1=8.483561989e-24,1.372918552e-24,-3.514416866e-24 mu2=2.697241198e-24,-7.608377218e-24,-4.587411177e-24 nhat=3.119491315e-01,9.436535876e-01,-1.104791653e-01
38.886 MARGIN checkpoint=35 n=0.707585184 ratio=609.282550 kepler_ratio=609.246818 over=0.999941 periapsis_over_rstar=274.157216 separation_over_rstar=274.157230 period=1.077054166e-16
40.032 ACTION checkpoint=36 t=2.545943956e-10 a_over_apair=0.500672194 n=0.707581935 Jphi_over_h=0.707649397 Jr_over_h=-0.000067462 e=0.000000000 eps=-4.77956747592058008e+12 L=1.63845795447898251e-04 mu1=-2.674844329e-24,-8.881157756e-24,-4.208325122e-25 mu2=6.864654406e-24,-4.916267322e-24,3.861824798e-24 nhat=-8.543472730e-01,-4.157746999e-02,-5.180367275e-01
40.032 MARGIN checkpoint=36 n=0.707581935 ratio=609.302137 kepler_ratio=609.244020 over=0.999905 periapsis_over_rstar=274.174844 separation_over_rstar=274.174857 period=1.077158044e-16
41.142 ACTION checkpoint=37 t=2.569378606e-10 a_over_apair=0.500667596 n=0.707578686 Jphi_over_h=0.707633996 Jr_over_h=-0.000055310 e=0.000000000 eps=-4.77961136790568848e+12 L=1.63842229621359722e-04 mu1=3.819900935e-25,8.168403294e-24,4.397513670e-24 mu2=-6.883693512e-24,5.081003333e-25,6.209947903e-24 nhat=4.245293858e-01,8.431107608e-01,-3.300591548e-01
41.142 MARGIN checkpoint=37 n=0.707578686 ratio=609.288876 kepler_ratio=609.241222 over=0.999922 periapsis_over_rstar=274.162910 separation_over_rstar=274.162924 period=1.077087718e-16
42.241 ACTION checkpoint=38 t=2.592811727e-10 a_over_apair=0.500662998 n=0.707575436 Jphi_over_h=0.707658747 Jr_over_h=-0.000083310 e=0.000000000 eps=-4.77965526539851953e+12 L=1.63847960207049863e-04 mu1=-6.602866745e-24,5.598526407e-24,-3.356412979e-24 mu2=4.343371981e-24,7.826923719e-24,-2.466017074e-24 nhat=-9.613845999e-01,9.056365477e-02,-2.598805024e-01
42.241 MARGIN checkpoint=38 n=0.707575436 ratio=609.310187 kepler_ratio=609.238425 over=0.999882 periapsis_over_rstar=274.182089 separation_over_rstar=274.182102 period=1.077200740e-16
43.340 ACTION checkpoint=39 t=2.616245151e-10 a_over_apair=0.500658401 n=0.707572188 Jphi_over_h=0.707641574 Jr_over_h=-0.000069386 e=0.000000000 eps=-4.77969915079120801e+12 L=1.63843984099834822e-04 mu1=4.238537567e-24,-2.207567850e-24,-7.960420765e-24 mu2=-3.434841307e-24,-7.987222846e-24,-3.257758689e-24 nhat=4.555529937e-01,6.999797700e-01,-5.499998105e-01
43.340 MARGIN checkpoint=39 n=0.707572188 ratio=609.295401 kepler_ratio=609.235628 over=0.999902 periapsis_over_rstar=274.168782 separation_over_rstar=274.168795 period=1.077122320e-16
44.445 ACTION checkpoint=40 t=2.639676870e-10 a_over_apair=0.500653804 n=0.707568940 Jphi_over_h=0.707667797 Jr_over_h=-0.000098857 e=0.000000000 eps=-4.77974303798574219e+12 L=1.63850055718560081e-04 mu1=-4.647932541e-24,-5.967127160e-24,5.384883641e-24 mu2=6.307615934e-24,-6.131512781e-24,2.970755380e-24 nhat=-9.620784293e-01,2.726433641e-01,-8.407848856e-03
44.445 MARGIN checkpoint=40 n=0.707568940 ratio=609.317980 kepler_ratio=609.232831 over=0.999860 periapsis_over_rstar=274.189102 separation_over_rstar=274.189116 period=1.077242070e-16
45.554 ACTION checkpoint=41 t=2.663109040e-10 a_over_apair=0.500649208 n=0.707565692 Jphi_over_h=0.707649655 Jr_over_h=-0.000083963 e=0.000000000 eps=-4.77978691754477734e+12 L=1.63845855242129477e-04 mu1=6.002606156e-24,6.958770279e-24,1.323287881e-24 mu2=-9.773921795e-25,3.389736346e-24,8.588436837e-24 nhat=4.027843260e-01,5.317405396e-01,-7.449944867e-01
45.554 MARGIN checkpoint=41 n=0.707565692 ratio=609.302359 kepler_ratio=609.230034 over=0.999881 periapsis_over_rstar=274.175044 separation_over_rstar=274.175057 period=1.077159224e-16
46.654 ACTION checkpoint=42 t=2.686540484e-10 a_over_apair=0.500644611 n=0.707562443 Jphi_over_h=0.707676541 Jr_over_h=-0.000114098 e=0.000000000 eps=-4.77983080665555859e+12 L=1.63852080305936518e-04 mu1=-6.028341506e-24,6.563029929e-24,-2.606260178e-24 mu2=3.525219393e-24,3.699155110e-24,-7.752156795e-24 nhat=-8.553777194e-01,4.780578024e-01,1.994735440e-01
46.654 MARGIN checkpoint=42 n=0.707562443 ratio=609.325509 kepler_ratio=609.227237 over=0.999839 periapsis_over_rstar=274.195878 separation_over_rstar=274.195892 period=1.077282003e-16
47.644 ACTION checkpoint=43 t=2.689595656e-10 a_over_apair=0.500640015 n=0.707559195 Jphi_over_h=0.707666676 Jr_over_h=-0.000107481 e=0.000000000 eps=-4.77987468970997461e+12 L=1.63849796202003128e-04 mu1=-7.952734410e-24,4.302897213e-24,-2.108541264e-24 mu2=-2.011127258e-24,-2.129539023e-24,-8.810634823e-24 nhat=-5.805250856e-01,7.496208541e-01,3.178980969e-01
47.644 MARGIN checkpoint=43 n=0.707559195 ratio=609.317014 kepler_ratio=609.224441 over=0.999848 periapsis_over_rstar=274.188233 separation_over_rstar=274.188247 period=1.077236952e-16
48.795 ACTION checkpoint=44 t=2.713025560e-10 a_over_apair=0.500635418 n=0.707555947 Jphi_over_h=0.707664884 Jr_over_h=-0.000108937 e=0.000000000 eps=-4.77991857401332520e+12 L=1.63849381287556930e-04 mu1=-5.713002353e-24,1.183061606e-25,-7.318091489e-24 mu2=-8.620357032e-24,1.536813993e-24,3.087799001e-24 nhat=9.286163897e-02,1.521806247e-01,-9.839805758e-01
48.795 MARGIN checkpoint=44 n=0.707555947 ratio=609.315472 kepler_ratio=609.221644 over=0.999846 periapsis_over_rstar=274.186845 separation_over_rstar=274.186858 period=1.077228768e-16
49.948 ACTION checkpoint=45 t=2.736454208e-10 a_over_apair=0.500630822 n=0.707552699 Jphi_over_h=0.707673120 Jr_over_h=-0.000120421 e=0.000000000 eps=-4.77996245647123242e+12 L=1.63851288141979258e-04 mu1=5.106304834e-24,3.083812522e-24,7.114956539e-24 mu2=7.687596753e-24,-5.192451705e-24,3.823044966e-25 nhat=-3.248083191e-01,8.899193004e-01,3.202236635e-01
49.948 MARGIN checkpoint=45 n=0.707552699 ratio=609.322563 kepler_ratio=609.218847 over=0.999830 periapsis_over_rstar=274.193227 separation_over_rstar=274.193240 period=1.077266378e-16
51.046 ACTION checkpoint=46 t=2.759882598e-10 a_over_apair=0.500626227 n=0.707549452 Jphi_over_h=0.707675572 Jr_over_h=-0.000126120 e=0.000000000 eps=-4.78000633375735742e+12 L=1.63851855966173741e-04 mu1=6.776572217e-24,-4.347992177e-24,-4.623839129e-24 mu2=7.138367475e-24,-1.119525918e-24,5.830714089e-24 nhat=-1.559096905e-01,1.444197177e-02,-9.876657318e-01
51.046 MARGIN checkpoint=46 n=0.707549452 ratio=609.324674 kepler_ratio=609.216051 over=0.999822 periapsis_over_rstar=274.195127 separation_over_rstar=274.195141 period=1.077277578e-16
52.168 ACTION checkpoint=47 t=2.783310153e-10 a_over_apair=0.500621631 n=0.707546204 Jphi_over_h=0.707679595 Jr_over_h=-0.000133391 e=0.000000000 eps=-4.78005021149151562e+12 L=1.63852787411283070e-04 mu1=-6.723211208e-24,6.284455643e-24,1.229188186e-24 mu2=-7.590869044e-24,-3.040824145e-24,-4.397607412e-24 nhat=-6.235149637e-02,9.697330039e-01,2.360724295e-01
52.168 MARGIN checkpoint=47 n=0.707546204 ratio=609.328138 kepler_ratio=609.213255 over=0.999811 periapsis_over_rstar=274.198244 separation_over_rstar=274.198258 period=1.077295950e-16
53.265 ACTION checkpoint=48 t=2.806737031e-10 a_over_apair=0.500617036 n=0.707542957 Jphi_over_h=0.707686363 Jr_over_h=-0.000143407 e=0.000000000 eps=-4.78009409359003906e+12 L=1.63854354500199547e-04 mu1=-7.836127270e-24,2.412841524e-24,-4.356622598e-24 mu2=-4.000419289e-24,6.715454485e-24,5.010605937e-24 nhat=-4.202550110e-01,-6.730036609e-02,-9.049068385e-01
53.265 MARGIN checkpoint=48 n=0.707542957 ratio=609.333966 kepler_ratio=609.210459 over=0.999797 periapsis_over_rstar=274.203489 separation_over_rstar=274.203503 period=1.077326860e-16
54.389 ACTION checkpoint=49 t=2.830163503e-10 a_over_apair=0.500612440 n=0.707539709 Jphi_over_h=0.707686158 Jr_over_h=-0.000146448 e=0.000000000 eps=-4.78013797491335352e+12 L=1.63854306853899692e-04 mu1=8.980728075e-24,2.081204281e-24,1.105426276e-24 mu2=5.032017461e-24,-7.403663898e-24,-2.464024439e-24 nhat=1.721052402e-01,9.818638103e-01,7.951883037e-02
54.389 MARGIN checkpoint=49 n=0.707539709 ratio=609.333788 kepler_ratio=609.207663 over=0.999793 periapsis_over_rstar=274.203330 separation_over_rstar=274.203344 period=1.077325920e-16
55.491 ACTION checkpoint=50 t=2.853588878e-10 a_over_apair=0.500607845 n=0.707536462 Jphi_over_h=0.707697153 Jr_over_h=-0.000160691 e=0.000000000 eps=-4.78018185491595215e+12 L=1.63856852609356012e-04 mu1=8.369013384e-25,-8.273307756e-24,-4.130233674e-24 mu2=7.880108473e-24,-3.798983351e-24,3.111024145e-24 nhat=-6.643196022e-01,-8.036978714e-02,-7.431151751e-01
55.491 MARGIN checkpoint=50 n=0.707536462 ratio=609.343256 kepler_ratio=609.204867 over=0.999773 periapsis_over_rstar=274.211850 separation_over_rstar=274.211864 period=1.077376136e-16
56.592 ACTION checkpoint=51 t=2.877014268e-10 a_over_apair=0.500603250 n=0.707533215 Jphi_over_h=0.707692894 Jr_over_h=-0.000159679 e=0.000000000 eps=-4.78022572860559766e+12 L=1.63855866502747561e-04 mu1=-2.720237838e-24,8.325112992e-24,3.082151042e-24 mu2=-9.002392679e-24,-4.550926847e-25,2.226358455e-24 nhat=3.496685425e-01,9.282292610e-01,-1.269738140e-01
56.592 MARGIN checkpoint=51 n=0.707533215 ratio=609.339588 kepler_ratio=609.202071 over=0.999774 periapsis_over_rstar=274.208550 separation_over_rstar=274.208564 period=1.077356684e-16
57.690 ACTION checkpoint=52 t=2.900439234e-10 a_over_apair=0.500598656 n=0.707529968 Jphi_over_h=0.707707870 Jr_over_h=-0.000177902 e=0.000000000 eps=-4.78026959963130762e+12 L=1.63859334071534573e-04 mu1=-7.432897510e-24,5.102137131e-24,-2.219704164e-24 mu2=2.091741994e-24,8.797422573e-24,2.106377646e-24 nhat=-8.531278918e-01,-2.109299992e-02,-5.212752494e-01
57.690 MARGIN checkpoint=52 n=0.707529968 ratio=609.352483 kepler_ratio=609.199275 over=0.999749 periapsis_over_rstar=274.220156 separation_over_rstar=274.220170 period=1.077425084e-16
58.802 ACTION checkpoint=53 t=2.923863533e-10 a_over_apair=0.500594062 n=0.707526722 Jphi_over_h=0.707699793 Jr_over_h=-0.000173072 e=0.000000000 eps=-4.78031346662908301e+12 L=1.63857463977351412e-04 mu1=7.632266701e-24,-1.472958774e-24,-5.077967381e-24 mu2=2.653506430e-26,-8.813533866e-24,-2.920234916e-24 nhat=4.503836093e-01,8.186688930e-01,-3.562805749e-01
58.802 MARGIN checkpoint=53 n=0.707526722 ratio=609.345529 kepler_ratio=609.196480 over=0.999755 periapsis_over_rstar=274.213897 separation_over_rstar=274.213910 period=1.077388195e-16
59.931 ACTION checkpoint=54 t=2.947287029e-10 a_over_apair=0.500589467 n=0.707523475 Jphi_over_h=0.707718350 Jr_over_h=-0.000194875 e=0.000000000 eps=-4.78035734123319238e+12 L=1.63861760576065516e-04 mu1=-4.200345450e-24,-8.250135447e-24,7.065539523e-25 mu2=6.698806916e-24,-6.197837177e-24,1.708699944e-24 nhat=-9.577027576e-01,1.039217291e-01,-2.683387827e-01
59.931 MARGIN checkpoint=54 n=0.707523475 ratio=609.361507 kepler_ratio=609.193684 over=0.999725 periapsis_over_rstar=274.228277 separation_over_rstar=274.228291 period=1.077472950e-16
61.055 ACTION checkpoint=55 t=2.970710214e-10 a_over_apair=0.500584873 n=0.707520228 Jphi_over_h=0.707706835 Jr_over_h=-0.000186607 e=0.000000000 eps=-4.78040121155416602e+12 L=1.63859094437687194e-04 mu1=2.702060832e-24,8.670185932e-24,1.932252168e-24 mu2=-5.091459335e-24,3.295307118e-24,7.030280799e-24 nhat=4.646708826e-01,6.690804379e-01,-5.800106366e-01
61.055 MARGIN checkpoint=55 n=0.707520228 ratio=609.351592 kepler_ratio=609.190889 over=0.999736 periapsis_over_rstar=274.219354 separation_over_rstar=274.219367 period=1.077420357e-16
62.188 ACTION checkpoint=56 t=2.994132255e-10 a_over_apair=0.500580279 n=0.707516981 Jphi_over_h=0.707728414 Jr_over_h=-0.000211433 e=0.000000000 eps=-4.78044508684849805e+12 L=1.63864090734635654e-04 mu1=-5.869946634e-24,7.031373127e-24,-1.519991361e-24 mu2=5.064580893e-24,6.795347040e-24,-3.792114749e-24 nhat=-9.603786019e-01,2.780372619e-01,-1.918911174e-02
62.188 MARGIN checkpoint=56 n=0.707516981 ratio=609.370172 kepler_ratio=609.188094 over=0.999701 periapsis_over_rstar=274.236077 separation_over_rstar=274.236090 period=1.077518916e-16
63.293 ACTION checkpoint=57 t=3.017553206e-10 a_over_apair=0.500575686 n=0.707513735 Jphi_over_h=0.707714093 Jr_over_h=-0.000200357 e=0.000000000 eps=-4.78048895168556738e+12 L=1.63860774808167190e-04 mu1=1.794786652e-24,-4.638385103e-24,-7.840343091e-24 mu2=-5.064939093e-24,-7.778526322e-24,-2.185761207e-25 nhat=3.936137379e-01,4.990226904e-01,-7.720392346e-01
63.293 MARGIN checkpoint=57 n=0.707513735 ratio=609.357841 kepler_ratio=609.185299 over=0.999717 periapsis_over_rstar=274.224978 separation_over_rstar=274.224992 period=1.077453504e-16
64.307 ACTION checkpoint=58 t=3.020467718e-10 a_over_apair=0.500571093 n=0.707510489 Jphi_over_h=0.707712128 Jr_over_h=-0.000201638 e=0.000000000 eps=-4.78053281678195020e+12 L=1.63860319838806285e-04 mu1=-3.514259695e-24,-2.236681636e-24,-8.297836425e-24 mu2=-8.657460791e-24,-3.174412043e-24,1.085511913e-24 nhat=2.629981880e-01,3.314346043e-01,-9.060811532e-01
64.307 MARGIN checkpoint=58 n=0.707510489 ratio=609.356149 kepler_ratio=609.182504 over=0.999715 periapsis_over_rstar=274.223455 separation_over_rstar=274.223469 period=1.077444529e-16
65.413 ACTION checkpoint=59 t=3.043888130e-10 a_over_apair=0.500566499 n=0.707507243 Jphi_over_h=0.707734046 Jr_over_h=-0.000226802 e=0.000000000 eps=-4.78057668364173926e+12 L=1.63865394645887493e-04 mu1=7.938694989e-25,3.647058347e-25,9.243571612e-24 mu2=6.867265513e-24,-5.832627581e-24,2.242314686e-24 nhat=-5.904848501e-01,7.316273300e-01,3.406597889e-01
65.413 MARGIN checkpoint=59 n=0.707507243 ratio=609.375021 kepler_ratio=609.179709 over=0.999679 periapsis_over_rstar=274.240441 separation_over_rstar=274.240455 period=1.077544639e-16
66.519 ACTION checkpoint=60 t=3.067307485e-10 a_over_apair=0.500561906 n=0.707503997 Jphi_over_h=0.707722184 Jr_over_h=-0.000218187 e=0.000000000 eps=-4.78062054816133105e+12 L=1.63862648320034726e-04 mu1=8.572291843e-24,4.456363060e-25,-3.538937145e-24 mu2=6.032405736e-24,1.648790911e-24,6.862829216e-24 nhat=6.490574415e-02,1.685218071e-01,-9.835586637e-01
66.519 MARGIN checkpoint=60 n=0.707503997 ratio=609.364808 kepler_ratio=609.176914 over=0.999692 periapsis_over_rstar=274.231249 separation_over_rstar=274.231262 period=1.077490462e-16
67.615 ACTION checkpoint=61 t=3.090725663e-10 a_over_apair=0.500557313 n=0.707500751 Jphi_over_h=0.707741100 Jr_over_h=-0.000240349 e=0.000000000 eps=-4.78066441934559863e+12 L=1.63867027939541734e-04 mu1=-6.548365801e-24,6.484758913e-24,-1.128566548e-24 mu2=-3.936238700e-24,-1.635123095e-24,-8.248590948e-24 nhat=-3.271103577e-01,8.779016519e-01,3.496963018e-01
67.615 MARGIN checkpoint=61 n=0.707500751 ratio=609.381095 kepler_ratio=609.174119 over=0.999660 periapsis_over_rstar=274.245908 separation_over_rstar=274.245922 period=1.077576860e-16
68.713 ACTION checkpoint=62 t=3.114143563e-10 a_over_apair=0.500552720 n=0.707497506 Jphi_over_h=0.707732406 Jr_over_h=-0.000234901 e=0.000000000 eps=-4.78070828157608887e+12 L=1.63865015052358276e-04 mu1=-7.781245492e-24,-4.402347563e-25,-5.046312241e-24 mu2=-7.177939133e-24,2.441160769e-24,5.359550278e-24 nhat=-1.742608464e-01,4.081650138e-02,-9.838532262e-01
68.713 MARGIN checkpoint=62 n=0.707497506 ratio=609.373610 kepler_ratio=609.171324 over=0.999668 periapsis_over_rstar=274.239171 separation_over_rstar=274.239184 period=1.077537150e-16
69.865 ACTION checkpoint=63 t=3.137560600e-10 a_over_apair=0.500548128 n=0.707494260 Jphi_over_h=0.707747751 Jr_over_h=-0.000253491 e=0.000000000 eps=-4.78075214436845508e+12 L=1.63868567973196372e-04 mu1=6.745458178e-24,1.953663514e-24,6.073619030e-24 mu2=5.768473489e-24,-7.275270070e-24,4.488082982e-26 nhat=-5.401385481e-02,9.622755623e-01,2.666612938e-01
69.865 MARGIN checkpoint=63 n=0.707494260 ratio=609.386822 kepler_ratio=609.168530 over=0.999642 periapsis_over_rstar=274.251063 separation_over_rstar=274.251076 period=1.077607241e-16
70.974 ACTION checkpoint=64 t=3.160977006e-10 a_over_apair=0.500543536 n=0.707491015 Jphi_over_h=0.707742707 Jr_over_h=-0.000251692 e=0.000000000 eps=-4.78079599854402832e+12 L=1.63867400098061718e-04 mu1=4.725770039e-24,-5.077928632e-24,-6.171595710e-24 mu2=8.638745033e-24,-1.197798945e-24,3.184998778e-24 nhat=-4.260876964e-01,-3.518169955e-02,-9.039975238e-01
70.974 MARGIN checkpoint=64 n=0.707491015 ratio=609.382479 kepler_ratio=609.165736 over=0.999644 periapsis_over_rstar=274.247154 separation_over_rstar=274.247167 period=1.077584201e-16
72.084 ACTION checkpoint=65 t=3.184392910e-10 a_over_apair=0.500538945 n=0.707487770 Jphi_over_h=0.707754241 Jr_over_h=-0.000266471 e=0.000000000 eps=-4.78083985469193652e+12 L=1.63870070506461389e-04 mu1=-4.461555629e-24,8.101149533e-24,8.202151509e-25 mu2=-8.657016507e-24,-1.307334974e-24,-3.090921503e-24 nhat=1.908765163e-01,9.759241688e-01,1.055375392e-01
72.084 MARGIN checkpoint=65 n=0.707487770 ratio=609.392410 kepler_ratio=609.162942 over=0.999623 periapsis_over_rstar=274.256092 separation_over_rstar=274.256106 period=1.077636884e-16
73.179 ACTION checkpoint=66 t=3.207808882e-10 a_over_apair=0.500534353 n=0.707484525 Jphi_over_h=0.707753194 Jr_over_h=-0.000268669 e=0.000000000 eps=-4.78088371226675293e+12 L=1.63869828124802401e-04 mu1=-8.634154849e-24,3.029880346e-24,-1.574182455e-24 mu2=-1.660986866e-24,7.084301285e-24,5.767204973e-24 nhat=-6.589248555e-01,-4.844700261e-02,-7.506470028e-01
73.179 MARGIN checkpoint=66 n=0.707484525 ratio=609.391508 kepler_ratio=609.160148 over=0.999620 periapsis_over_rstar=274.255281 separation_over_rstar=274.255294 period=1.077632102e-16
74.280 ACTION checkpoint=67 t=3.231223672e-10 a_over_apair=0.500529761 n=0.707481280 Jphi_over_h=0.707760710 Jr_over_h=-0.000279431 e=0.000000000 eps=-4.78092757258783984e+12 L=1.63871568416702572e-04 mu1=9.281955139e-24,-1.273893049e-25,-1.895680144e-25 mu2=2.659223882e-24,-8.804603407e-24,-1.270567774e-24 nhat=3.755615735e-01,9.202705389e-01,-1.097981770e-01
74.280 MARGIN checkpoint=67 n=0.707481280 ratio=609.397980 kepler_ratio=609.157353 over=0.999605 periapsis_over_rstar=274.261106 separation_over_rstar=274.261120 period=1.077666436e-16
75.404 ACTION checkpoint=68 t=3.254638131e-10 a_over_apair=0.500525169 n=0.707478035 Jphi_over_h=0.707763865 Jr_over_h=-0.000285830 e=0.000000000 eps=-4.78097143018045508e+12 L=1.63872298770329839e-04 mu1=-1.446399833e-24,-8.175361755e-24,-4.156710596e-24 mu2=7.925063307e-24,-4.818963337e-24,4.216861612e-25 nhat=-8.413928117e-01,4.660197016e-03,-5.404039406e-01
75.404 MARGIN checkpoint=68 n=0.707478035 ratio=609.400696 kepler_ratio=609.154559 over=0.999596 periapsis_over_rstar=274.263551 separation_over_rstar=274.263564 period=1.077680845e-16
76.514 ACTION checkpoint=69 t=3.278051825e-10 a_over_apair=0.500520578 n=0.707474790 Jphi_over_h=0.707767221 Jr_over_h=-0.000292432 e=0.000000000 eps=-4.78101528466854297e+12 L=1.63873075976769507e-04 mu1=-5.062904090e-25,9.200025951e-24,1.144573194e-24 mu2=-8.472814016e-24,2.024492654e-24,3.212430142e-24 nhat=4.778049605e-01,8.059999144e-01,-3.493802480e-01
76.514 MARGIN checkpoint=69 n=0.707474790 ratio=609.403586 kepler_ratio=609.151766 over=0.999587 periapsis_over_rstar=274.266152 separation_over_rstar=274.266166 period=1.077696178e-16
77.636 ACTION checkpoint=70 t=3.301464775e-10 a_over_apair=0.500515988 n=0.707471546 Jphi_over_h=0.707774621 Jr_over_h=-0.000303075 e=0.000000000 eps=-4.78105913309313477e+12 L=1.63874789269037574e-04 mu1=-6.750446904e-24,6.372372532e-24,1.766074544e-25 mu2=4.008830215e-24,8.225269635e-24,1.575142856e-24 nhat=-9.469714154e-01,1.190516392e-01,-2.984490671e-01
77.636 MARGIN checkpoint=70 n=0.707471546 ratio=609.409958 kepler_ratio=609.148972 over=0.999572 periapsis_over_rstar=274.271887 separation_over_rstar=274.271901 period=1.077729981e-16
78.742 ACTION checkpoint=71 t=3.324877381e-10 a_over_apair=0.500511398 n=0.707468302 Jphi_over_h=0.707773832 Jr_over_h=-0.000305530 e=0.000000000 eps=-4.78110297892160449e+12 L=1.63874606486141280e-04 mu1=6.346184441e-24,-3.975468467e-24,-5.488938766e-24 mu2=-1.748966624e-24,-9.111295186e-24,-3.636908890e-25 nhat=4.875893965e-01,6.507950807e-01,-5.819985768e-01
78.742 MARGIN checkpoint=71 n=0.707468302 ratio=609.409278 kepler_ratio=609.146179 over=0.999568 periapsis_over_rstar=274.271275 separation_over_rstar=274.271289 period=1.077726374e-16
79.896 ACTION checkpoint=72 t=3.348288831e-10 a_over_apair=0.500506807 n=0.707465057 Jphi_over_h=0.707785366 Jr_over_h=-0.000320309 e=0.000000000 eps=-4.78114682917674023e+12 L=1.63877277145301327e-04 mu1=-5.531743776e-24,-7.293251140e-24,1.554076536e-24 mu2=5.374173232e-24,-7.567650287e-24,-2.361916287e-25 nhat=-9.581119879e-01,2.809010669e-01,-5.582122598e-02
79.896 MARGIN checkpoint=72 n=0.707465057 ratio=609.419209 kepler_ratio=609.143386 over=0.999547 periapsis_over_rstar=274.280215 separation_over_rstar=274.280229 period=1.077779066e-16
80.887 ACTION checkpoint=73 t=3.351079201e-10 a_over_apair=0.500502217 n=0.707461813 Jphi_over_h=0.707790031 Jr_over_h=-0.000328218 e=0.000000000 eps=-4.78119067799328906e+12 L=1.63878357302510148e-04 mu1=-3.511998435e-24,-3.674027066e-24,7.770086704e-24 mu2=5.800671891e-24,-6.851264864e-24,2.370491646e-24 nhat=-8.368803253e-01,5.017581756e-01,2.187922628e-01
80.887 MARGIN checkpoint=73 n=0.707461813 ratio=609.423226 kepler_ratio=609.140593 over=0.999536 periapsis_over_rstar=274.283831 separation_over_rstar=274.283844 period=1.077800378e-16
81.986 ACTION checkpoint=74 t=3.374490103e-10 a_over_apair=0.500497627 n=0.707458569 Jphi_over_h=0.707771734 Jr_over_h=-0.000313165 e=0.000000000 eps=-4.78123452540649121e+12 L=1.63874120840787379e-04 mu1=7.605081584e-24,5.093768392e-24,-1.556635138e-24 mu2=2.669398424e-24,4.128245316e-24,7.876468621e-24 nhat=2.472049384e-01,3.334878778e-01,-9.097667579e-01
81.986 MARGIN checkpoint=74 n=0.707458569 ratio=609.407472 kepler_ratio=609.137799 over=0.999557 periapsis_over_rstar=274.269650 separation_over_rstar=274.269663 period=1.077716793e-16
83.075 ACTION checkpoint=75 t=3.397900267e-10 a_over_apair=0.500493037 n=0.707455325 Jphi_over_h=0.707798569 Jr_over_h=-0.000343244 e=0.000000000 eps=-4.78127837571045703e+12 L=1.63880333978012139e-04 mu1=-5.427084192e-24,7.248644970e-24,-2.052013291e-24 mu2=1.189158913e-24,1.527261955e-24,-9.080761382e-24 nhat=-6.317144051e-01,6.953152904e-01,3.427441573e-01
83.075 MARGIN checkpoint=75 n=0.707455325 ratio=609.430577 kepler_ratio=609.135006 over=0.999515 periapsis_over_rstar=274.290447 separation_over_rstar=274.290461 period=1.077839379e-16
84.184 ACTION checkpoint=76 t=3.421309860e-10 a_over_apair=0.500488448 n=0.707452082 Jphi_over_h=0.707780670 Jr_over_h=-0.000328588 e=0.000000000 eps=-4.78132221447183398e+12 L=1.63876189878788664e-04 mu1=-5.636949633e-24,-3.658927495e-24,-6.406551622e-24 mu2=-7.970550156e-24,-2.613781612e-24,3.980619446e-24 nhat=4.922350411e-02,1.804967191e-01,-9.823431076e-01
84.184 MARGIN checkpoint=76 n=0.707452082 ratio=609.415166 kepler_ratio=609.132214 over=0.999536 periapsis_over_rstar=274.276575 separation_over_rstar=274.276589 period=1.077757614e-16
85.288 ACTION checkpoint=77 t=3.444718756e-10 a_over_apair=0.500483859 n=0.707448838 Jphi_over_h=0.707806792 Jr_over_h=-0.000357954 e=0.000000000 eps=-4.78136605902465430e+12 L=1.63882237985590423e-04 mu1=1.822232763e-24,1.140125552e-25,9.103478685e-24 mu2=4.981794978e-24,-7.655451739e-24,1.668122519e-24 nhat=-3.687117098e-01,8.511261944e-01,3.736788411e-01
85.289 MARGIN checkpoint=77 n=0.707448838 ratio=609.437657 kepler_ratio=609.129421 over=0.999494 periapsis_over_rstar=274.296821 separation_over_rstar=274.296835 period=1.077876948e-16
86.378 ACTION checkpoint=78 t=3.468127009e-10 a_over_apair=0.500479270 n=0.707445595 Jphi_over_h=0.707790108 Jr_over_h=-0.000344513 e=0.000000000 eps=-4.78140989923678711e+12 L=1.63878375134981732e-04 mu1=7.090476222e-24,-1.804757041e-25,-5.991613367e-24 mu2=7.824629024e-24,2.413768923e-24,4.376728859e-24 nhat=-1.841833164e-01,6.262760259e-02,-9.808946372e-01
86.378 MARGIN checkpoint=78 n=0.707445595 ratio=609.423292 kepler_ratio=609.126628 over=0.999513 periapsis_over_rstar=274.283890 separation_over_rstar=274.283904 period=1.077800730e-16
87.470 ACTION checkpoint=79 t=3.491533608e-10 a_over_apair=0.500474680 n=0.707442351 Jphi_over_h=0.707814730 Jr_over_h=-0.000372379 e=0.000000000 eps=-4.78145374892899609e+12 L=1.63884075966618052e-04 mu1=-4.359499719e-24,8.101654753e-24,-1.250922756e-24 mu2=-4.911448567e-24,-9.339430225e-25,-7.823827623e-24 nhat=-8.632742228e-02,9.474418877e-01,3.080607822e-01
87.470 MARGIN checkpoint=79 n=0.707442351 ratio=609.444492 kepler_ratio=609.123835 over=0.999474 periapsis_over_rstar=274.302974 separation_over_rstar=274.302987 period=1.077913214e-16
88.563 ACTION checkpoint=80 t=3.514940493e-10 a_over_apair=0.500470091 n=0.707439108 Jphi_over_h=0.707799888 Jr_over_h=-0.000360780 e=0.000000000 eps=-4.78149758935227539e+12 L=1.63880639468994395e-04 mu1=-9.008931176e-24,-5.735690241e-25,-2.171873135e-24 mu2=-5.090866447e-24,2.925045341e-24,7.192638170e-24 nhat=-4.264216503e-01,-6.185216883e-03,-9.045033550e-01
88.563 MARGIN checkpoint=80 n=0.707439108 ratio=609.431713 kepler_ratio=609.121043 over=0.999490 periapsis_over_rstar=274.291470 separation_over_rstar=274.291484 period=1.077845407e-16
89.692 ACTION checkpoint=81 t=3.538345906e-10 a_over_apair=0.500465502 n=0.707435865 Jphi_over_h=0.707822309 Jr_over_h=-0.000386444 e=0.000000000 eps=-4.78154143297060059e+12 L=1.63885830626699672e-04 mu1=7.457292122e-24,7.928906988e-25,5.474209881e-24 mu2=3.469152846e-24,-8.565947595e-24,8.923987934e-25 nhat=1.751038429e-01,9.720198096e-01,1.565762881e-01
89.692 MARGIN checkpoint=81 n=0.707435865 ratio=609.451018 kepler_ratio=609.118250 over=0.999454 periapsis_over_rstar=274.308847 separation_over_rstar=274.308861 period=1.077947837e-16
90.802 ACTION checkpoint=82 t=3.561751388e-10 a_over_apair=0.500460915 n=0.707432622 Jphi_over_h=0.707809875 Jr_over_h=-0.000377253 e=0.000000000 eps=-4.78158526469064062e+12 L=1.63882951852337876e-04 mu1=2.295917552e-24,-5.249766648e-24,-7.305858472e-24 mu2=9.143173975e-24,-1.606931325e-24,1.643065869e-25 nhat=-6.492735323e-01,-1.716219453e-02,-7.603613215e-01
90.802 MARGIN checkpoint=82 n=0.707432622 ratio=609.440312 kepler_ratio=609.115458 over=0.999467 periapsis_over_rstar=274.299211 separation_over_rstar=274.299224 period=1.077891033e-16
91.900 ACTION checkpoint=83 t=3.585155636e-10 a_over_apair=0.500456327 n=0.707429379 Jphi_over_h=0.707829469 Jr_over_h=-0.000400089 e=0.000000000 eps=-4.78162909945123242e+12 L=1.63887488390952773e-04 mu1=-2.270492623e-24,8.973735886e-24,-7.237283843e-25 mu2=-8.942420496e-24,2.529883772e-25,-2.485149459e-24 nhat=3.792868649e-01,9.234596537e-01,-5.799777748e-02
91.900 MARGIN checkpoint=83 n=0.707429379 ratio=609.457182 kepler_ratio=609.112666 over=0.999435 periapsis_over_rstar=274.314397 separation_over_rstar=274.314411 period=1.077980549e-16
93.000 ACTION checkpoint=84 t=3.608559671e-10 a_over_apair=0.500451739 n=0.707426137 Jphi_over_h=0.707820035 Jr_over_h=-0.000393898 e=0.000000000 eps=-4.78167293182634082e+12 L=1.63885304231999138e-04 mu1=-8.344249457e-24,3.843293602e-24,1.345158190e-24 mu2=8.187691014e-25,6.836627798e-24,6.228723207e-24 nhat=-8.254484889e-01,3.224859293e-02,-5.635555167e-01
93.000 MARGIN checkpoint=84 n=0.707426137 ratio=609.449060 kepler_ratio=609.109874 over=0.999443 periapsis_over_rstar=274.307085 separation_over_rstar=274.307099 period=1.077937450e-16
94.093 ACTION checkpoint=85 t=3.631962771e-10 a_over_apair=0.500447151 n=0.707422894 Jphi_over_h=0.707836238 Jr_over_h=-0.000413344 e=0.000000000 eps=-4.78171677051910352e+12 L=1.63889055714213315e-04 mu1=9.054439743e-24,-1.965304522e-24,-6.012938924e-25 mu2=8.034634729e-25,-9.207906792e-24,8.807691108e-25 nhat=4.994181271e-01,8.109902333e-01,-3.047562564e-01
94.093 MARGIN checkpoint=85 n=0.707422894 ratio=609.463011 kepler_ratio=609.107082 over=0.999416 periapsis_over_rstar=274.319644 separation_over_rstar=274.319657 period=1.078011477e-16
95.205 ACTION checkpoint=86 t=3.655365323e-10 a_over_apair=0.500442564 n=0.707419652 Jphi_over_h=0.707830297 Jr_over_h=-0.000410645 e=0.000000000 eps=-4.78176060517158594e+12 L=1.63887680104472208e-04 mu1=-3.703970046e-24,-7.481842871e-24,-4.063186979e-24 mu2=6.856400950e-24,-5.872694042e-24,-2.169812430e-24 nhat=-9.317454653e-01,1.375529458e-01,-3.360499590e-01
95.205 MARGIN checkpoint=86 n=0.707419652 ratio=609.457895 kepler_ratio=609.104290 over=0.999420 periapsis_over_rstar=274.315039 separation_over_rstar=274.315052 period=1.077984332e-16
96.297 ACTION checkpoint=87 t=3.678767284e-10 a_over_apair=0.500437976 n=0.707416409 Jphi_over_h=0.707842763 Jr_over_h=-0.000426354 e=0.000000000 eps=-4.78180444088106836e+12 L=1.63890566452656026e-04 mu1=8.017619534e-25,9.133524981e-24,-1.463815041e-24 mu2=-7.741319262e-24,3.974290855e-24,3.237876397e-24 nhat=5.216384321e-01,6.524787483e-01,-5.496952149e-01
96.297 MARGIN checkpoint=87 n=0.707416409 ratio=609.468629 kepler_ratio=609.101499 over=0.999398 periapsis_over_rstar=274.324701 separation_over_rstar=274.324715 period=1.078041289e-16
97.268 ACTION checkpoint=88 t=3.681425734e-10 a_over_apair=0.227539917 n=0.477011444 Jphi_over_h=0.477011444 Jr_over_h=-0.000000000 e=0.000000000 eps=-1.05168207938048398e+13 L=1.10444974273095863e-04 mu1=2.380560975e-24,8.954651018e-24,-5.949872793e-25 mu2=-5.495652442e-24,4.845883870e-24,5.702812378e-24 nhat=2.127539339e-01,2.347700388e-01,9.484823628e-01
97.268 MARGIN checkpoint=88 n=0.477011444 ratio=410.717721 kepler_ratio=410.717622 over=1.000000 periapsis_over_rstar=124.580170 separation_over_rstar=124.580200 period=3.299222211e-17
98.635 ACTION checkpoint=89 t=3.681426064e-10 a_over_apair=0.227533098 n=0.477004295 Jphi_over_h=0.477004294 Jr_over_h=0.000000001 e=0.000079195 eps=-1.05171360010698945e+13 L=1.10443318850715510e-04 mu1=2.377567024e-24,8.955381776e-24,-5.959593706e-25 mu2=-5.498987283e-24,4.841727580e-24,5.703127930e-24 nhat=2.127924188e-01,2.353217648e-01,9.483369936e-01
98.635 MARGIN checkpoint=89 n=0.477004295 ratio=410.711565 kepler_ratio=410.711467 over=1.000000 periapsis_over_rstar=124.586302 separation_over_rstar=124.576465 period=3.299073860e-17
99.790 ACTION checkpoint=90 t=3.683625887e-10 a_over_apair=0.227526278 n=0.476997147 Jphi_over_h=0.476919484 Jr_over_h=0.000077663 e=0.018044536 eps=-1.05174512316164824e+13 L=1.10423682414791745e-04 mu1=-4.785692980e-24,-5.357500814e-24,-5.882277026e-24 mu2=-6.757941235e-24,-6.287492015e-24,1.002262291e-24 nhat=-4.538613305e-01,-1.241252086e-01,8.823847377e-01
99.790 MARGIN checkpoint=90 n=0.476997147 ratio=418.250548 kepler_ratio=410.705312 over=0.981960 periapsis_over_rstar=126.820559 separation_over_rstar=122.325412 period=3.298923977e-17
100.911 ACTION checkpoint=91 t=3.685823300e-10 a_over_apair=0.227519454 n=0.476989994 Jphi_over_h=0.476974074 Jr_over_h=0.000015920 e=0.008170146 eps=-1.05177666857813047e+13 L=1.10436321782354707e-04 mu1=9.210035487e-24,7.494072688e-25,9.058092267e-25 mu2=4.726423269e-24,-3.527216574e-24,7.171228737e-24 nhat=-1.702628087e-01,2.537347210e-01,9.521708183e-01
100.911 MARGIN checkpoint=91 n=0.476989994 ratio=414.078113 kepler_ratio=410.699153 over=0.991840 periapsis_over_rstar=125.586713 separation_over_rstar=123.552459 period=3.298775563e-17
102.026 ACTION checkpoint=92 t=3.688022264e-10 a_over_apair=0.227512638 n=0.476982848 Jphi_over_h=0.477087673 Jr_over_h=-0.000104824 e=0.000000000 eps=-1.05180818076493828e+13 L=1.10462623927321687e-04 mu1=-6.556781489e-24,4.530574742e-24,-4.763335416e-24 mu2=-6.539127503e-24,-2.695421311e-24,6.015095238e-24 nhat=-6.783038183e-01,5.865833017e-01,4.425200110e-01
102.026 MARGIN checkpoint=92 n=0.476982848 ratio=410.783356 kepler_ratio=410.693001 over=0.999780 periapsis_over_rstar=124.619990 separation_over_rstar=124.620020 period=3.300804158e-17
103.127 ACTION checkpoint=93 t=3.690221919e-10 a_over_apair=0.227505831 n=0.476975713 Jphi_over_h=0.476945243 Jr_over_h=0.000030470 e=0.011303008 eps=-1.05183965165879434e+13 L=1.10429646472106786e-04 mu1=5.223930203e-24,-7.400748956e-24,-2.036252292e-24 mu2=3.225473129e-24,-7.035791051e-24,5.128432768e-24 nhat=-4.508580767e-01,-2.703413215e-01,8.506718313e-01
103.127 MARGIN checkpoint=93 n=0.476975713 ratio=415.378892 kepler_ratio=410.686857 over=0.988704 periapsis_over_rstar=125.969427 separation_over_rstar=123.154486 period=3.298479277e-17
104.258 ACTION checkpoint=94 t=3.692420026e-10 a_over_apair=0.227499003 n=0.476968556 Jphi_over_h=0.476973939 Jr_over_h=-0.000005383 e=0.000000000 eps=-1.05187121681038809e+13 L=1.10436290500668684e-04 mu1=2.270667979e-24,8.957541990e-24,-9.018667862e-25 mu2=1.334939368e-24,6.454134699e-24,6.539796438e-24 nhat=-5.708091367e-01,5.352526620e-02,8.193363017e-01
104.258 MARGIN checkpoint=94 n=0.476968556 ratio=410.685428 kepler_ratio=410.680695 over=0.999988 periapsis_over_rstar=124.560580 separation_over_rstar=124.560611 period=3.298444065e-17
105.382 ACTION checkpoint=95 t=3.694618769e-10 a_over_apair=0.227492183 n=0.476961406 Jphi_over_h=0.477152135 Jr_over_h=-0.000190729 e=0.000000000 eps=-1.05190275157356504e+13 L=1.10477549369014099e-04 mu1=-4.509025418e-24,-6.090249831e-24,-5.365109696e-24 mu2=-4.238349543e-24,-1.990732487e-24,8.017495406e-24 nhat=-7.067429033e-01,-6.917053494e-01,1.485199594e-01
105.382 MARGIN checkpoint=95 n=0.476961406 ratio=410.838860 kepler_ratio=410.674539 over=0.999600 periapsis_over_rstar=124.653669 separation_over_rstar=124.653699 period=3.302142328e-17
106.459 ACTION checkpoint=96 t=3.696817665e-10 a_over_apair=0.227485386 n=0.476954281 Jphi_over_h=0.476985721 Jr_over_h=-0.000031439 e=0.000000000 eps=-1.05193418053934160e+13 L=1.10439018452641573e-04 mu1=8.904641054e-24,2.467593776e-24,9.084073651e-25 mu2=4.457826061e-24,3.396943055e-24,7.402392854e-24 nhat=-1.743744469e-01,-3.340245290e-01,9.262943195e-01
106.459 MARGIN checkpoint=96 n=0.476954281 ratio=410.695573 kepler_ratio=410.668404 over=0.999934 periapsis_over_rstar=124.566734 separation_over_rstar=124.566764 period=3.298688501e-17
107.544 ACTION checkpoint=97 t=3.699015911e-10 a_over_apair=0.227478572 n=0.476947138 Jphi_over_h=0.476991305 Jr_over_h=-0.000044168 e=0.000000000 eps=-1.05196569128794551e+13 L=1.10440311523544909e-04 mu1=-6.504040959e-24,4.056315052e-24,-5.239333420e-24 mu2=-8.120023948e-24,4.023437607e-24,2.020894897e-24 nhat=-4.939668238e-01,-2.253815416e-01,8.397618339e-01
107.544 MARGIN checkpoint=97 n=0.476947138 ratio=410.700381 kepler_ratio=410.662253 over=0.999907 periapsis_over_rstar=124.569651 separation_over_rstar=124.569681 period=3.298804370e-17
108.631 ACTION checkpoint=98 t=3.701213905e-10 a_over_apair=0.227471752 n=0.476939988 Jphi_over_h=0.477158428 Jr_over_h=-0.000218441 e=0.000000000 eps=-1.05199723241148223e+13 L=1.10479006389663765e-04 mu1=5.559056122e-24,-7.292605759e-24,-1.456589016e-24 mu2=-4.304331538e-24,-4.856163127e-24,6.640577157e-24 nhat=4.370080893e-01,-5.039844148e-01,7.449990869e-01
108.631 MARGIN checkpoint=98 n=0.476939988 ratio=410.844278 kepler_ratio=410.656097 over=0.999542 periapsis_over_rstar=124.656957 separation_over_rstar=124.656987 period=3.302272980e-17
109.739 ACTION checkpoint=99 t=3.703412228e-10 a_over_apair=0.227464949 n=0.476932856 Jphi_over_h=0.477036293 Jr_over_h=-0.000103437 e=0.000000000 eps=-1.05202869333809473e+13 L=1.10450727801060698e-04 mu1=5.660234195e-25,9.150681193e-24,-1.466801439e-24 mu2=-5.228800069e-24,6.274276628e-24,4.415875667e-24 nhat=-2.217853711e-02,9.565065739e-02,9.951678573e-01
109.739 MARGIN checkpoint=99 n=0.476932856 ratio=410.739117 kepler_ratio=410.649956 over=0.999783 periapsis_over_rstar=124.593150 separation_over_rstar=124.593180 period=3.299737847e-17
110.823 ACTION checkpoint=100 t=3.705609853e-10 a_over_apair=0.227458136 n=0.476925713 Jphi_over_h=0.477016100 Jr_over_h=-0.000090386 e=0.000000000 eps=-1.05206020631472676e+13 L=1.10446052272489701e-04 mu1=-3.583956956e-24,-6.517211392e-24,-5.557703076e-24 mu2=-6.414836844e-24,-6.623008494e-24,1.092008256e-24 nhat=-3.567868980e-01,-2.171282325e-01,9.086024654e-01
110.823 MARGIN checkpoint=100 n=0.476925713 ratio=410.721730 kepler_ratio=410.643806 over=0.999810 periapsis_over_rstar=124.582602 separation_over_rstar=124.582632 period=3.299318818e-17
111.905 ACTION checkpoint=101 t=3.707807200e-10 a_over_apair=0.227451326 n=0.476918573 Jphi_over_h=0.477139476 Jr_over_h=-0.000220903 e=0.000000000 eps=-1.05209170725385234e+13 L=1.10474618334244998e-04 mu1=8.775891963e-24,2.795029635e-24,1.174046370e-24 mu2=2.764179368e-24,-3.537687590e-24,8.127172584e-24 nhat=2.310812790e-03,4.857235506e-01,8.741094282e-01
111.905 MARGIN checkpoint=101 n=0.476918573 ratio=410.827960 kepler_ratio=410.637658 over=0.999537 periapsis_over_rstar=124.647055 separation_over_rstar=124.647085 period=3.301879512e-17
112.974 ACTION checkpoint=102 t=3.710004931e-10 a_over_apair=0.227444525 n=0.476911444 Jphi_over_h=0.477101206 Jr_over_h=-0.000189762 e=0.000000000 eps=-1.05212316375867324e+13 L=1.10465757318115520e-04 mu1=-7.128491383e-24,2.435620973e-24,-5.427634509e-24 mu2=-8.288850447e-24,-3.151467607e-24,2.751375196e-24 nhat=-5.452739983e-01,4.015941856e-01,7.357977826e-01
112.974 MARGIN checkpoint=102 n=0.476911444 ratio=410.795008 kepler_ratio=410.631520 over=0.999602 periapsis_over_rstar=124.627060 separation_over_rstar=124.627090 period=3.301085059e-17
114.073 ACTION checkpoint=103 t=3.712202133e-10 a_over_apair=0.227437717 n=0.476904306 Jphi_over_h=0.477045390 Jr_over_h=-0.000141084 e=0.000000000 eps=-1.05215465690664844e+13 L=1.10452834080895462e-04 mu1=6.596926192e-24,-6.381061739e-24,-1.403378487e-24 mu2=3.644141991e-24,-6.831377199e-24,5.124389718e-24 nhat=-3.429902423e-01,-1.782336994e-01,9.222746023e-01
114.073 MARGIN checkpoint=103 n=0.476904306 ratio=410.746950 kepler_ratio=410.625374 over=0.999704 periapsis_over_rstar=124.597902 separation_over_rstar=124.597932 period=3.299926627e-17
115.164 ACTION checkpoint=104 t=3.714398894e-10 a_over_apair=0.227430902 n=0.476897161 Jphi_over_h=0.477125816 Jr_over_h=-0.000228655 e=0.000000000 eps=-1.05218618505244863e+13 L=1.10471455504815270e-04 mu1=2.680985380e-25,9.157196457e-24,-1.510209088e-24 mu2=7.968708796e-25,5.552465600e-24,7.398782186e-24 nhat=-7.358794092e-01,1.778277670e-01,6.533443047e-01
115.165 MARGIN checkpoint=104 n=0.476897161 ratio=410.816198 kepler_ratio=410.619222 over=0.999521 periapsis_over_rstar=124.639918 separation_over_rstar=124.639948 period=3.301595927e-17
116.234 ACTION checkpoint=105 t=3.716595776e-10 a_over_apair=0.227424102 n=0.476890031 Jphi_over_h=0.477175193 Jr_over_h=-0.000285161 e=0.000000000 eps=-1.05221764815895195e+13 L=1.10482887889623278e-04 mu1=-2.538389689e-24,-7.504765579e-24,-4.841686345e-24 mu2=-8.800286146e-25,-6.520022559e-24,6.551466305e-24 nhat=-8.632721122e-01,-3.401388958e-01,3.729166016e-01
116.234 MARGIN checkpoint=105 n=0.476890031 ratio=410.858712 kepler_ratio=410.613083 over=0.999402 periapsis_over_rstar=124.665717 separation_over_rstar=124.665747 period=3.302621052e-17
117.310 ACTION checkpoint=106 t=3.718792680e-10 a_over_apair=0.227417309 n=0.476882909 Jphi_over_h=0.477074094 Jr_over_h=-0.000191185 e=0.000000000 eps=-1.05224907777212383e+13 L=1.10459479957240652e-04 mu1=8.193122782e-24,4.305147955e-24,7.384412162e-25 mu2=4.699023839e-24,3.765193690e-24,7.067485176e-24 nhat=-2.818374435e-01,-1.680995351e-01,9.446217242e-01
117.310 MARGIN checkpoint=106 n=0.476882909 ratio=410.771664 kepler_ratio=410.606950 over=0.999599 periapsis_over_rstar=124.612896 separation_over_rstar=124.612927 period=3.300522326e-17
118.392 ACTION checkpoint=107 t=3.720988847e-10 a_over_apair=0.227410502 n=0.476875772 Jphi_over_h=0.477125553 Jr_over_h=-0.000249782 e=0.000000000 eps=-1.05228057538037305e+13 L=1.10471394686193796e-04 mu1=-7.111260118e-24,2.096765014e-24,-5.589312237e-24 mu2=-8.047499067e-24,3.690473631e-24,2.797323437e-24 nhat=-5.705004389e-01,-4.088987074e-01,7.122717854e-01
118.392 MARGIN checkpoint=107 n=0.476875772 ratio=410.815972 kepler_ratio=410.600805 over=0.999476 periapsis_over_rstar=124.639781 separation_over_rstar=124.639811 period=3.301590474e-17
119.488 ACTION checkpoint=108 t=3.723185065e-10 a_over_apair=0.227403694 n=0.476868634 Jphi_over_h=0.477253077 Jr_over_h=-0.000384443 e=0.000000000 eps=-1.05231207513182109e+13 L=1.10500920886511783e-04 mu1=7.368371201e-24,-5.628362908e-24,-4.852752895e-25 mu2=3.335665318e-25,-3.745704219e-25,9.271207345e-24 nhat=1.178025599e-01,-8.217750988e-01,5.575017882e-01
119.488 MARGIN checkpoint=108 n=0.476868634 ratio=410.925773 kepler_ratio=410.594660 over=0.999194 periapsis_over_rstar=124.706416 separation_over_rstar=124.706446 period=3.304238474e-17
120.563 ACTION checkpoint=109 t=3.725381392e-10 a_over_apair=0.227396904 n=0.476861515 Jphi_over_h=0.477106521 Jr_over_h=-0.000245006 e=0.000000000 eps=-1.05234349732271719e+13 L=1.10466988000825910e-04 mu1=-1.331069097e-24,8.848880902e-24,-2.476371765e-24 mu2=-5.040203364e-24,6.885172629e-24,3.660273650e-24 nhat=-2.575359514e-01,-7.366118759e-03,9.662406398e-01
120.563 MARGIN checkpoint=109 n=0.476861515 ratio=410.799585 kepler_ratio=410.588530 over=0.999486 periapsis_over_rstar=124.629837 separation_over_rstar=124.629867 period=3.301195391e-17
121.645 ACTION checkpoint=110 t=3.727471049e-10 a_over_apair=0.227390102 n=0.476854382 Jphi_over_h=0.477144764 Jr_over_h=-0.000290381 e=0.000000000 eps=-1.05237497733769961e+13 L=1.10475842539757961e-04 mu1=-2.911943052e-24,-7.129530037e-24,-5.186255334e-24 mu2=-7.351648399e-24,-5.433980724e-24,1.622336149e-24 nhat=-1.750575126e-01,-4.203576877e-01,8.903113398e-01
121.645 MARGIN checkpoint=110 n=0.476854382 ratio=410.832512 kepler_ratio=410.582389 over=0.999391 periapsis_over_rstar=124.649818 separation_over_rstar=124.649848 period=3.301989281e-17
122.660 ACTION checkpoint=111 t=3.727474021e-10 a_over_apair=0.227383306 n=0.476847256 Jphi_over_h=0.477137620 Jr_over_h=-0.000290364 e=0.000000000 eps=-1.05240643261954180e+13 L=1.10474188570555017e-04 mu1=-2.886042917e-24,-7.145090227e-24,-5.179314357e-24 mu2=-7.325984322e-24,-5.469234958e-24,1.619962333e-24 nhat=-1.750308704e-01,-4.181349397e-01,8.913626460e-01
122.660 MARGIN checkpoint=111 n=0.476847256 ratio=410.826362 kepler_ratio=410.576253 over=0.999391 periapsis_over_rstar=124.646085 separation_over_rstar=124.646115 period=3.301840978e-17
123.738 ACTION checkpoint=112 t=3.729669415e-10 a_over_apair=0.227376509 n=0.476840129 Jphi_over_h=0.477288033 Jr_over_h=-0.000447904 e=0.000000000 eps=-1.05243789036987930e+13 L=1.10509014494670907e-04 mu1=8.072360447e-24,4.426710181e-24,1.203365722e-24 mu2=-2.950759894e-24,1.698121197e-24,8.638070139e-24 nhat=5.677966732e-01,7.894963353e-02,8.193740863e-01
123.738 MARGIN checkpoint=112 n=0.476840129 ratio=410.955871 kepler_ratio=410.570116 over=0.999061 periapsis_over_rstar=124.724685 separation_over_rstar=124.724715 period=3.304964581e-17
124.830 ACTION checkpoint=113 t=3.731865233e-10 a_over_apair=0.227369726 n=0.476833017 Jphi_over_h=0.477128630 Jr_over_h=-0.000295613 e=0.000000000 eps=-1.05246928718767734e+13 L=1.10472106995937076e-04 mu1=-7.097631547e-24,1.196490926e-24,-5.865056791e-24 mu2=-9.138082712e-24,-1.363130316e-24,9.187901661e-25 nhat=-4.458612134e-01,5.990409404e-02,8.930953353e-01
124.830 MARGIN checkpoint=113 n=0.476833017 ratio=410.818621 kepler_ratio=410.563992 over=0.999380 periapsis_over_rstar=124.641388 separation_over_rstar=124.641418 period=3.301654340e-17
125.912 ACTION checkpoint=114 t=3.734060173e-10 a_over_apair=0.227362921 n=0.476825882 Jphi_over_h=0.477152278 Jr_over_h=-0.000326396 e=0.000000000 eps=-1.05250078675957539e+13 L=1.10477582302167401e-04 mu1=7.226783515e-24,-5.752788826e-24,-9.412098745e-25 mu2=2.480259607e-24,-7.426729459e-24,4.989875460e-24 nhat=-1.404236210e-01,-4.005815907e-02,9.892808249e-01
125.912 MARGIN checkpoint=114 n=0.476825882 ratio=410.838982 kepler_ratio=410.557849 over=0.999316 periapsis_over_rstar=124.653743 separation_over_rstar=124.653774 period=3.302145281e-17
126.982 ACTION checkpoint=115 t=3.736254779e-10 a_over_apair=0.227356121 n=0.476818750 Jphi_over_h=0.477335437 Jr_over_h=-0.000516687 e=0.000000000 eps=-1.05253226956755566e+13 L=1.10519990165952177e-04 mu1=-1.463650634e-24,8.936710551e-24,-2.049338094e-24 mu2=-3.471376530e-24,9.512891319e-26,8.610885596e-24 nhat=-4.493512367e-01,7.685912029e-01,4.553581326e-01
126.982 MARGIN checkpoint=115 n=0.476818750 ratio=410.996686 kepler_ratio=410.551708 over=0.998917 periapsis_over_rstar=124.749461 separation_over_rstar=124.749491 period=3.305949418e-17
128.053 ACTION checkpoint=116 t=3.738449929e-10 a_over_apair=0.227349344 n=0.476811644 Jphi_over_h=0.477166957 Jr_over_h=-0.000355313 e=0.000000000 eps=-1.05256364164949590e+13 L=1.10480981039060616e-04 mu1=-1.053236480e-24,-7.990258796e-24,-4.610131512e-24 mu2=-1.634739936e-24,-8.552541883e-24,3.223120840e-24 nhat=-6.104624523e-01,-1.655262227e-01,7.745557849e-01
128.053 MARGIN checkpoint=116 n=0.476811644 ratio=410.851621 kepler_ratio=410.545590 over=0.999255 periapsis_over_rstar=124.661413 separation_over_rstar=124.661443 period=3.302450053e-17
129.139 ACTION checkpoint=117 t=3.740644407e-10 a_over_apair=0.227342551 n=0.476804521 Jphi_over_h=0.477173922 Jr_over_h=-0.000369400 e=0.000000000 eps=-1.05259509042272891e+13 L=1.10482593606657390e-04 mu1=7.667494249e-24,5.190339360e-24,6.904813798e-25 mu2=5.155308702e-24,2.649477097e-24,7.253269509e-24 nhat=-3.925564761e-01,5.777204492e-02,9.179116536e-01
129.140 MARGIN checkpoint=117 n=0.476804521 ratio=410.857618 kepler_ratio=410.539457 over=0.999226 periapsis_over_rstar=124.665052 separation_over_rstar=124.665082 period=3.302594661e-17
130.259 ACTION checkpoint=118 t=3.742838651e-10 a_over_apair=0.227335754 n=0.476797393 Jphi_over_h=0.477352404 Jr_over_h=-0.000555011 e=0.000000000 eps=-1.05262656460985059e+13 L=1.10523918600350746e-04 mu1=-7.353399271e-24,2.836822926e-25,-5.661616271e-24 mu2=-5.240019171e-24,1.509099593e-24,7.514763654e-24 nhat=-9.142287694e-01,-3.671365395e-01,1.714541294e-01
130.259 MARGIN checkpoint=118 n=0.476797393 ratio=411.011295 kepler_ratio=410.533319 over=0.998837 periapsis_over_rstar=124.758329 separation_over_rstar=124.758360 period=3.306301960e-17
131.329 ACTION checkpoint=119 t=3.745033044e-10 a_over_apair=0.227328974 n=0.476790283 Jphi_over_h=0.477209072 Jr_over_h=-0.000418789 e=0.000000000 eps=-1.05265795848621309e+13 L=1.10490732246637952e-04 mu1=8.335449445e-24,-4.086007894e-24,-1.779812321e-25 mu2=5.374420287e-24,-1.921851777e-24,7.323178791e-24 nhat=-3.418573078e-01,-4.731752745e-01,8.119351825e-01
131.329 MARGIN checkpoint=119 n=0.476790283 ratio=410.887884 kepler_ratio=410.527197 over=0.999122 periapsis_over_rstar=124.683420 separation_over_rstar=124.683450 period=3.303324566e-17
132.419 ACTION checkpoint=120 t=3.747226782e-10 a_over_apair=0.227322179 n=0.476783157 Jphi_over_h=0.477200435 Jr_over_h=-0.000417278 e=0.000000000 eps=-1.05268942379053438e+13 L=1.10488732472188727e-04 mu1=-2.270992818e-24,8.507938940e-24,-2.943539008e-24 mu2=-3.938982677e-24,7.358732619e-24,4.066979836e-24 nhat=-4.877767553e-01,-9.926663655e-02,8.673061581e-01
132.419 MARGIN checkpoint=120 n=0.476783157 ratio=410.880447 kepler_ratio=410.521062 over=0.999125 periapsis_over_rstar=124.678907 separation_over_rstar=124.678937 period=3.303145208e-17
133.498 ACTION checkpoint=121 t=3.749420401e-10 a_over_apair=0.227315389 n=0.476776037 Jphi_over_h=0.477352858 Jr_over_h=-0.000576821 e=0.000000000 eps=-1.05272086628716094e+13 L=1.10524023724814879e-04 mu1=-5.068205370e-25,-8.317153009e-24,-4.095723874e-24 mu2=-6.955059310e-24,-3.377762626e-24,5.140498508e-24 nhat=5.166104504e-02,-7.861069906e-01,6.159277034e-01
133.498 MARGIN checkpoint=121 n=0.476776037 ratio=411.011686 kepler_ratio=410.514931 over=0.998791 periapsis_over_rstar=124.758567 separation_over_rstar=124.758597 period=3.306311395e-17
134.591 ACTION checkpoint=122 t=3.751614138e-10 a_over_apair=0.227308615 n=0.476768933 Jphi_over_h=0.477254960 Jr_over_h=-0.000486027 e=0.000000000 eps=-1.05275223841783613e+13 L=1.10501356835074555e-04 mu1=6.282470667e-24,6.813801782e-24,5.563478013e-25 mu2=-3.329229221e-25,6.535240388e-24,6.586854384e-24 nhat=7.053199283e-02,-1.974823694e-01,9.777657960e-01
134.591 MARGIN checkpoint=122 n=0.476768933 ratio=410.927394 kepler_ratio=410.508814 over=0.998981 periapsis_over_rstar=124.707400 separation_over_rstar=124.707430 period=3.304277582e-17
135.677 ACTION checkpoint=123 t=3.753807518e-10 a_over_apair=0.227301827 n=0.476761814 Jphi_over_h=0.477226891 Jr_over_h=-0.000465076 e=0.000000000 eps=-1.05278367637440430e+13 L=1.10494857809560217e-04 mu1=-6.859856545e-24,-1.081502207e-24,-6.162757210e-24 mu2=-9.153690257e-24,-1.407096348e-24,6.609764158e-25 nhat=-4.171222150e-01,-1.921837182e-01,8.882986413e-01
135.677 MARGIN checkpoint=123 n=0.476761814 ratio=410.903225 kepler_ratio=410.502685 over=0.999025 periapsis_over_rstar=124.692731 separation_over_rstar=124.692761 period=3.303694604e-17
136.755 ACTION checkpoint=124 t=3.756000510e-10 a_over_apair=0.227295033 n=0.476754688 Jphi_over_h=0.477352033 Jr_over_h=-0.000597345 e=0.000000000 eps=-1.05281514785137070e+13 L=1.10523832694881931e-04 mu1=8.581127160e-24,-3.538810293e-24,2.189375523e-25 mu2=-1.169474108e-25,-6.592899741e-24,6.536577972e-24 nhat=3.054769660e-01,1.156801178e-01,9.451465144e-01
136.755 MARGIN checkpoint=124 n=0.476754688 ratio=411.010976 kepler_ratio=410.496550 over=0.998748 periapsis_over_rstar=124.758136 separation_over_rstar=124.758166 period=3.306294251e-17
137.823 ACTION checkpoint=125 t=3.758193575e-10 a_over_apair=0.227288256 n=0.476747581 Jphi_over_h=0.477304910 Jr_over_h=-0.000557329 e=0.000000000 eps=-1.05284653990665098e+13 L=1.10512922056272035e-04 mu1=-4.071591987e-24,7.576252334e-24,-3.497055123e-24 mu2=-8.460506438e-24,2.120220656e-24,3.182978238e-24 nhat=-1.806760365e-01,3.866876048e-01,9.043389111e-01
137.823 MARGIN checkpoint=125 n=0.476747581 ratio=410.970402 kepler_ratio=410.490430 over=0.998832 periapsis_over_rstar=124.733505 separation_over_rstar=124.733535 period=3.305315180e-17
138.906 ACTION checkpoint=126 t=3.760386321e-10 a_over_apair=0.227281477 n=0.476740472 Jphi_over_h=0.477257338 Jr_over_h=-0.000516867 e=0.000000000 eps=-1.05287793949447305e+13 L=1.10501907526370559e-04 mu1=1.245710372e-24,-8.345889563e-24,-3.873136757e-24 mu2=-1.555685064e-24,-8.741184624e-24,2.716319316e-24 nhat=-3.598201468e-01,-1.843113413e-01,9.146358791e-01
138.906 MARGIN checkpoint=126 n=0.476740472 ratio=410.929442 kepler_ratio=410.484309 over=0.998917 periapsis_over_rstar=124.708643 separation_over_rstar=124.708673 period=3.304326984e-17
140.003 ACTION checkpoint=127 t=3.762578742e-10 a_over_apair=0.227274693 n=0.476733356 Jphi_over_h=0.477355956 Jr_over_h=-0.000622600 e=0.000000000 eps=-1.05290936887573730e+13 L=1.10524741043530630e-04 mu1=5.763635462e-24,7.261509615e-24,5.077791338e-25 mu2=3.729911894e-24,1.102549479e-24,8.430836091e-24 nhat=-4.463433178e-01,4.659422611e-01,7.639865522e-01
140.003 MARGIN checkpoint=127 n=0.476733356 ratio=411.014354 kepler_ratio=410.478182 over=0.998695 periapsis_over_rstar=124.760186 separation_over_rstar=124.760216 period=3.306375770e-17
141.084 ACTION checkpoint=128 t=3.764771200e-10 a_over_apair=0.227267913 n=0.476726245 Jphi_over_h=0.477357751 Jr_over_h=-0.000631505 e=0.000000000 eps=-1.05294077964356797e+13 L=1.10525156563499229e-04 mu1=-6.482333083e-24,-3.070228795e-24,-5.895753406e-24 mu2=-5.248004092e-24,-6.599675089e-24,3.887106514e-24 nhat=-8.150103610e-01,1.692929437e-01,5.541642452e-01
141.084 MARGIN checkpoint=128 n=0.476726245 ratio=411.015899 kepler_ratio=410.472060 over=0.998677 periapsis_over_rstar=124.761124 separation_over_rstar=124.761154 period=3.306413062e-17
142.174 ACTION checkpoint=129 t=3.766963352e-10 a_over_apair=0.227261133 n=0.476719134 Jphi_over_h=0.477286884 Jr_over_h=-0.000567750 e=0.000000000 eps=-1.05297219319538926e+13 L=1.10508748388845490e-04 mu1=9.132425299e-24,-1.654044290e-24,2.641986530e-25 mu2=6.022360415e-24,-2.239397250e-24,6.702471951e-24 nhat=-3.249468453e-01,-1.628626906e-01,9.316036130e-01
142.174 MARGIN checkpoint=129 n=0.476719134 ratio=410.954881 kepler_ratio=410.465937 over=0.998810 periapsis_over_rstar=124.724084 separation_over_rstar=124.724114 period=3.304940706e-17
143.269 ACTION checkpoint=130 t=3.769155188e-10 a_over_apair=0.227254349 n=0.476712019 Jphi_over_h=0.477365332 Jr_over_h=-0.000653312 e=0.000000000 eps=-1.05300362392780723e+13 L=1.10526911801222530e-04 mu1=-4.574205116e-24,7.143746735e-24,-3.774968267e-24 mu2=-3.549998370e-24,6.443032495e-24,5.664953585e-24 nhat=-7.912764410e-01,-1.498195652e-01,5.928201176e-01
143.269 MARGIN checkpoint=130 n=0.476712019 ratio=411.022426 kepler_ratio=410.459811 over=0.998631 periapsis_over_rstar=124.765087 separation_over_rstar=124.765117 period=3.306570590e-17
144.358 ACTION checkpoint=131 t=3.771346783e-10 a_over_apair=0.227247578 n=0.476704917 Jphi_over_h=0.477410630 Jr_over_h=-0.000705713 e=0.000000000 eps=-1.05303500037603574e+13 L=1.10537399942996895e-04 mu1=2.878624619e-24,-8.381541766e-24,-2.769500531e-24 mu2=2.115947990e-24,-4.549097851e-24,7.812511000e-24 nhat=-5.896300572e-01,-6.611409000e-01,4.639279103e-01
144.358 MARGIN checkpoint=131 n=0.476704917 ratio=411.061429 kepler_ratio=410.453696 over=0.998522 periapsis_over_rstar=124.788767 separation_over_rstar=124.788797 period=3.307511982e-17
145.446 ACTION checkpoint=132 t=3.773342536e-10 a_over_apair=0.227240810 n=0.476697819 Jphi_over_h=0.477315054 Jr_over_h=-0.000617236 e=0.000000000 eps=-1.05306636218287383e+13 L=1.10515270819982198e-04 mu1=5.891433035e-24,7.174454444e-24,1.583524636e-25 mu2=3.035240731e-24,5.796318151e-24,6.587629685e-24 nhat=-3.535445882e-01,-7.339508336e-02,9.325338524e-01
145.446 MARGIN checkpoint=132 n=0.476697819 ratio=410.979136 kepler_ratio=410.447584 over=0.998707 periapsis_over_rstar=124.738807 separation_over_rstar=124.738837 period=3.305525931e-17
146.534 ACTION checkpoint=133 t=3.775533769e-10 a_over_apair=0.227234029 n=0.476690706 Jphi_over_h=0.477415204 Jr_over_h=-0.000724498 e=0.000000000 eps=-1.05309778851976680e+13 L=1.10538459041206771e-04 mu1=-6.884156305e-24,-1.951355357e-24,-5.916710193e-24 mu2=-8.392801868e-24,1.657993510e-24,3.608155984e-24 nhat=-5.054662223e-01,-6.359588285e-01,5.831468653e-01
146.534 MARGIN checkpoint=133 n=0.476690706 ratio=411.065368 kepler_ratio=410.441459 over=0.998482 periapsis_over_rstar=124.791158 separation_over_rstar=124.791188 period=3.307607055e-17
147.602 ACTION checkpoint=134 t=3.777725059e-10 a_over_apair=0.227227255 n=0.476683600 Jphi_over_h=0.477412111 Jr_over_h=-0.000728510 e=0.000000000 eps=-1.05312918435882441e+13 L=1.10537742812612054e-04 mu1=9.090730639e-24,-1.783638386e-24,6.197627242e-25 mu2=3.396701163e-24,1.793748604e-24,8.452913251e-24 nhat=-3.335436074e-02,-6.323481683e-01,7.739659428e-01
147.602 MARGIN checkpoint=134 n=0.476683600 ratio=411.062704 kepler_ratio=410.435341 over=0.998474 periapsis_over_rstar=124.789541 separation_over_rstar=124.789571 period=3.307542761e-17
148.681 ACTION checkpoint=135 t=3.779915975e-10 a_over_apair=0.227220483 n=0.476676497 Jphi_over_h=0.477345319 Jr_over_h=-0.000668822 e=0.000000000 eps=-1.05316057258583926e+13 L=1.10522278087043623e-04 mu1=-4.447924443e-24,7.058308437e-24,-4.074690839e-24 mu2=-6.893015575e-24,5.686240953e-24,2.521875369e-24 nhat=-3.998871601e-01,-7.405501753e-02,9.135677936e-01
148.681 MARGIN checkpoint=135 n=0.476676497 ratio=411.005195 kepler_ratio=410.429225 over=0.998599 periapsis_over_rstar=124.754626 separation_over_rstar=124.754656 period=3.306154736e-17
149.806 ACTION checkpoint=136 t=3.782106633e-10 a_over_apair=0.227213709 n=0.476669392 Jphi_over_h=0.477429690 Jr_over_h=-0.000760299 e=0.000000000 eps=-1.05319196967002266e+13 L=1.10541813107613545e-04 mu1=1.888763013e-24,-8.477593775e-24,-3.281742425e-24 mu2=-5.099385529e-24,-7.009564354e-24,3.327030218e-24 nhat=1.126234479e-01,-3.943894291e-01,9.120158646e-01
149.806 MARGIN checkpoint=136 n=0.476669392 ratio=411.077841 kepler_ratio=410.423107 over=0.998407 periapsis_over_rstar=124.798731 separation_over_rstar=124.798761 period=3.307908152e-17
150.879 ACTION checkpoint=137 t=3.784297130e-10 a_over_apair=0.227206943 n=0.476662295 Jphi_over_h=0.477457559 Jr_over_h=-0.000795264 e=0.000000000 eps=-1.05322333109126035e+13 L=1.10548265607525204e-04 mu1=4.132437550e-24,8.314391259e-24,2.670494519e-26 mu2=-4.313505323e-24,5.336331976e-24,6.254925111e-24 nhat=2.770374415e-01,1.071065926e-01,9.548708990e-01
150.879 MARGIN checkpoint=137 n=0.476662295 ratio=411.101836 kepler_ratio=410.416997 over=0.998334 periapsis_over_rstar=124.813301 separation_over_rstar=124.813331 period=3.308487448e-17
151.954 ACTION checkpoint=138 t=3.786487680e-10 a_over_apair=0.227200178 n=0.476655198 Jphi_over_h=0.477374110 Jr_over_h=-0.000718912 e=0.000000000 eps=-1.05325469355575039e+13 L=1.10528944287418491e-04 mu1=-5.805719360e-24,-3.857653298e-24,-6.133432075e-24 mu2=-7.909159435e-24,-4.817608841e-24,6.653550609e-25 nhat=-4.384038893e-01,-1.205347111e-01,8.906589770e-01
151.954 MARGIN checkpoint=138 n=0.476655198 ratio=411.029985 kepler_ratio=410.410886 over=0.998494 periapsis_over_rstar=124.769676 separation_over_rstar=124.769706 period=3.306753008e-17
153.036 ACTION checkpoint=139 t=3.788677742e-10 a_over_apair=0.227193399 n=0.476648088 Jphi_over_h=0.477448307 Jr_over_h=-0.000800219 e=0.000000000 eps=-1.05328611702735684e+13 L=1.10546123443171126e-04 mu1=9.213094426e-24,-9.030752726e-25,7.142838529e-25 mu2=3.622355851e-24,-5.140184654e-24,6.831097649e-24 nhat=-4.499485813e-02,2.491178338e-01,9.674273966e-01
153.036 MARGIN checkpoint=139 n=0.476648088 ratio=411.093870 kepler_ratio=410.404764 over=0.998324 periapsis_over_rstar=124.808464 separation_over_rstar=124.808494 period=3.308295120e-17
154.113 ACTION checkpoint=140 t=3.790867834e-10 a_over_apair=0.227186633 n=0.476640990 Jphi_over_h=0.477503234 Jr_over_h=-0.000862244 e=0.000000000 eps=-1.05331748634064824e+13 L=1.10558841143287327e-04 mu1=-5.913250413e-24,5.637424529e-24,-4.411322875e-24 mu2=-8.147511211e-24,-1.589534248e-24,4.159122170e-24 nhat=-4.235244633e-01,5.862734452e-01,6.905870520e-01
154.113 MARGIN checkpoint=140 n=0.476640990 ratio=411.141164 kepler_ratio=410.398653 over=0.998194 periapsis_over_rstar=124.837182 separation_over_rstar=124.837212 period=3.309437052e-17
155.202 ACTION checkpoint=141 t=3.793057688e-10 a_over_apair=0.227179877 n=0.476633902 Jphi_over_h=0.477404257 Jr_over_h=-0.000770355 e=0.000000000 eps=-1.05334881245181758e+13 L=1.10535924488083470e-04 mu1=4.054537414e-24,-7.914310158e-24,-2.670444972e-24 mu2=1.649436302e-24,-8.158538745e-24,4.113934942e-24 nhat=-4.043349918e-01,-2.012724675e-01,8.921897826e-01
155.202 MARGIN checkpoint=141 n=0.476633902 ratio=411.055942 kepler_ratio=410.392550 over=0.998386 periapsis_over_rstar=124.785435 separation_over_rstar=124.785465 period=3.307379538e-17
156.280 ACTION checkpoint=142 t=3.795247173e-10 a_over_apair=0.227173110 n=0.476626803 Jphi_over_h=0.477466907 Jr_over_h=-0.000840104 e=0.000000000 eps=-1.05338019046854082e+13 L=1.10550430183730316e-04 mu1=3.319205140e-24,8.662111302e-24,-3.969386730e-25 mu2=2.758996330e-24,4.566251352e-24,7.598956713e-24 nhat=-6.123542203e-01,2.331676773e-01,7.554171981e-01
156.280 MARGIN checkpoint=142 n=0.476626803 ratio=411.109885 kepler_ratio=410.386438 over=0.998240 periapsis_over_rstar=124.818189 separation_over_rstar=124.818219 period=3.308681796e-17
157.360 ACTION checkpoint=143 t=3.797436528e-10 a_over_apair=0.227166343 n=0.476619704 Jphi_over_h=0.477545424 Jr_over_h=-0.000925719 e=0.000000000 eps=-1.05341156997714707e+13 L=1.10568609435891091e-04 mu1=-4.917481599e-24,-5.600061761e-24,-5.537557067e-24 mu2=-2.670177287e-24,-6.497009936e-24,6.071727136e-24 nhat=-9.288409608e-01,-1.276078123e-01,3.478084470e-01
157.360 MARGIN checkpoint=143 n=0.476619704 ratio=411.177489 kepler_ratio=410.380325 over=0.998061 periapsis_over_rstar=124.859243 separation_over_rstar=124.859273 period=3.310314333e-17
158.442 ACTION checkpoint=144 t=3.799625970e-10 a_over_apair=0.227159584 n=0.476612614 Jphi_over_h=0.477432413 Jr_over_h=-0.000819799 e=0.000000000 eps=-1.05344291308422520e+13 L=1.10542443393227163e-04 mu1=9.133067479e-24,1.515271395e-24,7.056105841e-25 mu2=5.833141004e-24,1.190745102e-24,7.124847185e-24 nhat=-3.033508590e-01,-1.922020442e-01,9.332934322e-01
158.442 MARGIN checkpoint=144 n=0.476612614 ratio=411.080184 kepler_ratio=410.374220 over=0.998283 periapsis_over_rstar=124.800154 separation_over_rstar=124.800184 period=3.307964735e-17
159.544 ACTION checkpoint=145 t=3.801814850e-10 a_over_apair=0.227152816 n=0.476605514 Jphi_over_h=0.477489690 Jr_over_h=-0.000884177 e=0.000000000 eps=-1.05347430020652754e+13 L=1.10555705220816004e-04 mu1=-6.302865853e-24,4.760321120e-24,-4.880581948e-24 mu2=-6.349884968e-24,5.559369952e-24,3.870299977e-24 nhat=-6.701753734e-01,-3.188937970e-01,6.702027419e-01
159.544 MARGIN checkpoint=145 n=0.476605514 ratio=411.129502 kepler_ratio=410.368107 over=0.998148 periapsis_over_rstar=124.830101 separation_over_rstar=124.830131 period=3.309155451e-17
160.623 ACTION checkpoint=146 t=3.804003526e-10 a_over_apair=0.227146059 n=0.476598425 Jphi_over_h=0.477581400 Jr_over_h=-0.000982976 e=0.000000000 eps=-1.05350563902647109e+13 L=1.10576939325355813e-04 mu1=5.574318370e-24,-7.276389359e-24,-1.479184869e-24 mu2=1.964817107e-24,-1.953442238e-24,8.861738680e-24 nhat=-2.683343005e-01,-8.289386117e-01,4.907723314e-01
160.623 MARGIN checkpoint=146 n=0.476598425 ratio=411.208466 kepler_ratio=410.362003 over=0.997942 periapsis_over_rstar=124.878057 separation_over_rstar=124.878087 period=3.311062555e-17
161.704 ACTION checkpoint=147 t=3.806192469e-10 a_over_apair=0.227139310 n=0.476591345 Jphi_over_h=0.477460125 Jr_over_h=-0.000868780 e=0.000000000 eps=-1.05353693867992988e+13 L=1.10548859797706488e-04 mu1=1.120096523e-24,9.092201684e-24,-1.511326432e-24 mu2=-2.283112969e-24,7.661220039e-24,4.722283130e-24 nhat=-2.916656398e-01,-6.737624891e-02,9.541444312e-01
161.704 MARGIN checkpoint=147 n=0.476591345 ratio=411.104045 kepler_ratio=410.355907 over=0.998180 periapsis_over_rstar=124.814643 separation_over_rstar=124.814673 period=3.308540797e-17
162.790 ACTION checkpoint=148 t=3.808380738e-10 a_over_apair=0.227132544 n=0.476584246 Jphi_over_h=0.477512866 Jr_over_h=-0.000928620 e=0.000000000 eps=-1.05356832368421250e+13 L=1.10561071239741347e-04 mu1=-4.013565642e-24,-6.318520703e-24,-5.493126818e-24 mu2=-8.216816232e-24,-3.977842934e-24,1.693384740e-24 nhat=-2.014041834e-01,-4.927178555e-01,8.465609664e-01
162.790 MARGIN checkpoint=148 n=0.476584246 ratio=411.149457 kepler_ratio=410.349795 over=0.998055 periapsis_over_rstar=124.842219 separation_over_rstar=124.842249 period=3.309637321e-17
163.865 ACTION checkpoint=149 t=3.810568739e-10 a_over_apair=0.227125782 n=0.476577152 Jphi_over_h=0.477615499 Jr_over_h=-0.001038347 e=0.000000000 eps=-1.05359969210560312e+13 L=1.10584834259552645e-04 mu1=8.553533444e-24,3.400365646e-24,1.217141886e-24 mu2=-1.539327519e-24,3.666929228e-24,8.389931829e-24 nhat=4.627020064e-01,-2.587460109e-01,8.479135304e-01
163.865 MARGIN checkpoint=149 n=0.476577152 ratio=411.237825 kepler_ratio=410.343687 over=0.997826 periapsis_over_rstar=124.895889 separation_over_rstar=124.895919 period=3.311771811e-17
164.961 ACTION checkpoint=150 t=3.812757158e-10 a_over_apair=0.227119035 n=0.476570073 Jphi_over_h=0.477487894 Jr_over_h=-0.000917821 e=0.000000000 eps=-1.05363099096889160e+13 L=1.10555289396291166e-04 mu1=-6.916413521e-24,2.403616940e-24,-5.709002092e-24 mu2=-9.222231790e-24,5.567913132e-25,9.204778753e-25 nhat=-4.154133210e-01,-2.046071013e-02,9.094026237e-01
164.961 MARGIN checkpoint=150 n=0.476570073 ratio=411.127956 kepler_ratio=410.337592 over=0.998078 periapsis_over_rstar=124.829162 separation_over_rstar=124.829192 period=3.309118112e-17
166.053 ACTION checkpoint=151 t=3.814944816e-10 a_over_apair=0.227112278 n=0.476562984 Jphi_over_h=0.477539545 Jr_over_h=-0.000976560 e=0.000000000 eps=-1.05366233758848848e+13 L=1.10567248229115174e-04 mu1=6.507584126e-24,-6.505415907e-24,-1.240067739e-24 mu2=4.260377981e-25,-8.054786299e-24,4.598452429e-24 nhat=1.042292441e-02,-5.400192340e-02,9.984864320e-01
166.053 MARGIN checkpoint=151 n=0.476562984 ratio=411.172427 kepler_ratio=410.331488 over=0.997955 periapsis_over_rstar=124.856169 separation_over_rstar=124.856199 period=3.310192075e-17
167.120 ACTION checkpoint=152 t=3.817132522e-10 a_over_apair=0.227105523 n=0.476555897 Jphi_over_h=0.477649022 Jr_over_h=-0.001093124 e=0.000000000 eps=-1.05369367581734883e+13 L=1.10592596046933152e-04 mu1=-9.117252764e-25,9.051295392e-24,-1.857327117e-24 mu2=-6.982587011e-24,1.432718921e-24,5.949592457e-24 nhat=9.215764993e-03,6.302727436e-01,7.763190957e-01
167.120 MARGIN checkpoint=152 n=0.476555897 ratio=411.266690 kepler_ratio=410.325386 over=0.997711 periapsis_over_rstar=124.913423 separation_over_rstar=124.913453 period=3.312469205e-17
168.185 ACTION checkpoint=153 t=3.819038517e-10 a_over_apair=0.227098778 n=0.476548820 Jphi_over_h=0.477515828 Jr_over_h=-0.000967008 e=0.000000000 eps=-1.05372497428969141e+13 L=1.10561757009013147e-04 mu1=-4.233652191e-24,-5.894689753e-24,-5.790999665e-24 mu2=-6.643081662e-24,-6.419687338e-24,9.294814674e-25 nhat=-4.036983953e-01,-1.695364514e-01,8.990467158e-01
168.185 MARGIN checkpoint=153 n=0.476548820 ratio=411.152007 kepler_ratio=410.319292 over=0.997975 periapsis_over_rstar=124.843767 separation_over_rstar=124.843797 period=3.309698907e-17
169.277 ACTION checkpoint=154 t=3.821225566e-10 a_over_apair=0.227092016 n=0.476541725 Jphi_over_h=0.477615988 Jr_over_h=-0.001074263 e=0.000000000 eps=-1.05375634857460820e+13 L=1.10584947593657143e-04 mu1=9.027589854e-24,1.874688815e-24,1.093169040e-24 mu2=3.553107513e-24,-3.771606269e-24,7.704366842e-24 nhat=-5.802005115e-02,4.079328427e-01,9.111665432e-01
169.277 MARGIN checkpoint=154 n=0.476541725 ratio=411.238247 kepler_ratio=410.313184 over=0.997751 periapsis_over_rstar=124.896145 separation_over_rstar=124.896175 period=3.311781994e-17
170.387 ACTION checkpoint=155 t=3.823412667e-10 a_over_apair=0.227085266 n=0.476534643 Jphi_over_h=0.477603575 Jr_over_h=-0.001068932 e=0.000000000 eps=-1.05378767033616074e+13 L=1.10582073569531454e-04 mu1=-6.991221697e-24,3.057078752e-24,-5.289985251e-24 mu2=-8.429587593e-24,-2.724525145e-24,2.779545112e-24 nhat=-5.131085224e-01,4.231939486e-01,7.467439495e-01
170.387 MARGIN checkpoint=155 n=0.476534643 ratio=411.227559 kepler_ratio=410.307086 over=0.997762 periapsis_over_rstar=124.889654 separation_over_rstar=124.889684 period=3.311523788e-17
171.470 ACTION checkpoint=156 t=3.825599597e-10 a_over_apair=0.227078519 n=0.476527564 Jphi_over_h=0.477544767 Jr_over_h=-0.001017203 e=0.000000000 eps=-1.05381898190752188e+13 L=1.10568457320666920e-04 mu1=6.232906263e-24,-6.684377457e-24,-1.636102933e-24 mu2=3.231496457e-24,-7.235580543e-24,4.838456379e-24 nhat=-3.369030649e-01,-1.665809184e-01,9.266860971e-01
171.470 MARGIN checkpoint=156 n=0.476527564 ratio=411.176924 kepler_ratio=410.300990 over=0.997870 periapsis_over_rstar=124.858899 separation_over_rstar=124.858930 period=3.310300671e-17
172.563 ACTION checkpoint=157 t=3.827786051e-10 a_over_apair=0.227071769 n=0.476520481 Jphi_over_h=0.477646757 Jr_over_h=-0.001126276 e=0.000000000 eps=-1.05385030924640332e+13 L=1.10592071718940832e-04 mu1=5.423225566e-25,9.169382138e-24,-1.354685468e-24 mu2=1.145234611e-24,4.676937350e-24,7.938611338e-24 nhat=-7.431906665e-01,2.778072961e-01,6.086795047e-01
172.563 MARGIN checkpoint=157 n=0.476520481 ratio=411.264740 kepler_ratio=410.294892 over=0.997642 periapsis_over_rstar=124.912238 separation_over_rstar=124.912268 period=3.312422091e-17
173.650 ACTION checkpoint=158 t=3.829972580e-10 a_over_apair=0.227065024 n=0.476513404 Jphi_over_h=0.477629360 Jr_over_h=-0.001115956 e=0.000000000 eps=-1.05388161054868418e+13 L=1.10588043693663873e-04 mu1=-2.486487808e-24,-7.473923598e-24,-4.915760339e-24 mu2=-1.254110691e-24,-7.769082975e-24,4.927008359e-24 nhat=-8.141774459e-01,-1.954214401e-01,5.467408411e-01
173.650 MARGIN checkpoint=158 n=0.476513404 ratio=411.249761 kepler_ratio=410.288798 over=0.997663 periapsis_over_rstar=124.903139 separation_over_rstar=124.903169 period=3.312060166e-17
174.779 ACTION checkpoint=159 t=3.832158871e-10 a_over_apair=0.227058276 n=0.476506323 Jphi_over_h=0.477573695 Jr_over_h=-0.001067372 e=0.000000000 eps=-1.05391293370457344e+13 L=1.10575155202797003e-04 mu1=8.255485679e-24,4.192931712e-24,6.878481905e-25 mu2=5.241041379e-24,2.972329494e-24,7.064247866e-24 nhat=-3.353845915e-01,-9.108749088e-02,9.376674489e-01
174.779 MARGIN checkpoint=159 n=0.476506323 ratio=411.201831 kepler_ratio=410.282701 over=0.997765 periapsis_over_rstar=124.874027 separation_over_rstar=124.874057 period=3.310902289e-17
175.861 ACTION checkpoint=160 t=3.834344729e-10 a_over_apair=0.227051522 n=0.476499236 Jphi_over_h=0.477680745 Jr_over_h=-0.001181509 e=0.000000000 eps=-1.05394428511126641e+13 L=1.10599941035954418e-04 mu1=-7.234198338e-24,1.816683168e-24,-5.529275897e-24 mu2=-6.864305922e-24,4.095319664e-24,4.724036021e-24 nhat=-7.168399035e-01,-4.855547540e-01,5.003769914e-01
175.861 MARGIN checkpoint=160 n=0.476499236 ratio=411.294004 kepler_ratio=410.276599 over=0.997526 periapsis_over_rstar=124.930015 separation_over_rstar=124.930045 period=3.313129240e-17
176.934 ACTION checkpoint=161 t=3.836530732e-10 a_over_apair=0.227044784 n=0.476492166 Jphi_over_h=0.477653542 Jr_over_h=-0.001161376 e=0.000000000 eps=-1.05397556049758066e+13 L=1.10593642717572743e-04 mu1=7.790509371e-24,-5.034949685e-24,-4.050934207e-25 mu2=4.492828850e-24,-1.412528184e-24,8.001631604e-24 nhat=-3.033801771e-01,-6.370762990e-01,7.085860974e-01
176.934 MARGIN checkpoint=161 n=0.476492166 ratio=411.270582 kepler_ratio=410.270512 over=0.997568 periapsis_over_rstar=124.915787 separation_over_rstar=124.915817 period=3.312563256e-17
178.022 ACTION checkpoint=162 t=3.838716361e-10 a_over_apair=0.227038046 n=0.476485095 Jphi_over_h=0.477603715 Jr_over_h=-0.001118620 e=0.000000000 eps=-1.05400684153167227e+13 L=1.10582106067865312e-04 mu1=-1.544893537e-24,8.754752962e-24,-2.678518211e-24 mu2=-3.885253884e-24,7.444450768e-24,3.961288968e-24 nhat=-4.113488426e-01,-8.094963537e-02,9.078762505e-01
178.022 MARGIN checkpoint=162 n=0.476485095 ratio=411.227680 kepler_ratio=410.264424 over=0.997658 periapsis_over_rstar=124.889727 separation_over_rstar=124.889757 period=3.311526708e-17
179.116 ACTION checkpoint=163 t=3.840901637e-10 a_over_apair=0.227031298 n=0.476478014 Jphi_over_h=0.477719806 Jr_over_h=-0.001241792 e=0.000000000 eps=-1.05403816802692949e+13 L=1.10608985121083878e-04 mu1=-1.337801715e-24,-8.028188859e-24,-4.468257545e-24 mu2=-7.473629938e-24,-4.211837980e-24,3.551356312e-24 nhat=1.660690506e-02,-6.588381903e-01,7.521013560e-01
179.116 MARGIN checkpoint=163 n=0.476478014 ratio=411.327637 kepler_ratio=410.258327 over=0.997400 periapsis_over_rstar=124.950448 separation_over_rstar=124.950478 period=3.313942079e-17
180.214 ACTION checkpoint=164 t=3.843087182e-10 a_over_apair=0.227024558 n=0.476470942 Jphi_over_h=0.477678306 Jr_over_h=-0.001207364 e=0.000000000 eps=-1.05406946068164414e+13 L=1.10599376364508233e-04 mu1=6.719403534e-24,6.368082697e-24,7.099254792e-25 mu2=-4.931712044e-25,6.269605725e-24,6.830496430e-24 nhat=1.379964645e-01,-2.175425846e-01,9.662464487e-01
180.214 MARGIN checkpoint=164 n=0.476470942 ratio=411.291904 kepler_ratio=410.252237 over=0.997472 periapsis_over_rstar=124.928740 separation_over_rstar=124.928770 period=3.313078494e-17
181.300 ACTION checkpoint=165 t=3.845272157e-10 a_over_apair=0.227017815 n=0.476463865 Jphi_over_h=0.477636307 Jr_over_h=-0.001172442 e=0.000000000 eps=-1.05410077130689883e+13 L=1.10589652140300089e-04 mu1=-6.919834028e-24,-6.044503484e-25,-6.160957075e-24 mu2=-9.197019572e-24,-1.112688718e-24,6.193626470e-25 nhat=-4.184396568e-01,-1.713594399e-01,8.919328428e-01
181.300 MARGIN checkpoint=165 n=0.476463865 ratio=411.255742 kepler_ratio=410.246144 over=0.997545 periapsis_over_rstar=124.906772 separation_over_rstar=124.906802 period=3.312204685e-17
182.379 ACTION checkpoint=166 t=3.847456888e-10 a_over_apair=0.227011073 n=0.476456790 Jphi_over_h=0.477763949 Jr_over_h=-0.001307159 e=0.000000000 eps=-1.05413207722779375e+13 L=1.10619205793958473e-04 mu1=8.437255981e-24,-3.873888768e-24,1.120384176e-25 mu2=-3.814830908e-25,-6.685568443e-24,6.431523966e-24 nhat=3.190163973e-01,8.832368377e-02,9.436246421e-01
182.379 MARGIN checkpoint=166 n=0.476456790 ratio=411.365645 kepler_ratio=410.240052 over=0.997264 periapsis_over_rstar=124.973541 separation_over_rstar=124.973571 period=3.314860824e-17
183.448 ACTION checkpoint=167 t=3.849641712e-10 a_over_apair=0.227004345 n=0.476449730 Jphi_over_h=0.477700890 Jr_over_h=-0.001251160 e=0.000000000 eps=-1.05416331690432422e+13 L=1.10604605381663337e-04 mu1=-3.935495938e-24,7.652668341e-24,-3.486458699e-24 mu2=-8.333197265e-24,2.864403729e-24,2.925725534e-24 nhat=-1.793339010e-01,3.111562651e-01,9.332851283e-01
183.448 MARGIN checkpoint=167 n=0.476449730 ratio=411.311349 kepler_ratio=410.233974 over=0.997381 periapsis_over_rstar=124.940553 separation_over_rstar=124.940583 period=3.313548432e-17
184.545 ACTION checkpoint=168 t=3.851826335e-10 a_over_apair=0.226997609 n=0.476442661 Jphi_over_h=0.477667313 Jr_over_h=-0.001224652 e=0.000000000 eps=-1.05419459828189355e+13 L=1.10596831062017770e-04 mu1=1.112697225e-24,-8.329027728e-24,-3.949184380e-24 mu2=-2.051728054e-24,-8.704044638e-24,2.497373460e-24 nhat=-3.183819480e-01,-1.863709523e-01,9.294615663e-01
184.545 MARGIN checkpoint=168 n=0.476442661 ratio=411.282439 kepler_ratio=410.227887 over=0.997436 periapsis_over_rstar=124.922990 separation_over_rstar=124.923020 period=3.312849761e-17
185.621 ACTION checkpoint=169 t=3.854010497e-10 a_over_apair=0.226990864 n=0.476435582 Jphi_over_h=0.477808184 Jr_over_h=-0.001372602 e=0.000000000 eps=-1.05422592444273906e+13 L=1.10629447827824412e-04 mu1=5.607329338e-24,7.380692608e-24,5.385996638e-25 mu2=2.478274080e-24,-2.202832493e-25,8.945193578e-24 nhat=-3.222697264e-01,6.280928595e-01,7.082666046e-01
185.621 MARGIN checkpoint=169 n=0.476435582 ratio=411.403732 kepler_ratio=410.221792 over=0.997127 periapsis_over_rstar=124.996684 separation_over_rstar=124.996714 period=3.315781660e-17
186.685 ACTION checkpoint=170 t=3.856194934e-10 a_over_apair=0.226984136 n=0.476428521 Jphi_over_h=0.477719838 Jr_over_h=-0.001291316 e=0.000000000 eps=-1.05425717436671309e+13 L=1.10608992417193653e-04 mu1=-6.244139961e-24,-3.371715617e-24,-5.987412231e-24 mu2=-6.274624591e-24,-6.473911529e-24,2.219101401e-24 nhat=-6.716153830e-01,1.210681595e-01,7.309413643e-01
186.685 MARGIN checkpoint=170 n=0.476428521 ratio=411.327664 kepler_ratio=410.215712 over=0.997297 periapsis_over_rstar=124.950464 separation_over_rstar=124.950494 period=3.313942735e-17
187.765 ACTION checkpoint=171 t=3.858378822e-10 a_over_apair=0.226977402 n=0.476421454 Jphi_over_h=0.477698353 Jr_over_h=-0.001276900 e=0.000000000 eps=-1.05428845239464883e+13 L=1.10604018074067972e-04 mu1=9.161208839e-24,-1.482358923e-24,2.858669424e-25 mu2=5.868033664e-24,-2.998686399e-24,6.540712199e-24 nhat=-3.038275072e-01,-5.770555951e-02,9.509778727e-01
187.765 MARGIN checkpoint=171 n=0.476421454 ratio=411.309165 kepler_ratio=410.209627 over=0.997327 periapsis_over_rstar=124.939226 separation_over_rstar=124.939256 period=3.313495648e-17
188.849 ACTION checkpoint=172 t=3.860562416e-10 a_over_apair=0.226970668 n=0.476414387 Jphi_over_h=0.477857379 Jr_over_h=-0.001442992 e=0.000000000 eps=-1.05431973008289668e+13 L=1.10640838129184014e-04 mu1=-5.145974077e-24,6.662847024e-24,-3.915644980e-24 mu2=-2.749263606e-24,3.897310037e-24,7.966139553e-24 nhat=-9.449378561e-01,8.309292542e-02,3.165249023e-01
188.849 MARGIN checkpoint=172 n=0.476414387 ratio=411.446090 kepler_ratio=410.203542 over=0.996980 periapsis_over_rstar=125.022424 separation_over_rstar=125.022454 period=3.316805934e-17
189.936 ACTION checkpoint=173 t=3.862746201e-10 a_over_apair=0.226963948 n=0.476407334 Jphi_over_h=0.477741291 Jr_over_h=-0.001333957 e=0.000000000 eps=-1.05435094912388184e+13 L=1.10613959599684252e-04 mu1=3.735193027e-24,-8.087855806e-24,-2.615679029e-24 mu2=2.875051745e-24,-6.786341309e-24,5.646813648e-24 nhat=-5.780365382e-01,-3.753318066e-01,7.245686962e-01
189.936 MARGIN checkpoint=173 n=0.476407334 ratio=411.346135 kepler_ratio=410.197469 over=0.997208 periapsis_over_rstar=124.961687 separation_over_rstar=124.961717 period=3.314389218e-17
191.013 ACTION checkpoint=174 t=3.864557183e-10 a_over_apair=0.226957211 n=0.476400264 Jphi_over_h=0.477748020 Jr_over_h=-0.001347757 e=0.000000000 eps=-1.05438224302678730e+13 L=1.10615517736751173e-04 mu1=6.842080083e-24,6.250516238e-24,5.690713183e-25 mu2=4.806023870e-24,2.741826917e-24,7.455962379e-24 nhat=-4.454708744e-01,1.668842906e-01,8.796052146e-01
191.013 MARGIN checkpoint=174 n=0.476400264 ratio=411.351930 kepler_ratio=410.191382 over=0.997179 periapsis_over_rstar=124.965208 separation_over_rstar=124.965238 period=3.314529282e-17
192.019 ACTION checkpoint=175 t=3.864559172e-10 a_over_apair=0.226950475 n=0.476393193 Jphi_over_h=0.477740890 Jr_over_h=-0.001347696 e=0.000000000 eps=-1.05441354048914414e+13 L=1.10613866741131686e-04 mu1=6.828248554e-24,6.266028932e-24,5.645869207e-25 mu2=4.797034095e-24,2.768893142e-24,7.451748113e-24 nhat=-4.460166443e-01,1.655819595e-01,8.795747653e-01
192.019 MARGIN checkpoint=175 n=0.476393193 ratio=411.345790 kepler_ratio=410.185294 over=0.997179 periapsis_over_rstar=124.961477 separation_over_rstar=124.961507 period=3.314380871e-17
193.088 ACTION checkpoint=176 t=3.866742023e-10 a_over_apair=0.226943738 n=0.476386123 Jphi_over_h=0.477894315 Jr_over_h=-0.001508193 e=0.000000000 eps=-1.05444484033403516e+13 L=1.10649390180446848e-04 mu1=-7.026902857e-24,-1.750136409e-24,-5.810896150e-24 mu2=-4.339808065e-24,-4.193415239e-24,7.056074679e-24 nhat=-9.775508584e-01,4.677214931e-02,2.054426568e-01
193.088 MARGIN checkpoint=176 n=0.476386123 ratio=411.477893 kepler_ratio=410.179206 over=0.996844 periapsis_over_rstar=125.041752 separation_over_rstar=125.041782 period=3.317575116e-17
194.171 ACTION checkpoint=177 t=3.868924987e-10 a_over_apair=0.226937021 n=0.476379072 Jphi_over_h=0.477735131 Jr_over_h=-0.001356059 e=0.000000000 eps=-1.05447605204883262e+13 L=1.10612533487074304e-04 mu1=8.965512368e-24,-2.411733378e-24,9.992678454e-26 mu2=5.986541830e-24,-2.096684849e-24,6.780271738e-24 nhat=-3.391670353e-01,-2.641394578e-01,9.028820903e-01
194.171 MARGIN checkpoint=177 n=0.476379072 ratio=411.340832 kepler_ratio=410.173136 over=0.997161 periapsis_over_rstar=124.958465 separation_over_rstar=124.958495 period=3.314261025e-17
195.263 ACTION checkpoint=178 t=3.871107428e-10 a_over_apair=0.226930290 n=0.476372007 Jphi_over_h=0.477778779 Jr_over_h=-0.001406772 e=0.000000000 eps=-1.05450732927778379e+13 L=1.10622639492671720e-04 mu1=-3.853429474e-24,7.665914000e-24,-3.548478423e-24 mu2=-3.854596084e-24,6.994439554e-24,4.735689984e-24 nhat=-6.747668427e-01,-1.529178741e-01,7.220151188e-01
195.263 MARGIN checkpoint=178 n=0.476372007 ratio=411.378414 kepler_ratio=410.167053 over=0.997055 periapsis_over_rstar=124.981299 separation_over_rstar=124.981329 period=3.315169520e-17
196.331 ACTION checkpoint=179 t=3.873289804e-10 a_over_apair=0.226923565 n=0.476364950 Jphi_over_h=0.477898054 Jr_over_h=-0.001533105 e=0.000000000 eps=-1.05453857741477090e+13 L=1.10650255857082407e-04 mu1=2.170948854e-24,-8.506314555e-24,-3.022655959e-24 mu2=8.198766371e-25,-3.666858325e-24,8.490512800e-24 nhat=-5.224750554e-01,-7.738734086e-01,3.579661492e-01
196.331 MARGIN checkpoint=179 n=0.476364950 ratio=411.481112 kepler_ratio=410.160976 over=0.996792 periapsis_over_rstar=125.043709 separation_over_rstar=125.043739 period=3.317652983e-17
197.404 ACTION checkpoint=180 t=3.875472156e-10 a_over_apair=0.226916851 n=0.476357902 Jphi_over_h=0.477762861 Jr_over_h=-0.001404958 e=0.000000000 eps=-1.05456977997150605e+13 L=1.10618953766745490e-04 mu1=4.502153596e-24,8.114873377e-24,-2.937657894e-25 mu2=9.731919646e-25,7.078133752e-24,5.929567882e-24 nhat=-2.771314833e-01,-1.117378182e-01,9.543127375e-01
197.404 MARGIN checkpoint=180 n=0.476357902 ratio=411.364707 kepler_ratio=410.154908 over=0.997059 periapsis_over_rstar=124.972971 separation_over_rstar=124.973001 period=3.314838167e-17
198.489 ACTION checkpoint=181 t=3.877653983e-10 a_over_apair=0.226910118 n=0.476350835 Jphi_over_h=0.477820622 Jr_over_h=-0.001469787 e=0.000000000 eps=-1.05460107252464492e+13 L=1.10632327632577854e-04 mu1=-6.222768246e-24,-3.414008822e-24,-5.985695815e-24 mu2=-9.063426024e-24,-7.222192874e-25,1.881372713e-24 nhat=-3.546675304e-01,-5.319378431e-01,7.689298238e-01
198.489 MARGIN checkpoint=181 n=0.476350835 ratio=411.414441 kepler_ratio=410.148823 over=0.996924 periapsis_over_rstar=125.003192 separation_over_rstar=125.003222 period=3.316040607e-17
199.583 ACTION checkpoint=182 t=3.879835606e-10 a_over_apair=0.226903392 n=0.476343775 Jphi_over_h=0.477892641 Jr_over_h=-0.001548866 e=0.000000000 eps=-1.05463233289884004e+13 L=1.10649002452975557e-04 mu1=9.232331510e-24,6.621446954e-28,9.853475186e-25 mu2=1.222193510e-24,3.050511888e-24,8.683747781e-24 nhat=2.279176419e-01,-5.721980086e-01,7.878089791e-01
199.583 MARGIN checkpoint=182 n=0.476343775 ratio=411.476451 kepler_ratio=410.142744 over=0.996759 periapsis_over_rstar=125.040876 separation_over_rstar=125.040906 period=3.317540241e-17
200.668 ACTION checkpoint=183 t=3.882017220e-10 a_over_apair=0.226896678 n=0.476336727 Jphi_over_h=0.477788888 Jr_over_h=-0.001452161 e=0.000000000 eps=-1.05466354036139785e+13 L=1.10624980121766520e-04 mu1=-5.682487725e-24,5.537925231e-24,-4.821573672e-24 mu2=-8.179431042e-24,4.039390535e-24,1.728319189e-24 nhat=-3.934293043e-01,-5.966460755e-02,9.174167631e-01
200.668 MARGIN checkpoint=183 n=0.476336727 ratio=411.387118 kepler_ratio=410.136676 over=0.996960 periapsis_over_rstar=124.986588 separation_over_rstar=124.986618 period=3.315379959e-17
201.747 ACTION checkpoint=184 t=3.884198409e-10 a_over_apair=0.226889956 n=0.476329671 Jphi_over_h=0.477867337 Jr_over_h=-0.001537666 e=0.000000000 eps=-1.05469478754721562e+13 L=1.10643143799197489e-04 mu1=3.855005121e-24,-8.082117885e-24,-2.454620396e-24 mu2=-3.315253182e-24,-7.823628874e-24,3.742563674e-24 nhat=1.332847469e-01,-2.576558321e-01,9.569998163e-01
201.747 MARGIN checkpoint=184 n=0.476329671 ratio=411.454664 kepler_ratio=410.130600 over=0.996782 periapsis_over_rstar=125.027635 separation_over_rstar=125.027665 period=3.317013297e-17
202.814 ACTION checkpoint=185 t=3.886379677e-10 a_over_apair=0.226883237 n=0.476322618 Jphi_over_h=0.477889572 Jr_over_h=-0.001566954 e=0.000000000 eps=-1.05472602094681113e+13 L=1.10648291926146547e-04 mu1=1.933309798e-24,9.045657477e-24,-8.032741177e-25 mu2=-5.550963881e-24,5.193331273e-24,5.331319307e-24 nhat=1.686618247e-01,2.055930113e-01,9.639941403e-01
202.815 MARGIN checkpoint=185 n=0.476322618 ratio=411.473809 kepler_ratio=410.124528 over=0.996721 periapsis_over_rstar=125.039270 separation_over_rstar=125.039300 period=3.317476331e-17
203.893 ACTION checkpoint=186 t=3.888560918e-10 a_over_apair=0.226876518 n=0.476315566 Jphi_over_h=0.477818677 Jr_over_h=-0.001503111 e=0.000000000 eps=-1.05475725567288184e+13 L=1.10631877155440166e-04 mu1=-4.318631075e-24,-5.785276208e-24,-5.838395337e-24 mu2=-6.708156739e-24,-6.359887694e-24,8.713879523e-25 nhat=-4.055097186e-01,-1.637882611e-01,8.992970998e-01
203.893 MARGIN checkpoint=186 n=0.476315566 ratio=411.412766 kepler_ratio=410.118455 over=0.996854 periapsis_over_rstar=125.002174 separation_over_rstar=125.002204 period=3.316000100e-17
204.995 ACTION checkpoint=187 t=3.890741519e-10 a_over_apair=0.226869791 n=0.476308505 Jphi_over_h=0.477925300 Jr_over_h=-0.001616795 e=0.000000000 eps=-1.05478852853000566e+13 L=1.10656564207592626e-04 mu1=9.036238361e-24,1.829318464e-24,1.098565208e-24 mu2=3.333152451e-24,-3.912627169e-24,7.732289354e-24 nhat=-3.204790288e-02,4.184955347e-01,9.076532484e-01
204.995 MARGIN checkpoint=187 n=0.476308505 ratio=411.504571 kepler_ratio=410.112375 over=0.996617 periapsis_over_rstar=125.057967 separation_over_rstar=125.057997 period=3.318220449e-17
206.063 ACTION checkpoint=188 t=3.892922254e-10 a_over_apair=0.226863082 n=0.476301461 Jphi_over_h=0.477891464 Jr_over_h=-0.001590003 e=0.000000000 eps=-1.05481972620616855e+13 L=1.10648729956014296e-04 mu1=-6.992227655e-24,2.921181407e-24,-5.364914434e-24 mu2=-8.704636615e-24,-2.323876999e-24,2.244048209e-24 nhat=-4.817429793e-01,3.625267141e-01,7.978082999e-01
206.063 MARGIN checkpoint=188 n=0.476301461 ratio=411.475438 kepler_ratio=410.106310 over=0.996673 periapsis_over_rstar=125.040260 separation_over_rstar=125.040290 period=3.317515731e-17
207.156 ACTION checkpoint=189 t=3.895102525e-10 a_over_apair=0.226856370 n=0.476294416 Jphi_over_h=0.477850841 Jr_over_h=-0.001556426 e=0.000000000 eps=-1.05485093142069121e+13 L=1.10639324369974303e-04 mu1=6.306927443e-24,-6.619460511e-24,-1.616249995e-24 mu2=3.030166459e-24,-7.401935432e-24,4.715537973e-24 nhat=-3.054812513e-01,-1.403611465e-01,9.417961317e-01
207.156 MARGIN checkpoint=189 n=0.476294416 ratio=411.440461 kepler_ratio=410.100244 over=0.996743 periapsis_over_rstar=125.019003 separation_over_rstar=125.019033 period=3.316669797e-17
208.237 ACTION checkpoint=190 t=3.897282572e-10 a_over_apair=0.226849652 n=0.476287362 Jphi_over_h=0.477993360 Jr_over_h=-0.001705998 e=0.000000000 eps=-1.05488217392078008e+13 L=1.10672322610254171e-04 mu1=1.333840419e-25,9.170490903e-24,-1.446084564e-24 mu2=6.676439724e-25,3.203009992e-24,8.689179121e-24 nhat=-7.347426384e-01,4.438356479e-01,5.129943207e-01
208.237 MARGIN checkpoint=190 n=0.476287362 ratio=411.563173 kepler_ratio=410.094171 over=0.996431 periapsis_over_rstar=125.093588 separation_over_rstar=125.093618 period=3.319638276e-17
209.315 ACTION checkpoint=191 t=3.899462910e-10 a_over_apair=0.226842943 n=0.476280320 Jphi_over_h=0.477899315 Jr_over_h=-0.001618995 e=0.000000000 eps=-1.05491336895233438e+13 L=1.10650547775415555e-04 mu1=-1.975707803e-24,-7.654653779e-24,-4.869261697e-24 mu2=-1.712988635e-24,-8.359353559e-24,3.659744976e-24 nhat=-7.042779510e-01,-1.491154523e-01,6.940872781e-01
209.315 MARGIN checkpoint=191 n=0.476280320 ratio=411.482198 kepler_ratio=410.088108 over=0.996612 periapsis_over_rstar=125.044369 separation_over_rstar=125.044399 period=3.317679241e-17
210.430 ACTION checkpoint=192 t=3.901642626e-10 a_over_apair=0.226836225 n=0.476273267 Jphi_over_h=0.477882251 Jr_over_h=-0.001608984 e=0.000000000 eps=-1.05494461380136680e+13 L=1.10646596878130740e-04 mu1=8.090730183e-24,4.504836855e-24,6.733389060e-25 mu2=5.400869123e-24,2.509484254e-24,7.123198493e-24 nhat=-3.715718300e-01,-3.677290456e-03,9.283969263e-01
210.430 MARGIN checkpoint=192 n=0.476273267 ratio=411.467505 kepler_ratio=410.082035 over=0.996633 periapsis_over_rstar=125.035439 separation_over_rstar=125.035469 period=3.317323870e-17
211.505 ACTION checkpoint=193 t=3.903822108e-10 a_over_apair=0.226829510 n=0.476266218 Jphi_over_h=0.478063196 Jr_over_h=-0.001796979 e=0.000000000 eps=-1.05497584230295332e+13 L=1.10688492088118295e-04 mu1=-7.360889429e-24,9.048299069e-25,-5.586183396e-24 mu2=-5.233756614e-24,2.045357813e-24,7.391289360e-24 nhat=-9.140382700e-01,-3.569186268e-01,1.927255425e-01
211.505 MARGIN checkpoint=193 n=0.476266218 ratio=411.623303 kepler_ratio=410.075965 over=0.996241 periapsis_over_rstar=125.130144 separation_over_rstar=125.130174 period=3.321093508e-17
212.568 ACTION checkpoint=194 t=3.906002073e-10 a_over_apair=0.226822817 n=0.476259191 Jphi_over_h=0.477912752 Jr_over_h=-0.001653561 e=0.000000000 eps=-1.05500697431346152e+13 L=1.10653658818219054e-04 mu1=8.236947057e-24,-4.271982157e-24,-3.312505130e-25 mu2=5.538114456e-24,-2.659680270e-24,6.961482917e-24 nhat=-3.705180542e-01,-4.101856101e-01,8.333451486e-01
212.568 MARGIN checkpoint=194 n=0.476259191 ratio=411.493767 kepler_ratio=410.069915 over=0.996540 periapsis_over_rstar=125.051400 separation_over_rstar=125.051430 period=3.317959088e-17
213.651 ACTION checkpoint=195 t=3.908181309e-10 a_over_apair=0.226816107 n=0.476252146 Jphi_over_h=0.477918421 Jr_over_h=-0.001666275 e=0.000000000 eps=-1.05503818580643027e+13 L=1.10654971479679106e-04 mu1=-2.119700662e-24,8.569851071e-24,-2.876000173e-24 mu2=-3.283835225e-24,7.475141187e-24,4.421034463e-24 nhat=-5.434373135e-01,-1.051496036e-01,8.328381878e-01
213.651 MARGIN checkpoint=195 n=0.476252146 ratio=411.498648 kepler_ratio=410.063849 over=0.996513 periapsis_over_rstar=125.054367 separation_over_rstar=125.054397 period=3.318077170e-17
214.726 ACTION checkpoint=196 t=3.909908036e-10 a_over_apair=0.226809390 n=0.476245095 Jphi_over_h=0.478013340 Jr_over_h=-0.001768245 e=0.000000000 eps=-1.05506942683685977e+13 L=1.10676948566172599e-04 mu1=-3.771581855e-24,-6.658375004e-24,-5.258143008e-24 mu2=-1.880245805e-24,-7.123156769e-24,5.650855566e-24 nhat=-8.875421724e-01,-1.760931165e-01,4.257465284e-01
214.726 MARGIN checkpoint=196 n=0.476245095 ratio=411.580376 kepler_ratio=410.057778 over=0.996301 periapsis_over_rstar=125.104046 separation_over_rstar=125.104076 period=3.320054562e-17
215.808 ACTION checkpoint=197 t=3.912086988e-10 a_over_apair=0.226802687 n=0.476238057 Jphi_over_h=0.477922736 Jr_over_h=-0.001684678 e=0.000000000 eps=-1.05510060945097324e+13 L=1.10655970523204503e-04 mu1=8.749913519e-24,3.026611168e-24,6.967736481e-25 mu2=5.624480440e-24,2.159622671e-24,7.064566864e-24 nhat=-3.224147301e-01,-1.308037890e-01,9.375175255e-01
215.808 MARGIN checkpoint=197 n=0.476238057 ratio=411.502364 kepler_ratio=410.051719 over=0.996475 periapsis_over_rstar=125.056625 separation_over_rstar=125.056655 period=3.318167042e-17
216.887 ACTION checkpoint=198 t=3.914265365e-10 a_over_apair=0.226795971 n=0.476231006 Jphi_over_h=0.478018840 Jr_over_h=-0.001787834 e=0.000000000 eps=-1.05513185301300371e+13 L=1.10678222078638519e-04 mu1=-6.989229819e-24,3.054909757e-24,-5.293868924e-24 mu2=-6.505929597e-24,4.764539559e-24,4.602053688e-24 nhat=-7.288903395e-01,-4.210468935e-01,5.398503372e-01
216.887 MARGIN checkpoint=198 n=0.476231006 ratio=411.585112 kepler_ratio=410.045648 over=0.996260 periapsis_over_rstar=125.106925 separation_over_rstar=125.106955 period=3.320169171e-17
217.963 ACTION checkpoint=199 t=3.916444060e-10 a_over_apair=0.226789270 n=0.476223970 Jphi_over_h=0.478001073 Jr_over_h=-0.001777103 e=0.000000000 eps=-1.05516303218593516e+13 L=1.10674108409152170e-04 mu1=7.198166882e-24,-5.813418495e-24,-7.729257478e-25 mu2=4.519106184e-24,-2.371302042e-24,7.756381966e-24 nhat=-3.726345990e-01,-6.162384373e-01,6.938253700e-01
217.963 MARGIN checkpoint=199 n=0.476223970 ratio=411.569814 kepler_ratio=410.039589 over=0.996282 periapsis_over_rstar=125.097625 separation_over_rstar=125.097655 period=3.319798974e-17
219.049 ACTION checkpoint=200 t=3.918622512e-10 a_over_apair=0.226782570 n=0.476216935 Jphi_over_h=0.477955103 Jr_over_h=-0.001738167 e=0.000000000 eps=-1.05519420641322812e+13 L=1.10663464626046683e-04 mu1=-6.556696799e-25,8.967858251e-24,-2.313972977e-24 mu2=-2.878438987e-24,7.670154610e-24,4.369230199e-24 nhat=-4.240756804e-01,-8.224844463e-02,9.018841448e-01
219.049 MARGIN checkpoint=200 n=0.476216935 ratio=411.530232 kepler_ratio=410.033532 over=0.996363 periapsis_over_rstar=125.073565 separation_over_rstar=125.073595 period=3.318841249e-17
220.160 ACTION checkpoint=201 t=3.920800335e-10 a_over_apair=0.226775865 n=0.476209896 Jphi_over_h=0.478097617 Jr_over_h=-0.001887722 e=0.000000000 eps=-1.05522540461370254e+13 L=1.10696461715849742e-04 mu1=-2.017006770e-24,-7.771458576e-24,-4.662935831e-24 mu2=-7.613853628e-24,-2.896697231e-24,4.454798913e-24 nhat=-4.389571292e-02,-7.774729609e-01,6.273826276e-01
220.160 MARGIN checkpoint=201 n=0.476209896 ratio=411.652940 kepler_ratio=410.027471 over=0.996051 periapsis_over_rstar=125.148164 separation_over_rstar=125.148193 period=3.321810920e-17
221.220 ACTION checkpoint=202 t=3.922978447e-10 a_over_apair=0.226769170 n=0.476202866 Jphi_over_h=0.478001622 Jr_over_h=-0.001798756 e=0.000000000 eps=-1.05525655786418320e+13 L=1.10674235426806106e-04 mu1=7.122735440e-24,5.915092390e-24,6.965465837e-25 mu2=1.278146663e-24,6.180130272e-24,6.810226590e-24 nhat=-1.599327114e-02,-2.582860955e-01,9.659360787e-01
221.220 MARGIN checkpoint=202 n=0.476202866 ratio=411.570286 kepler_ratio=410.021418 over=0.996237 periapsis_over_rstar=125.097913 separation_over_rstar=125.097943 period=3.319810405e-17
222.299 ACTION checkpoint=203 t=3.925156242e-10 a_over_apair=0.226762463 n=0.476195824 Jphi_over_h=0.477989574 Jr_over_h=-0.001793750 e=0.000000000 eps=-1.05528776996825605e+13 L=1.10671445947902044e-04 mu1=-7.006210112e-24,7.757113545e-26,-6.092114400e-24 mu2=-9.243776147e-24,2.109998377e-25,8.455394046e-25 nhat=-4.223708473e-01,-2.434612935e-01,8.731148068e-01
222.299 MARGIN checkpoint=203 n=0.476195824 ratio=411.559913 kepler_ratio=410.015355 over=0.996247 periapsis_over_rstar=125.091607 separation_over_rstar=125.091637 period=3.319559389e-17
223.365 ACTION checkpoint=204 t=3.927333541e-10 a_over_apair=0.226755757 n=0.476188783 Jphi_over_h=0.478178160 Jr_over_h=-0.001989377 e=0.000000000 eps=-1.05531897549406523e+13 L=1.10715110343414107e-04 mu1=8.363457533e-24,-4.029391981e-24,1.530804986e-25 mu2=-2.761722877e-24,-4.062074872e-24,7.879041170e-24 nhat=5.787109605e-01,-2.246544277e-01,7.839795994e-01
223.365 MARGIN checkpoint=204 n=0.476188783 ratio=411.722290 kepler_ratio=410.009293 over=0.995839 periapsis_over_rstar=125.190334 separation_over_rstar=125.190364 period=3.323490042e-17
224.452 ACTION checkpoint=205 t=3.929511092e-10 a_over_apair=0.226749076 n=0.476181768 Jphi_over_h=0.478013252 Jr_over_h=-0.001831484 e=0.000000000 eps=-1.05535007269048047e+13 L=1.10676928155175610e-04 mu1=-3.665877732e-24,7.750114273e-24,-3.564256511e-24 mu2=-7.456059856e-24,4.904336341e-24,2.561544799e-24 nhat=-2.474387729e-01,9.218697670e-02,9.645079652e-01
224.452 MARGIN checkpoint=205 n=0.476181768 ratio=411.580300 kepler_ratio=410.003252 over=0.996168 periapsis_over_rstar=125.104000 separation_over_rstar=125.104030 period=3.320052725e-17
225.543 ACTION checkpoint=206 t=3.931688051e-10 a_over_apair=0.226742378 n=0.476174735 Jphi_over_h=0.478026581 Jr_over_h=-0.001851846 e=0.000000000 eps=-1.05538124514899297e+13 L=1.10680014411955222e-04 mu1=7.478024151e-25,-8.337915222e-24,-4.015820784e-24 mu2=-3.637488661e-24,-8.254649401e-24,2.199157744e-24 nhat=-1.803867174e-01,-2.377857953e-01,9.544205298e-01
225.543 MARGIN checkpoint=206 n=0.476174735 ratio=411.591777 kepler_ratio=409.997197 over=0.996126 periapsis_over_rstar=125.110977 separation_over_rstar=125.111007 period=3.320330475e-17
226.618 ACTION checkpoint=207 t=3.933864859e-10 a_over_apair=0.226735676 n=0.476167698 Jphi_over_h=0.478208071 Jr_over_h=-0.002040373 e=0.000000000 eps=-1.05541244070825039e+13 L=1.10722035591969992e-04 mu1=5.219052541e-24,7.663120668e-24,4.949014884e-25 mu2=-3.883607113e-24,8.352217669e-25,8.392071000e-24 nhat=3.509137178e-01,5.405836450e-01,7.646102833e-01
226.618 MARGIN checkpoint=207 n=0.476167698 ratio=411.748043 kepler_ratio=409.991137 over=0.995733 periapsis_over_rstar=125.205995 separation_over_rstar=125.206025 period=3.324113735e-17
227.690 ACTION checkpoint=208 t=3.936042154e-10 a_over_apair=0.226728993 n=0.476160680 Jphi_over_h=0.478031029 Jr_over_h=-0.001870349 e=0.000000000 eps=-1.05544355089115723e+13 L=1.10681044296474779e-04 mu1=-6.063311496e-24,-3.369458587e-24,-6.171698130e-24 mu2=-7.721939780e-24,-5.097502207e-24,7.706961494e-25 nhat=-4.875544950e-01,-3.373852101e-02,8.724404430e-01
227.690 MARGIN checkpoint=208 n=0.476160680 ratio=411.595607 kepler_ratio=409.985095 over=0.996087 periapsis_over_rstar=125.113306 separation_over_rstar=125.113336 period=3.320423163e-17
228.770 ACTION checkpoint=209 t=3.938218691e-10 a_over_apair=0.226722291 n=0.476153642 Jphi_over_h=0.478072495 Jr_over_h=-0.001918853 e=0.000000000 eps=-1.05547475169883887e+13 L=1.10690645130764171e-04 mu1=9.154892736e-24,-1.472753513e-24,4.751750790e-25 mu2=4.574623280e-24,-4.806596006e-24,6.494329215e-24 nhat=-1.584016563e-01,1.471473835e-01,9.763485867e-01
228.770 MARGIN checkpoint=209 n=0.476153642 ratio=411.631310 kepler_ratio=409.979035 over=0.995986 periapsis_over_rstar=125.135012 separation_over_rstar=125.135042 period=3.321287311e-17
229.862 ACTION checkpoint=210 t=3.940395131e-10 a_over_apair=0.226715599 n=0.476146615 Jphi_over_h=0.478176640 Jr_over_h=-0.002030025 e=0.000000000 eps=-1.05550590597036973e+13 L=1.10714758224939741e-04 mu1=-5.776322081e-24,5.860277382e-24,-4.300942628e-24 mu2=-7.746248694e-24,-1.780230722e-24,4.799298388e-24 nhat=-4.523383785e-01,6.321244936e-01,6.291332259e-01
229.863 MARGIN checkpoint=210 n=0.476146615 ratio=411.720980 kepler_ratio=409.972985 over=0.995754 periapsis_over_rstar=125.189537 separation_over_rstar=125.189567 period=3.323458332e-17
230.952 ACTION checkpoint=211 t=3.942571664e-10 a_over_apair=0.226708919 n=0.476139600 Jphi_over_h=0.478055612 Jr_over_h=-0.001916012 e=0.000000000 eps=-1.05553700649319277e+13 L=1.10686735997733045e-04 mu1=4.068924060e-24,-7.888907840e-24,-2.723204980e-24 mu2=1.620709938e-24,-8.220587234e-24,4.000262504e-24 nhat=-3.985683849e-01,-1.910444966e-01,8.970202020e-01
230.953 MARGIN checkpoint=211 n=0.476139600 ratio=411.616773 kepler_ratio=409.966945 over=0.995992 periapsis_over_rstar=125.126174 separation_over_rstar=125.126204 period=3.320935441e-17
232.035 ACTION checkpoint=212 t=3.944747541e-10 a_over_apair=0.226702223 n=0.476132568 Jphi_over_h=0.478136260 Jr_over_h=-0.002003691 e=0.000000000 eps=-1.05556818432817656e+13 L=1.10705408864648401e-04 mu1=3.113962891e-24,8.736222082e-24,-4.341821336e-25 mu2=2.727067020e-24,4.069962341e-24,7.887037929e-24 nhat=-6.306579375e-01,2.971868680e-01,7.169034324e-01
232.035 MARGIN checkpoint=212 n=0.476132568 ratio=411.686212 kepler_ratio=409.960890 over=0.995809 periapsis_over_rstar=125.168395 separation_over_rstar=125.168425 period=3.322616450e-17
233.106 ACTION checkpoint=213 t=3.946923190e-10 a_over_apair=0.226695530 n=0.476125540 Jphi_over_h=0.478139022 Jr_over_h=-0.002013482 e=0.000000000 eps=-1.05559934817752363e+13 L=1.10706048504729659e-04 mu1=-4.370900846e-24,-6.066977016e-24,-5.503986824e-24 mu2=-3.075681520e-24,-7.734212795e-24,4.114485496e-24 nhat=-8.200975394e-01,-4.059220956e-02,5.707821812e-01
233.106 MARGIN checkpoint=213 n=0.476125540 ratio=411.688591 kepler_ratio=409.954839 over=0.995789 periapsis_over_rstar=125.169841 separation_over_rstar=125.169871 period=3.322674043e-17
234.195 ACTION checkpoint=214 t=3.949098877e-10 a_over_apair=0.226688839 n=0.476118513 Jphi_over_h=0.478084674 Jr_over_h=-0.001966161 e=0.000000000 eps=-1.05563050692441484e+13 L=1.10693464902489151e-04 mu1=9.035661781e-24,2.030620630e-24,6.635143607e-25 mu2=6.032665542e-24,7.309177594e-25,7.019940239e-24 nhat=-3.360257301e-01,-8.199528290e-02,9.382768687e-01
234.195 MARGIN checkpoint=214 n=0.476118513 ratio=411.641796 kepler_ratio=409.948788 over=0.995887 periapsis_over_rstar=125.141388 separation_over_rstar=125.141417 period=3.321541140e-17
235.289 ACTION checkpoint=215 t=3.951274154e-10 a_over_apair=0.226682147 n=0.476111486 Jphi_over_h=0.478226484 Jr_over_h=-0.002114999 e=0.000000000 eps=-1.05566166832991094e+13 L=1.10726299057202203e-04 mu1=-6.845997461e-24,3.723898570e-24,-5.046954872e-24 mu2=-4.971126817e-24,4.384083755e-24,6.501889192e-24 nhat=-8.852031569e-01,-3.026669086e-01,3.532819178e-01
235.289 MARGIN checkpoint=215 n=0.476111486 ratio=411.763898 kepler_ratio=409.942738 over=0.995577 periapsis_over_rstar=125.215638 separation_over_rstar=125.215668 period=3.324497745e-17
236.349 ACTION checkpoint=216 t=3.953449705e-10 a_over_apair=0.226675472 n=0.476104476 Jphi_over_h=0.478127963 Jr_over_h=-0.002023487 e=0.000000000 eps=-1.05569275403653008e+13 L=1.10703487976422047e-04 mu1=6.765453294e-24,-6.254137051e-24,-1.149463678e-24 mu2=4.793285604e-24,-4.263513963e-24,6.712206573e-24 nhat=-4.520795979e-01,-4.525722979e-01,7.686366842e-01
236.349 MARGIN checkpoint=216 n=0.476104476 ratio=411.679069 kepler_ratio=409.936702 over=0.995768 periapsis_over_rstar=125.164051 separation_over_rstar=125.164081 period=3.322443498e-17
237.413 ACTION checkpoint=217 t=3.955085012e-10 a_over_apair=0.226668786 n=0.476097454 Jphi_over_h=0.478155674 Jr_over_h=-0.002058220 e=0.000000000 eps=-1.05572389528438242e+13 L=1.10709903886017656e-04 mu1=5.286463013e-24,7.629792161e-24,2.154893590e-25 mu2=3.975480420e-24,3.318533288e-24,7.706474390e-24 nhat=-5.265117840e-01,2.572019245e-01,8.103286440e-01
237.413 MARGIN checkpoint=217 n=0.476097454 ratio=411.702928 kepler_ratio=409.930656 over=0.995695 periapsis_over_rstar=125.178560 separation_over_rstar=125.178589 period=3.323021196e-17
238.425 ACTION checkpoint=218 t=3.955086674e-10 a_over_apair=0.226662102 n=0.476090435 Jphi_over_h=0.478148560 Jr_over_h=-0.002058125 e=0.000000000 eps=-1.05575502454919941e+13 L=1.10708256860182034e-04 mu1=5.272838273e-24,7.639359160e-24,2.102936930e-25 mu2=3.967441096e-24,3.341683643e-24,7.700611460e-24 nhat=-5.271408436e-01,2.556720941e-01,8.104037952e-01
238.426 MARGIN checkpoint=218 n=0.476090435 ratio=411.696803 kepler_ratio=409.924613 over=0.995695 periapsis_over_rstar=125.174835 separation_over_rstar=125.174865 period=3.322872889e-17
239.518 ACTION checkpoint=219 t=3.957261162e-10 a_over_apair=0.226655419 n=0.476083416 Jphi_over_h=0.478203387 Jr_over_h=-0.002119972 e=0.000000000 eps=-1.05578615625420508e+13 L=1.10720951278411969e-04 mu1=-5.954429200e-24,-4.121695551e-24,-5.810615627e-24 mu2=-4.208638516e-24,-6.898505733e-24,4.572180636e-24 nhat=-8.706743423e-01,8.437058712e-02,4.845696995e-01
239.519 MARGIN checkpoint=219 n=0.476083416 ratio=411.744011 kepler_ratio=409.918569 over=0.995567 periapsis_over_rstar=125.203543 separation_over_rstar=125.203573 period=3.324016076e-17
240.609 ACTION checkpoint=220 t=3.959435733e-10 a_over_apair=0.226648739 n=0.476076400 Jphi_over_h=0.478117804 Jr_over_h=-0.002041404 e=0.000000000 eps=-1.05581727355174004e+13 L=1.10701135723869910e-04 mu1=9.271319608e-24,-2.434629030e-25,4.361350913e-25 mu2=6.204838047e-24,-1.077142697e-24,6.822507141e-24 nhat=-3.287984103e-01,-1.344754323e-01,9.347769592e-01
240.609 MARGIN checkpoint=220 n=0.476076400 ratio=411.670322 kepler_ratio=409.912528 over=0.995730 periapsis_over_rstar=125.158732 separation_over_rstar=125.158762 period=3.322231714e-17
241.685 ACTION checkpoint=221 t=3.961609801e-10 a_over_apair=0.226642046 n=0.476069371 Jphi_over_h=0.478232002 Jr_over_h=-0.002162632 e=0.000000000 eps=-1.05584845354237930e+13 L=1.10727576658136226e-04 mu1=-5.729677848e-24,5.866808657e-24,-4.354101883e-24 mu2=-4.072618417e-24,5.614773757e-24,6.172110673e-24 nhat=-8.606127546e-01,-1.999378629e-01,4.683700861e-01
241.685 MARGIN checkpoint=221 n=0.476069371 ratio=411.768649 kepler_ratio=409.906476 over=0.995478 periapsis_over_rstar=125.218528 separation_over_rstar=125.218558 period=3.324612824e-17
242.756 ACTION checkpoint=222 t=3.963784098e-10 a_over_apair=0.226635368 n=0.476062357 Jphi_over_h=0.478175924 Jr_over_h=-0.002113568 e=0.000000000 eps=-1.05587956622146445e+13 L=1.10714592590257203e-04 mu1=4.970230113e-24,-7.582076929e-24,-2.003940453e-24 mu2=3.797959559e-24,-5.450573306e-24,6.486417278e-24 nhat=-5.420647670e-01,-4.683898951e-01,6.976938401e-01
242.756 MARGIN checkpoint=222 n=0.476062357 ratio=411.720364 kepler_ratio=409.900436 over=0.995580 periapsis_over_rstar=125.189163 separation_over_rstar=125.189193 period=3.323443416e-17
243.856 ACTION checkpoint=223 t=3.965957962e-10 a_over_apair=0.226628687 n=0.476055340 Jphi_over_h=0.478152398 Jr_over_h=-0.002097058 e=0.000000000 eps=-1.05591069205920410e+13 L=1.10709145464319680e-04 mu1=2.267594035e-24,8.933519024e-24,-1.121209353e-24 mu2=2.815207200e-25,7.362380536e-24,5.650040195e-24 nhat=-4.504292682e-01,-5.139786335e-02,8.913314389e-01
243.856 MARGIN checkpoint=223 n=0.476055340 ratio=411.700108 kepler_ratio=409.894395 over=0.995614 periapsis_over_rstar=125.176844 separation_over_rstar=125.176874 period=3.322952903e-17
244.952 ACTION checkpoint=224 t=3.968131506e-10 a_over_apair=0.226622005 n=0.476048323 Jphi_over_h=0.478338747 Jr_over_h=-0.002290424 e=0.000000000 eps=-1.05594182274507109e+13 L=1.10752291721245128e-04 mu1=-4.323214644e-24,-6.252009202e-24,-5.331890037e-24 mu2=-6.461979949e-24,-7.525347966e-25,6.624451811e-24 nhat=-4.330569389e-01,-8.473908859e-01,3.072301648e-01
244.952 MARGIN checkpoint=224 n=0.476048323 ratio=411.860558 kepler_ratio=409.888353 over=0.995211 periapsis_over_rstar=125.274433 separation_over_rstar=125.274463 period=3.326839540e-17
246.020 ACTION checkpoint=225 t=3.970305263e-10 a_over_apair=0.226615340 n=0.476041322 Jphi_over_h=0.478178094 Jr_over_h=-0.002136771 e=0.000000000 eps=-1.05597287965886836e+13 L=1.10715094848331080e-04 mu1=8.595298494e-24,3.413898216e-24,8.203645827e-25 mu2=4.281124015e-24,4.019592000e-24,7.191780905e-24 nhat=-1.882048552e-01,-2.965331534e-01,9.362943028e-01
246.020 MARGIN checkpoint=225 n=0.476041322 ratio=411.722232 kepler_ratio=409.882325 over=0.995531 periapsis_over_rstar=125.190299 separation_over_rstar=125.190329 period=3.323488646e-17
247.097 ACTION checkpoint=226 t=3.972478492e-10 a_over_apair=0.226608655 n=0.476034300 Jphi_over_h=0.478193392 Jr_over_h=-0.002159092 e=0.000000000 eps=-1.05600403420587148e+13 L=1.10718636912306119e-04 mu1=-6.829816413e-24,2.967673638e-24,-5.545572669e-24 mu2=-8.359683389e-24,3.556070829e-24,1.917526835e-24 nhat=-5.017503108e-01,-2.945714006e-01,8.133107128e-01
247.097 MARGIN checkpoint=226 n=0.476034300 ratio=411.735404 kepler_ratio=409.876279 over=0.995485 periapsis_over_rstar=125.198309 separation_over_rstar=125.198339 period=3.323807637e-17
248.174 ACTION checkpoint=227 t=3.974651598e-10 a_over_apair=0.226601972 n=0.476027280 Jphi_over_h=0.478363622 Jr_over_h=-0.002336342 e=0.000000000 eps=-1.05603517773968223e+13 L=1.10758051327313384e-04 mu1=7.097950182e-24,-5.952381043e-24,-6.285844531e-25 mu2=-5.487360574e-25,-7.018226222e-25,9.241925612e-24 nhat=1.870350512e-01,-8.193037859e-01,5.419955682e-01
248.175 MARGIN checkpoint=227 n=0.476027280 ratio=411.881977 kepler_ratio=409.870235 over=0.995116 periapsis_over_rstar=125.287463 separation_over_rstar=125.287493 period=3.327358598e-17
249.264 ACTION checkpoint=228 t=3.976825028e-10 a_over_apair=0.226595311 n=0.476020284 Jphi_over_h=0.478194942 Jr_over_h=-0.002174658 e=0.000000000 eps=-1.05606621890075508e+13 L=1.10718995881555464e-04 mu1=-1.294748028e-24,8.822651223e-24,-2.586756312e-24 mu2=-4.631731242e-24,7.181082950e-24,3.631248910e-24 nhat=-2.982365930e-01,-4.342755352e-02,9.535035303e-01
249.264 MARGIN checkpoint=228 n=0.476020284 ratio=411.736739 kepler_ratio=409.864211 over=0.995452 periapsis_over_rstar=125.199121 separation_over_rstar=125.199151 period=3.323839967e-17
250.355 ACTION checkpoint=229 t=3.978997490e-10 a_over_apair=0.226588635 n=0.476013272 Jphi_over_h=0.478251135 Jr_over_h=-0.002237863 e=0.000000000 eps=-1.05609733340917852e+13 L=1.10732006551409341e-04 mu1=-1.711124322e-24,-7.781042754e-24,-4.768048080e-24 mu2=-6.904653252e-24,-5.879250408e-24,1.991741294e-24 nhat=-8.914780458e-02,-4.424085314e-01,8.923717613e-01
250.355 MARGIN checkpoint=229 n=0.476013272 ratio=411.785123 kepler_ratio=409.858174 over=0.995320 periapsis_over_rstar=125.228547 separation_over_rstar=125.228577 period=3.325011864e-17
251.424 ACTION checkpoint=230 t=3.981170053e-10 a_over_apair=0.226581961 n=0.476006261 Jphi_over_h=0.478300138 Jr_over_h=-0.002293877 e=0.000000000 eps=-1.05612844342021074e+13 L=1.10743352530044930e-04 mu1=6.787413731e-24,6.284187856e-24,8.042717878e-25 mu2=-1.782755775e-24,5.693798085e-24,7.114021400e-24 nhat=2.910375465e-01,-1.617626323e-01,9.429369000e-01
251.424 MARGIN checkpoint=230 n=0.476006261 ratio=411.827315 kepler_ratio=409.852137 over=0.995204 periapsis_over_rstar=125.254211 separation_over_rstar=125.254241 period=3.326034044e-17
252.518 ACTION checkpoint=231 t=3.983342618e-10 a_over_apair=0.226575289 n=0.475999253 Jphi_over_h=0.478221003 Jr_over_h=-0.002221749 e=0.000000000 eps=-1.05615954096255371e+13 L=1.10725029894337461e-04 mu1=-6.845141667e-24,-8.076558049e-25,-6.220818510e-24 mu2=-9.136901338e-24,-1.577077431e-24,4.865346738e-25 nhat=-4.159197682e-01,-1.416265197e-01,8.983054466e-01
252.519 MARGIN checkpoint=231 n=0.475999253 ratio=411.759178 kepler_ratio=409.846103 over=0.995354 periapsis_over_rstar=125.212768 separation_over_rstar=125.212797 period=3.324383428e-17
253.603 ACTION checkpoint=232 t=3.985514438e-10 a_over_apair=0.226568608 n=0.475992236 Jphi_over_h=0.478349007 Jr_over_h=-0.002356772 e=0.000000000 eps=-1.05619068487521543e+13 L=1.10754667360104628e-04 mu1=8.573887010e-24,-3.557307216e-24,2.021934353e-25 mu2=-9.501367434e-26,-6.643443190e-24,6.485560135e-24 nhat=3.021246513e-01,1.192249724e-01,9.457833267e-01
253.603 MARGIN checkpoint=232 n=0.475992236 ratio=411.869392 kepler_ratio=409.840061 over=0.995073 periapsis_over_rstar=125.279807 separation_over_rstar=125.279837 period=3.327053627e-17
254.692 ACTION checkpoint=233 t=3.987686671e-10 a_over_apair=0.226561945 n=0.475985236 Jphi_over_h=0.478269456 Jr_over_h=-0.002284220 e=0.000000000 eps=-1.05622174662864492e+13 L=1.10736248468613934e-04 mu1=-4.410157424e-24,7.213930783e-24,-3.836218116e-24 mu2=-8.376450118e-24,3.179603943e-24,2.435581543e-24 nhat=-2.273286950e-01,2.260063894e-01,9.472289989e-01
254.692 MARGIN checkpoint=233 n=0.475985236 ratio=411.800897 kepler_ratio=409.834034 over=0.995224 periapsis_over_rstar=125.238142 separation_over_rstar=125.238172 period=3.325394002e-17
255.773 ACTION checkpoint=234 t=3.989858486e-10 a_over_apair=0.226555277 n=0.475978232 Jphi_over_h=0.478258009 Jr_over_h=-0.002279777 e=0.000000000 eps=-1.05625283525439766e+13 L=1.10733597992740827e-04 mu1=1.775955350e-24,-8.332911786e-24,-3.689907728e-24 mu2=-1.989200061e-24,-8.701314606e-24,2.556767982e-24 nhat=-2.499787349e-01,-1.867731427e-01,9.500665373e-01
255.774 MARGIN checkpoint=234 n=0.475978232 ratio=411.791041 kepler_ratio=409.828003 over=0.995233 periapsis_over_rstar=125.232147 separation_over_rstar=125.232177 period=3.325155227e-17
256.843 ACTION checkpoint=235 t=3.992029812e-10 a_over_apair=0.226548605 n=0.475971223 Jphi_over_h=0.478456812 Jr_over_h=-0.002485589 e=0.000000000 eps=-1.05628393974207617e+13 L=1.10779627976737279e-04 mu1=4.445781320e-24,8.147390397e-24,2.488241325e-25 mu2=-1.948890002e-24,-5.358286266e-25,9.062095272e-24 nhat=4.608826666e-02,7.491632081e-01,6.607801142e-01
256.843 MARGIN checkpoint=235 n=0.475971223 ratio=411.962215 kepler_ratio=409.821969 over=0.994805 periapsis_over_rstar=125.336282 separation_over_rstar=125.336312 period=3.329303572e-17
257.904 ACTION checkpoint=236 t=3.994201517e-10 a_over_apair=0.226541952 n=0.475964234 Jphi_over_h=0.478274642 Jr_over_h=-0.002310408 e=0.000000000 eps=-1.05631496168957441e+13 L=1.10737449182063039e-04 mu1=-5.434095557e-24,-4.475603414e-24,-6.053629890e-24 mu2=-6.778081631e-24,-6.255877924e-24,1.062288134e-24 nhat=-5.225802290e-01,-2.780433573e-02,8.521366224e-01
257.904 MARGIN checkpoint=236 n=0.475964234 ratio=411.805362 kepler_ratio=409.815951 over=0.995169 periapsis_over_rstar=125.240858 separation_over_rstar=125.240888 period=3.325502175e-17
258.984 ACTION checkpoint=237 t=3.996372405e-10 a_over_apair=0.226535277 n=0.475957221 Jphi_over_h=0.478304702 Jr_over_h=-0.002347480 e=0.000000000 eps=-1.05634608957152734e+13 L=1.10744409094004531e-04 mu1=9.260408208e-24,-2.003866853e-25,6.415140436e-25 mu2=5.306740495e-24,-3.491148969e-24,6.771797359e-24 nhat=-2.287191875e-01,1.422615424e-01,9.630416330e-01
258.984 MARGIN checkpoint=237 n=0.475957221 ratio=411.831245 kepler_ratio=409.809913 over=0.995092 periapsis_over_rstar=125.256601 separation_over_rstar=125.256631 period=3.326129243e-17
260.071 ACTION checkpoint=238 t=3.998543370e-10 a_over_apair=0.226528608 n=0.475950216 Jphi_over_h=0.478419151 Jr_over_h=-0.002468934 e=0.000000000 eps=-1.05637718469412402e+13 L=1.10770908058046194e-04 mu1=-6.464273879e-24,4.685650125e-24,-4.739694230e-24 mu2=-7.421495374e-24,-2.657616840e-24,4.905643120e-24 nhat=-5.659460786e-01,5.983821107e-01,5.671365671e-01
260.071 MARGIN checkpoint=238 n=0.475950216 ratio=411.929788 kepler_ratio=409.803881 over=0.994839 periapsis_over_rstar=125.316551 separation_over_rstar=125.316581 period=3.328517445e-17
261.127 ACTION checkpoint=239 t=4.000098453e-10 a_over_apair=0.226521956 n=0.475943227 Jphi_over_h=0.478300451 Jr_over_h=-0.002357223 e=0.000000000 eps=-1.05640820975099316e+13 L=1.10743424843735326e-04 mu1=-9.512120143e-25,-7.939923799e-24,-4.718014524e-24 mu2=-4.782577446e-24,-7.789832278e-24,1.628594894e-24 nhat=-2.424793817e-01,-2.451525804e-01,9.386713811e-01
261.127 MARGIN checkpoint=239 n=0.475943227 ratio=411.827584 kepler_ratio=409.797863 over=0.995071 periapsis_over_rstar=125.254375 separation_over_rstar=125.254405 period=3.326040560e-17
262.197 ACTION checkpoint=240 t=4.002269027e-10 a_over_apair=0.226515288 n=0.475936223 Jphi_over_h=0.478494116 Jr_over_h=-0.002557893 e=0.000000000 eps=-1.05643930507077480e+13 L=1.10788265238417151e-04 mu1=6.586107350e-24,6.483230508e-24,8.931782753e-25 mu2=-3.163241173e-24,2.309692443e-25,8.726248551e-24 nhat=4.236560887e-01,4.754969337e-01,7.709852039e-01
262.197 MARGIN checkpoint=240 n=0.475936223 ratio=411.994335 kepler_ratio=409.791832 over=0.994654 periapsis_over_rstar=125.355827 separation_over_rstar=125.355857 period=3.330082369e-17
263.277 ACTION checkpoint=241 t=4.004439908e-10 a_over_apair=0.226508644 n=0.475929242 Jphi_over_h=0.478310054 Jr_over_h=-0.002380812 e=0.000000000 eps=-1.05647029521439688e+13 L=1.10745648335191331e-04 mu1=-6.638164980e-24,-1.840854753e-24,-6.225180700e-24 mu2=-8.493731732e-24,-3.702389973e-24,5.963933403e-25 nhat=-4.649271317e-01,-1.866734912e-02,8.851521295e-01
263.277 MARGIN checkpoint=241 n=0.475929242 ratio=411.835853 kepler_ratio=409.785822 over=0.995022 periapsis_over_rstar=125.259404 separation_over_rstar=125.259434 period=3.326240903e-17
264.371 ACTION checkpoint=242 t=4.006609947e-10 a_over_apair=0.226501980 n=0.475922242 Jphi_over_h=0.478355527 Jr_over_h=-0.002433285 e=0.000000000 eps=-1.05650137602553555e+13 L=1.10756176961522430e-04 mu1=8.796809260e-24,-2.967261439e-24,1.355052519e-25 mu2=3.631794116e-24,-6.047574005e-24,6.036868015e-24 nhat=-9.230942476e-02,1.185405689e-01,9.886491307e-01
264.371 MARGIN checkpoint=242 n=0.475922242 ratio=411.875006 kepler_ratio=409.779794 over=0.994913 periapsis_over_rstar=125.283222 separation_over_rstar=125.283252 period=3.327189673e-17
265.442 ACTION checkpoint=243 t=4.008779940e-10 a_over_apair=0.226495315 n=0.475915239 Jphi_over_h=0.478421684 Jr_over_h=-0.002506445 e=0.000000000 eps=-1.05653246690067871e+13 L=1.10771494694500899e-04 mu1=-4.967423937e-24,6.807838005e-24,-3.896780260e-24 mu2=-8.455120497e-24,-1.534653282e-25,3.833306804e-24 nhat=-2.810960774e-01,5.553709231e-01,7.826545426e-01
265.442 MARGIN checkpoint=243 n=0.475915239 ratio=411.931969 kepler_ratio=409.773765 over=0.994761 periapsis_over_rstar=125.317878 separation_over_rstar=125.317908 period=3.328570328e-17
266.523 ACTION checkpoint=244 t=4.010949835e-10 a_over_apair=0.226488656 n=0.475908243 Jphi_over_h=0.478332923 Jr_over_h=-0.002424680 e=0.000000000 eps=-1.05656353006285176e+13 L=1.10750943417721746e-04 mu1=2.828380603e-24,-8.200188064e-24,-3.311198296e-24 mu2=6.594939174e-26,-8.702169327e-24,3.236472612e-24 nhat=-3.627958601e-01,-1.717374522e-01,9.159068792e-01
266.523 MARGIN checkpoint=244 n=0.475908243 ratio=411.855544 kepler_ratio=409.767741 over=0.994931 periapsis_over_rstar=125.271383 separation_over_rstar=125.271413 period=3.326718038e-17
267.596 ACTION checkpoint=245 t=4.013119188e-10 a_over_apair=0.226481990 n=0.475901239 Jphi_over_h=0.478460800 Jr_over_h=-0.002559561 e=0.000000000 eps=-1.05659462732778770e+13 L=1.10780551447491057e-04 mu1=4.037816396e-24,8.360794394e-24,-3.337098752e-27 mu2=2.683440768e-24,1.620284246e-24,8.739604103e-24 nhat=-5.211728023e-01,5.304691336e-01,6.685666821e-01
267.596 MARGIN checkpoint=245 n=0.475901239 ratio=411.965649 kepler_ratio=409.761711 over=0.994650 periapsis_over_rstar=125.338371 separation_over_rstar=125.338401 period=3.329386833e-17
268.660 ACTION checkpoint=246 t=4.015288617e-10 a_over_apair=0.226475342 n=0.475894255 Jphi_over_h=0.478377747 Jr_over_h=-0.002483492 e=0.000000000 eps=-1.05662564269106426e+13 L=1.10761321677194896e-04 mu1=-4.916617598e-24,-5.332379306e-24,-5.796503913e-24 mu2=-5.006580112e-24,-7.490895465e-24,2.242207839e-24 nhat=-6.635923243e-01,1.475179814e-02,7.479489365e-01
268.660 MARGIN checkpoint=246 n=0.475894255 ratio=411.894138 kepler_ratio=409.755697 over=0.994808 periapsis_over_rstar=125.294862 separation_over_rstar=125.294892 period=3.327653347e-17
269.770 ACTION checkpoint=247 t=4.017457914e-10 a_over_apair=0.226468687 n=0.475887262 Jphi_over_h=0.478369376 Jr_over_h=-0.002482113 e=0.000000000 eps=-1.05665669382440664e+13 L=1.10759383407690390e-04 mu1=9.220905888e-24,8.923326716e-25,6.208802524e-25 mu2=6.088077357e-24,-1.280927200e-24,6.892125571e-24 nhat=-3.210483454e-01,1.641158686e-02,9.469205984e-01
269.770 MARGIN checkpoint=247 n=0.475887262 ratio=411.886930 kepler_ratio=409.749676 over=0.994811 periapsis_over_rstar=125.290477 separation_over_rstar=125.290506 period=3.327478653e-17
270.842 ACTION checkpoint=248 t=4.019626764e-10 a_over_apair=0.226462025 n=0.475880264 Jphi_over_h=0.478568427 Jr_over_h=-0.002688163 e=0.000000000 eps=-1.05668777507912129e+13 L=1.10805470773100347e-04 mu1=-6.755197660e-24,4.103541228e-24,-4.871869173e-24 mu2=-4.468325576e-24,-6.918613404e-25,8.109392684e-24 nhat=-9.307703328e-01,3.114652263e-01,1.914575680e-01
270.842 MARGIN checkpoint=248 n=0.475880264 ratio=412.058318 kepler_ratio=409.743650 over=0.994383 periapsis_over_rstar=125.394766 separation_over_rstar=125.394796 period=3.331634105e-17
271.918 ACTION checkpoint=249 t=4.021795991e-10 a_over_apair=0.226455384 n=0.475873285 Jphi_over_h=0.478381954 Jr_over_h=-0.002508669 e=0.000000000 eps=-1.05671876593122754e+13 L=1.10762295850488010e-04 mu1=6.260362411e-24,-6.659737812e-24,-1.631750604e-24 mu2=4.087798360e-24,-6.379875641e-24,5.365999129e-24 nhat=-4.291186997e-01,-2.597427077e-01,8.650958718e-01
271.918 MARGIN checkpoint=249 n=0.475873285 ratio=411.897761 kepler_ratio=409.737642 over=0.994756 periapsis_over_rstar=125.297066 separation_over_rstar=125.297096 period=3.327741150e-17
272.995 ACTION checkpoint=250 t=4.023964680e-10 a_over_apair=0.226448721 n=0.475866285 Jphi_over_h=0.478425941 Jr_over_h=-0.002559656 e=0.000000000 eps=-1.05674985583902754e+13 L=1.10772480249584501e-04 mu1=7.466583940e-25,9.134271405e-24,-1.488100270e-24 mu2=5.555761725e-25,6.630151324e-24,6.476054648e-24 nhat=-6.521086163e-01,5.365029180e-02,7.562248335e-01
272.995 MARGIN checkpoint=250 n=0.475866285 ratio=411.935634 kepler_ratio=409.731614 over=0.994650 periapsis_over_rstar=125.320108 separation_over_rstar=125.320138 period=3.328659174e-17
274.064 ACTION checkpoint=251 t=4.026132969e-10 a_over_apair=0.226442069 n=0.475859296 Jphi_over_h=0.478493436 Jr_over_h=-0.002634141 e=0.000000000 eps=-1.05678089862306289e+13 L=1.10788107827658691e-04 mu1=-2.189028861e-24,-7.662556506e-24,-4.764476437e-24 mu2=-6.342562994e-25,-7.011784335e-24,6.053053334e-24 nhat=-8.484927772e-01,-3.014228970e-01,4.349761421e-01
274.064 MARGIN checkpoint=251 n=0.475859296 ratio=411.993749 kepler_ratio=409.725596 over=0.994495 periapsis_over_rstar=125.355471 separation_over_rstar=125.355501 period=3.330068175e-17
275.159 ACTION checkpoint=252 t=4.028301509e-10 a_over_apair=0.226435426 n=0.475852316 Jphi_over_h=0.478405164 Jr_over_h=-0.002552848 e=0.000000000 eps=-1.05681190134748047e+13 L=1.10767669617273948e-04 mu1=7.905461380e-24,4.838102309e-24,5.507283280e-25 mu2=4.961624764e-24,3.680472771e-24,6.931324200e-24 nhat=-3.422509533e-01,-9.791136318e-02,9.344932584e-01
275.159 MARGIN checkpoint=252 n=0.475852316 ratio=411.917745 kepler_ratio=409.719586 over=0.994664 periapsis_over_rstar=125.309224 separation_over_rstar=125.309254 period=3.328225521e-17
276.238 ACTION checkpoint=253 t=4.030469515e-10 a_over_apair=0.226428772 n=0.475845324 Jphi_over_h=0.478538602 Jr_over_h=-0.002693278 e=0.000000000 eps=-1.05684295991882930e+13 L=1.10798565211436619e-04 mu1=-7.314196365e-24,7.229796393e-25,-5.673331230e-24 mu2=-6.772012597e-24,3.467852956e-24,5.321719321e-24 nhat=-7.344447813e-01,-5.370452155e-01,4.149377058e-01
276.238 MARGIN checkpoint=253 n=0.475845324 ratio=412.032638 kepler_ratio=409.713566 over=0.994372 periapsis_over_rstar=125.379137 separation_over_rstar=125.379167 period=3.331011247e-17
277.304 ACTION checkpoint=254 t=4.032637671e-10 a_over_apair=0.226422126 n=0.475838341 Jphi_over_h=0.478444547 Jr_over_h=-0.002606207 e=0.000000000 eps=-1.05687397898084023e+13 L=1.10776788304000687e-04 mu1=8.535321799e-24,-3.652790960e-24,-1.107035118e-25 mu2=5.573280133e-24,-1.690398856e-24,7.231041111e-24 nhat=-3.401577093e-01,-4.490700951e-01,8.262135211e-01
277.304 MARGIN checkpoint=254 n=0.475838341 ratio=411.951655 kepler_ratio=409.707553 over=0.994553 periapsis_over_rstar=125.329856 separation_over_rstar=125.329886 period=3.329047553e-17
278.390 ACTION checkpoint=255 t=4.034805213e-10 a_over_apair=0.226415470 n=0.475831346 Jphi_over_h=0.478442736 Jr_over_h=-0.002611390 e=0.000000000 eps=-1.05690504902605273e+13 L=1.10776369028368205e-04 mu1=-2.786767271e-24,8.240199828e-24,-3.246519712e-24 mu2=-4.064291717e-24,7.335741130e-24,3.984380778e-24 nhat=-5.297566745e-01,-1.263835012e-01,8.386805568e-01
278.390 MARGIN checkpoint=255 n=0.475831346 ratio=411.950096 kepler_ratio=409.701531 over=0.994542 periapsis_over_rstar=125.328908 separation_over_rstar=125.328937 period=3.329009754e-17
279.472 ACTION checkpoint=256 t=4.036972732e-10 a_over_apair=0.226408818 n=0.475824357 Jphi_over_h=0.478633856 Jr_over_h=-0.002809500 e=0.000000000 eps=-1.05693609991376445e+13 L=1.10820619996712701e-04 mu1=1.067337497e-24,-8.559525455e-24,-3.435428638e-24 mu2=-2.231892237e-24,-2.520794991e-24,8.652809078e-24 nhat=-3.020728235e-01,-9.075175796e-01,2.918284632e-01
279.472 MARGIN checkpoint=256 n=0.475824357 ratio=412.114654 kepler_ratio=409.695513 over=0.994130 periapsis_over_rstar=125.429056 separation_over_rstar=125.429086 period=3.333000785e-17
280.532 ACTION checkpoint=257 t=4.039140515e-10 a_over_apair=0.226402190 n=0.475817391 Jphi_over_h=0.478450194 Jr_over_h=-0.002632803 e=0.000000000 eps=-1.05696704569553867e+13 L=1.10778095726061845e-04 mu1=4.985378772e-24,7.830660982e-24,-1.833094419e-25 mu2=1.292899992e-24,6.971456479e-24,5.994502435e-24 nhat=-2.579224011e-01,-1.314597539e-01,9.571804261e-01
280.532 MARGIN checkpoint=257 n=0.475817391 ratio=411.956517 kepler_ratio=409.689516 over=0.994497 periapsis_over_rstar=125.332815 separation_over_rstar=125.332845 period=3.329165426e-17
281.618 ACTION checkpoint=258 t=4.041307469e-10 a_over_apair=0.226395542 n=0.475810406 Jphi_over_h=0.478507532 Jr_over_h=-0.002697126 e=0.000000000 eps=-1.05699808009346523e+13 L=1.10791371407302269e-04 mu1=-6.400142173e-24,-2.994145146e-24,-6.023298954e-24 mu2=-9.088156477e-24,-3.268079290e-25,1.872288361e-24 nhat=-3.709309865e-01,-5.283221748e-01,7.637315516e-01
281.619 MARGIN checkpoint=258 n=0.475810406 ratio=412.005886 kepler_ratio=409.683501 over=0.994363 periapsis_over_rstar=125.362856 separation_over_rstar=125.362886 period=3.330362473e-17
282.689 ACTION checkpoint=259 t=4.043474536e-10 a_over_apair=0.226388895 n=0.475803420 Jphi_over_h=0.478537122 Jr_over_h=-0.002733702 e=0.000000000 eps=-1.05702911802782402e+13 L=1.10798222615375561e-04 mu1=9.239930505e-24,1.143696206e-25,9.041344674e-25 mu2=3.048966982e-24,3.054724292e-24,8.220663910e-24 nhat=2.329808543e-02,-5.590053866e-01,8.288366407e-01
282.689 MARGIN checkpoint=259 n=0.475803420 ratio=412.031364 kepler_ratio=409.677486 over=0.994287 periapsis_over_rstar=125.378361 separation_over_rstar=125.378391 period=3.330980348e-17
283.752 ACTION checkpoint=260 t=4.044943498e-10 a_over_apair=0.226382249 n=0.475796436 Jphi_over_h=0.478503376 Jr_over_h=-0.002706940 e=0.000000000 eps=-1.05706014796690156e+13 L=1.10790409271464783e-04 mu1=2.289520412e-25,9.119224702e-24,-1.730369059e-24 mu2=-2.951453776e-26,6.948977035e-24,6.157735163e-24 nhat=-6.443548701e-01,1.612019459e-02,7.645566956e-01
283.752 MARGIN checkpoint=260 n=0.475796436 ratio=412.002308 kepler_ratio=409.671473 over=0.994343 periapsis_over_rstar=125.360679 separation_over_rstar=125.360709 period=3.330275709e-17
284.831 ACTION checkpoint=261 t=4.047109843e-10 a_over_apair=0.226375601 n=0.475789451 Jphi_over_h=0.478580780 Jr_over_h=-0.002791329 e=0.000000000 eps=-1.05709118816083730e+13 L=1.10808330905574819e-04 mu1=-1.654574391e-24,-7.909813657e-24,-4.572098728e-24 mu2=-2.313480770e-25,-6.738928821e-24,6.382802808e-24 nhat=-8.334713265e-01,-3.598391099e-01,4.193344285e-01
284.831 MARGIN checkpoint=261 n=0.475789451 ratio=412.068954 kepler_ratio=409.665458 over=0.994167 periapsis_over_rstar=125.401239 separation_over_rstar=125.401269 period=3.331892102e-17
285.908 ACTION checkpoint=262 t=4.049276239e-10 a_over_apair=0.226368961 n=0.475782472 Jphi_over_h=0.478487318 Jr_over_h=-0.002704846 e=0.000000000 eps=-1.05712219772640469e+13 L=1.10786691197460696e-04 mu1=7.549457970e-24,5.384290991e-24,4.711158569e-25 mu2=4.626528396e-24,4.219048922e-24,6.855779785e-24 nhat=-3.444808616e-01,-9.698315914e-02,9.337704230e-01
285.908 MARGIN checkpoint=262 n=0.475782472 ratio=411.988481 kepler_ratio=409.659450 over=0.994347 periapsis_over_rstar=125.352265 separation_over_rstar=125.352295 period=3.329940433e-17
286.987 ACTION checkpoint=263 t=4.051442365e-10 a_over_apair=0.226362312 n=0.475775485 Jphi_over_h=0.478623291 Jr_over_h=-0.002847806 e=0.000000000 eps=-1.05715324945022090e+13 L=1.10818173657526939e-04 mu1=-7.286110838e-24,1.936823098e-26,-5.754916941e-24 mu2=-6.998141934e-24,3.106729473e-24,5.251770819e-24 nhat=-7.056478404e-01,-5.754301546e-01,4.134504354e-01
286.987 MARGIN checkpoint=263 n=0.475775485 ratio=412.105557 kepler_ratio=409.653433 over=0.994050 periapsis_over_rstar=125.423518 separation_over_rstar=125.423548 period=3.332780065e-17
288.055 ACTION checkpoint=264 t=4.053608672e-10 a_over_apair=0.226355682 n=0.475768517 Jphi_over_h=0.478523491 Jr_over_h=-0.002754974 e=0.000000000 eps=-1.05718421468004609e+13 L=1.10795066604786179e-04 mu1=8.796037381e-24,-2.971915940e-24,6.555393691e-26 mu2=5.676212881e-24,-1.178724340e-24,7.252452795e-24 nhat=-3.222812477e-01,-4.298994905e-01,8.433986160e-01
288.055 MARGIN checkpoint=264 n=0.475768517 ratio=412.019627 kepler_ratio=409.647434 over=0.994243 periapsis_over_rstar=125.371219 separation_over_rstar=125.371249 period=3.330695715e-17
289.138 ACTION checkpoint=265 t=4.055774291e-10 a_over_apair=0.226349043 n=0.475761540 Jphi_over_h=0.478525877 Jr_over_h=-0.002764336 e=0.000000000 eps=-1.05721521989649121e+13 L=1.10795618906204280e-04 mu1=-3.382363984e-24,7.894489096e-24,-3.527536119e-24 mu2=-4.551682858e-24,7.147395288e-24,3.795231091e-24 nhat=-5.417780718e-01,-1.440159600e-01,8.280917366e-01
289.138 MARGIN checkpoint=265 n=0.475761540 ratio=412.021681 kepler_ratio=409.641427 over=0.994223 periapsis_over_rstar=125.372469 separation_over_rstar=125.372499 period=3.330745524e-17
290.218 ACTION checkpoint=266 t=4.057939941e-10 a_over_apair=0.226342401 n=0.475754560 Jphi_over_h=0.478704337 Jr_over_h=-0.002949777 e=0.000000000 eps=-1.05724624425787715e+13 L=1.10836938681904145e-04 mu1=1.914728620e-24,-8.541094750e-24,-3.096832263e-24 mu2=-1.025238885e-24,-2.683298300e-24,8.829249727e-24 nhat=-3.423796180e-01,-8.869747331e-01,3.099226032e-01
290.218 MARGIN checkpoint=266 n=0.475754560 ratio=412.175339 kepler_ratio=409.635416 over=0.993838 periapsis_over_rstar=125.465998 separation_over_rstar=125.466028 period=3.334473386e-17
291.288 ACTION checkpoint=267 t=4.060105682e-10 a_over_apair=0.226335776 n=0.475747597 Jphi_over_h=0.478530501 Jr_over_h=-0.002782904 e=0.000000000 eps=-1.05727719286627637e+13 L=1.10796689501251194e-04 mu1=4.322166890e-24,8.206079135e-24,-4.312700699e-25 mu2=8.752175059e-25,7.201362795e-24,5.794930844e-24 nhat=-2.854454664e-01,-1.150076005e-01,9.514694622e-01
291.288 MARGIN checkpoint=267 n=0.475747597 ratio=412.025662 kepler_ratio=409.629421 over=0.994184 periapsis_over_rstar=125.374892 separation_over_rstar=125.374922 period=3.330842078e-17
292.376 ACTION checkpoint=268 t=4.062270729e-10 a_over_apair=0.226329130 n=0.475740612 Jphi_over_h=0.478605516 Jr_over_h=-0.002864903 e=0.000000000 eps=-1.05730823770729414e+13 L=1.10814058121359261e-04 mu1=-6.026330636e-24,-3.834333425e-24,-5.931954275e-24 mu2=-8.989528654e-24,-6.183604255e-25,2.238941769e-24 nhat=-3.398271487e-01,-5.898907333e-01,7.324932981e-01
292.376 MARGIN checkpoint=268 n=0.475740612 ratio=412.090252 kepler_ratio=409.623407 over=0.994014 periapsis_over_rstar=125.414203 separation_over_rstar=125.414232 period=3.332408763e-17
293.455 ACTION checkpoint=269 t=4.064435795e-10 a_over_apair=0.226322497 n=0.475733641 Jphi_over_h=0.478598233 Jr_over_h=-0.002864592 e=0.000000000 eps=-1.05733922540166562e+13 L=1.10812371899538165e-04 mu1=9.167629029e-24,1.130013768e-24,9.404797445e-25 mu2=3.542200992e-24,3.430866857e-24,7.866944770e-24 nhat=-4.027433659e-02,-4.869220713e-01,8.725164035e-01
293.455 MARGIN checkpoint=269 n=0.475733641 ratio=412.083981 kepler_ratio=409.617405 over=0.994014 periapsis_over_rstar=125.410386 separation_over_rstar=125.410416 period=3.332256641e-17
294.566 ACTION checkpoint=270 t=4.066600762e-10 a_over_apair=0.226315866 n=0.475726671 Jphi_over_h=0.478561586 Jr_over_h=-0.002834915 e=0.000000000 eps=-1.05737020626080664e+13 L=1.10803886863158449e-04 mu1=-6.057571431e-24,4.815804277e-24,-5.130371604e-24 mu2=-8.029829989e-24,4.313034296e-24,1.768168764e-24 nhat=-4.513613105e-01,-1.714655529e-01,8.757125850e-01
294.566 MARGIN checkpoint=270 n=0.475726671 ratio=412.052428 kepler_ratio=409.611404 over=0.994076 periapsis_over_rstar=125.391181 separation_over_rstar=125.391211 period=3.331491235e-17
295.669 ACTION checkpoint=271 t=4.068765232e-10 a_over_apair=0.226309230 n=0.475719697 Jphi_over_h=0.478760076 Jr_over_h=-0.003040379 e=0.000000000 eps=-1.05740120855576465e+13 L=1.10849844241517334e-04 mu1=5.418993513e-24,-7.387418500e-24,-1.505792976e-24 mu2=-4.094337081e-24,-3.484070287e-24,7.569974463e-24 nhat=3.970637594e-01,-6.669987923e-01,6.304387218e-01
295.669 MARGIN checkpoint=271 n=0.475719697 ratio=412.223332 kepler_ratio=409.605399 over=0.993649 periapsis_over_rstar=125.495218 separation_over_rstar=125.495248 period=3.335638292e-17
296.740 ACTION checkpoint=272 t=4.070930061e-10 a_over_apair=0.226302612 n=0.475712741 Jphi_over_h=0.478580518 Jr_over_h=-0.002867777 e=0.000000000 eps=-1.05743213088210703e+13 L=1.10808270324122652e-04 mu1=2.472632551e-25,9.084373762e-24,-1.902595469e-24 mu2=-3.709393660e-24,7.440507144e-24,4.133534491e-24 nhat=-2.280507543e-01,-4.304589856e-02,9.726972315e-01
296.741 MARGIN checkpoint=272 n=0.475712741 ratio=412.068729 kepler_ratio=409.599410 over=0.994008 periapsis_over_rstar=125.401102 separation_over_rstar=125.401132 period=3.331886637e-17
297.823 ACTION checkpoint=273 t=4.073094122e-10 a_over_apair=0.226295972 n=0.475705762 Jphi_over_h=0.478617296 Jr_over_h=-0.002911534 e=0.000000000 eps=-1.05746315853065293e+13 L=1.10816785800926869e-04 mu1=-3.135789294e-24,-6.929319348e-24,-5.325243107e-24 mu2=-7.468536231e-24,-5.333206030e-24,1.408806330e-24 nhat=-1.857140474e-01,-4.075885369e-01,8.940815831e-01
297.823 MARGIN checkpoint=273 n=0.475705762 ratio=412.100395 kepler_ratio=409.593401 over=0.993917 periapsis_over_rstar=125.420377 separation_over_rstar=125.420407 period=3.332654850e-17
298.890 ACTION checkpoint=274 t=4.075258015e-10 a_over_apair=0.226289339 n=0.475698790 Jphi_over_h=0.478687051 Jr_over_h=-0.002988262 e=0.000000000 eps=-1.05749415783701172e+13 L=1.10832936540208068e-04 mu1=7.692287052e-24,5.099342031e-24,1.016014777e-24 mu2=-9.653990876e-25,5.346059628e-24,7.529575442e-24 nhat=3.008657179e-01,-2.557178588e-01,9.187427259e-01
298.890 MARGIN checkpoint=274 n=0.475698790 ratio=412.160456 kepler_ratio=409.587397 over=0.993757 periapsis_over_rstar=125.456938 separation_over_rstar=125.456968 period=3.334112192e-17
299.986 ACTION checkpoint=275 t=4.077422187e-10 a_over_apair=0.226282715 n=0.475691828 Jphi_over_h=0.478601532 Jr_over_h=-0.002909704 e=0.000000000 eps=-1.05752510999955176e+13 L=1.10813135864440491e-04 mu1=-6.959064877e-24,5.403940449e-25,-6.122601211e-24 mu2=-9.265193786e-24,-1.944831878e-25,5.702768414e-25 nhat=-4.137544597e-01,-1.453119064e-01,8.987166945e-01
299.986 MARGIN checkpoint=275 n=0.475691828 ratio=412.086822 kepler_ratio=409.581403 over=0.993920 periapsis_over_rstar=125.412115 separation_over_rstar=125.412145 period=3.332325561e-17
