0.043 ACTION checkpoint=0 t=0.000000000e+00 a_over_apair=1.000000000 n=1.000000000 Jphi_over_h=1.000000000 Jr_over_h=-0.000000000 e=0.000000000 eps=-2.39299653542815039e+12 L=2.31535271785912377e-04 mu1=2.481455313e-24,-2.595036501e-24,-8.562419072e-24 mu2=7.610499765e-24,3.083878251e-24,-4.333225535e-24 nhat=0.000000000e+00,-2.310093477e-14,1.000000000e+00
0.043 MARGIN checkpoint=0 n=1.000000000 ratio=861.022586 kepler_ratio=861.022575 over=1.000000 periapsis_over_rstar=547.509076 separation_over_rstar=547.509083 period=3.039659758e-16
1.187 ACTION checkpoint=1 t=3.039659758e-16 a_over_apair=0.999996656 n=0.999998328 Jphi_over_h=0.999998373 Jr_over_h=-0.000000045 e=0.000000000 eps=-2.39300453860690186e+12 L=2.31534895047720330e-04 mu1=2.481772539e-24,-2.594528965e-24,-8.562480937e-24 mu2=7.610206037e-24,3.084516131e-24,-4.333287389e-24 nhat=3.290093029e-05,-7.019199261e-06,9.999999994e-01
1.187 MARGIN checkpoint=1 n=0.999998328 ratio=861.021185 kepler_ratio=861.021136 over=1.000000 periapsis_over_rstar=547.507294 separation_over_rstar=547.507301 period=3.039644921e-16
2.205 ACTION checkpoint=2 t=1.867497047e-11 a_over_apair=0.999993320 n=0.999996660 Jphi_over_h=0.999996068 Jr_over_h=0.000000592 e=0.001088229 eps=-2.39301252117738818e+12 L=2.31534361339680463e-04 mu1=2.195389363e-24,-5.500087146e-24,-7.150955335e-24 mu2=4.160965601e-24,-8.280064365e-24,-5.777150302e-25 nhat=1.703586875e-01,4.555271738e-01,8.737693697e-01
2.205 MARGIN checkpoint=2 n=0.999996660 ratio=861.954382 kepler_ratio=861.019700 over=0.998916 periapsis_over_rstar=548.101230 separation_over_rstar=546.911711 period=3.039629193e-16
3.233 ACTION checkpoint=3 t=3.734923638e-11 a_over_apair=0.999990065 n=0.999995033 Jphi_over_h=1.000000899 Jr_over_h=-0.000005867 e=0.000000000 eps=-2.39302030980598975e+12 L=2.31535479967173263e-04 mu1=-3.019544308e-24,-2.604541585e-24,-8.384841715e-24 mu2=-8.027921041e-24,-4.582802191e-24,8.702086634e-25 nhat=5.459162006e-01,4.123504994e-01,7.293439296e-01
3.233 MARGIN checkpoint=3 n=0.999995033 ratio=861.023360 kepler_ratio=861.018298 over=0.999994 periapsis_over_rstar=547.510060 separation_over_rstar=547.510067 period=3.039667958e-16
4.222 ACTION checkpoint=4 t=5.602343647e-11 a_over_apair=0.999986811 n=0.999993405 Jphi_over_h=0.999995604 Jr_over_h=-0.000002198 e=0.000000000 eps=-2.39302809804547168e+12 L=2.31534253872207120e-04 mu1=-3.126161701e-24,3.309219469e-24,-8.092158847e-24 mu2=-5.037427797e-24,7.419414427e-24,-2.404883787e-24 nhat=3.791329180e-01,8.447712577e-02,9.214780766e-01
4.222 MARGIN checkpoint=4 n=0.999993405 ratio=861.018801 kepler_ratio=861.016897 over=0.999998 periapsis_over_rstar=547.504262 separation_over_rstar=547.504269 period=3.039619668e-16
5.333 ACTION checkpoint=5 t=7.469733991e-11 a_over_apair=0.999983556 n=0.999991778 Jphi_over_h=0.999997686 Jr_over_h=-0.000005908 e=0.000000000 eps=-2.39303588674057471e+12 L=2.31534736043317180e-04 mu1=-3.384188495e-25,1.771597575e-24,-9.107896024e-24 mu2=6.861714179e-24,4.344699250e-24,-4.499702460e-24 nhat=-1.115336003e-01,1.672520303e-01,9.795851236e-01
5.334 MARGIN checkpoint=5 n=0.999991778 ratio=861.020594 kepler_ratio=861.015496 over=0.999994 periapsis_over_rstar=547.506542 separation_over_rstar=547.506549 period=3.039638658e-16
6.353 ACTION checkpoint=6 t=9.337105604e-11 a_over_apair=0.999980301 n=0.999990151 Jphi_over_h=0.999999241 Jr_over_h=-0.000009090 e=0.000000000 eps=-2.39304367539499072e+12 L=2.31535095957302784e-04 mu1=-2.225829155e-24,-4.900598096e-24,-7.565492592e-24 mu2=4.661697814e-24,-7.959721447e-24,-1.057479670e-24 nhat=-9.469887712e-02,4.705564011e-01,8.772735013e-01
6.353 MARGIN checkpoint=6 n=0.999990151 ratio=861.021932 kepler_ratio=861.014095 over=0.999991 periapsis_over_rstar=547.508244 separation_over_rstar=547.508251 period=3.039652833e-16
7.349 ACTION checkpoint=7 t=1.120448593e-10 a_over_apair=0.999977047 n=0.999988523 Jphi_over_h=0.999994337 Jr_over_h=-0.000005813 e=0.000000000 eps=-2.39305146387917627e+12 L=2.31533960494519471e-04 mu1=-5.759449611e-24,-5.083703597e-24,-5.214552060e-24 mu2=-7.409600629e-24,-5.422838492e-24,1.377496458e-24 nhat=3.650715567e-01,3.240812173e-01,8.727508940e-01
7.349 MARGIN checkpoint=7 n=0.999988523 ratio=861.017710 kepler_ratio=861.012694 over=0.999994 periapsis_over_rstar=547.502874 separation_over_rstar=547.502881 period=3.039608114e-16
8.366 ACTION checkpoint=8 t=1.307183877e-10 a_over_apair=0.999973792 n=0.999986896 Jphi_over_h=0.999999301 Jr_over_h=-0.000012405 e=0.000000000 eps=-2.39305925257210303e+12 L=2.31535109934067761e-04 mu1=-4.107579395e-24,-1.679147514e-24,-8.155679642e-24 mu2=-6.108748951e-24,6.601391641e-24,-2.304706038e-24 nhat=3.839720949e-01,-1.401050079e-01,9.126532842e-01
8.366 MARGIN checkpoint=8 n=0.999986896 ratio=861.021984 kepler_ratio=861.011293 over=0.999988 periapsis_over_rstar=547.508310 separation_over_rstar=547.508317 period=3.039653384e-16
9.383 ACTION checkpoint=9 t=1.493915864e-10 a_over_apair=0.999970538 n=0.999985269 Jphi_over_h=0.999996292 Jr_over_h=-0.000011023 e=0.000000000 eps=-2.39306704091045898e+12 L=2.31534413221882150e-04 mu1=2.747653579e-24,-1.296995921e-24,-8.773542994e-24 mu2=6.519366404e-24,4.853338574e-24,-4.488855271e-24 nhat=7.309216800e-02,-2.538971706e-02,9.970019545e-01
9.383 MARGIN checkpoint=9 n=0.999985269 ratio=861.019393 kepler_ratio=861.009891 over=0.999989 periapsis_over_rstar=547.505015 separation_over_rstar=547.505022 period=3.039625944e-16
10.407 ACTION checkpoint=10 t=1.680646165e-10 a_over_apair=0.999967283 n=0.999983641 Jphi_over_h=0.999994887 Jr_over_h=-0.000011245 e=0.000000000 eps=-2.39307482956967871e+12 L=2.31534087890257365e-04 mu1=2.885038149e-24,-4.230623623e-24,-7.745013487e-24 mu2=5.798270405e-24,-7.141352680e-24,-1.260157723e-24 nhat=1.193229927e-01,4.625661060e-01,8.785184238e-01
10.407 MARGIN checkpoint=10 n=0.999983641 ratio=861.018184 kepler_ratio=861.008490 over=0.999989 periapsis_over_rstar=547.503477 separation_over_rstar=547.503484 period=3.039613131e-16
11.352 ACTION checkpoint=11 t=1.867366560e-10 a_over_apair=0.333324454 n=0.577342579 Jphi_over_h=0.134229390 Jr_over_h=0.443113189 e=0.972597539 eps=-7.17918084531639648e+12 L=3.10788383511579949e-05 mu1=3.353103649e-25,2.704440337e-24,-8.875833747e-24 mu2=1.015735882e-25,8.445803903e-24,-3.855507037e-24 nhat=-5.271192071e-01,-8.191384868e-01,2.261801958e-01
11.352 MARGIN checkpoint=11 n=0.577342579 ratio=18139.956457 kepler_ratio=497.104995 over=0.027404 periapsis_over_rstar=359.995429 separation_over_rstar=5.001156 period=5.849594046e-17
15.617 ACTION checkpoint=12 t=1.867367145e-10 a_over_apair=0.326677855 n=0.571557395 Jphi_over_h=0.133998091 Jr_over_h=0.437559304 e=0.972129674 eps=-7.32524869990315820e+12 L=3.10252843211636470e-05 mu1=4.741740448e-25,2.581890240e-24,-8.905945039e-24 mu2=2.694792283e-26,8.453098425e-24,-3.840736400e-24 nhat=-4.420402686e-01,-8.724382067e-01,2.084513766e-01
15.617 MARGIN checkpoint=12 n=0.571557395 ratio=17656.713107 kepler_ratio=492.123820 over=0.027872 periapsis_over_rstar=352.733320 separation_over_rstar=4.985119 period=5.675504951e-17
18.797 ACTION checkpoint=13 t=1.867369983e-10 a_over_apair=0.320398595 n=0.566037627 Jphi_over_h=0.133639956 Jr_over_h=0.432397671 e=0.971729419 eps=-7.46881095614602734e+12 L=3.09423635484344897e-05 mu1=1.390316222e-24,2.330440137e-24,-8.879353853e-24 mu2=-3.568847054e-25,8.442939594e-24,-3.846590645e-24 nhat=8.077306565e-02,-9.716931714e-01,2.220092174e-01
18.797 MARGIN checkpoint=13 n=0.566037627 ratio=17238.616136 kepler_ratio=487.371175 over=0.028272 periapsis_over_rstar=345.883020 separation_over_rstar=4.959517 period=5.512655679e-17
21.701 ACTION checkpoint=14 t=1.867372739e-10 a_over_apair=0.314919765 n=0.561177125 Jphi_over_h=0.133949364 Jr_over_h=0.427227761 e=0.971094942 eps=-7.59874989855522949e+12 L=3.10140023850614458e-05 mu1=2.164182736e-24,2.790562671e-24,-8.586962696e-24 mu2=-7.062527828e-25,8.362139378e-24,-3.972743046e-24 nhat=5.321329345e-01,-7.516501769e-01,3.896877617e-01
21.701 MARGIN checkpoint=14 n=0.561177125 ratio=16715.452844 kepler_ratio=483.186173 over=0.028907 periapsis_over_rstar=339.859008 separation_over_rstar=4.984110 period=5.371861933e-17
26.210 ACTION checkpoint=15 t=1.867375425e-10 a_over_apair=0.309604729 n=0.556421359 Jphi_over_h=0.134317029 Jr_over_h=0.422104330 e=0.970427081 eps=-7.72919892429229688e+12 L=3.10991297620786066e-05 mu1=2.323294107e-24,3.571863908e-24,-8.249299848e-24 mu2=-9.491810463e-25,8.229208366e-24,-4.193571305e-24 nhat=6.916854053e-01,-3.827950669e-01,6.124044716e-01
26.210 MARGIN checkpoint=15 n=0.556421359 ratio=16199.509829 kepler_ratio=479.091351 over=0.029574 periapsis_over_rstar=334.009851 separation_over_rstar=5.013204 period=5.236442521e-17
47.849 ACTION checkpoint=16 t=1.867377520e-10 a_over_apair=0.212630527 n=0.461118777 Jphi_over_h=0.133732919 Jr_over_h=0.327385859 e=0.957021077 eps=-1.12542473133711426e+13 L=3.09638876629231071e-05 mu1=1.759083314e-24,4.403550462e-24,-7.982557516e-24 mu2=-1.004376388e-24,8.019586462e-24,-4.569936140e-24 nhat=4.877183796e-01,3.596427090e-02,8.722599116e-01
47.849 MARGIN checkpoint=16 n=0.461118777 ratio=9237.387531 kepler_ratio=397.033677 over=0.042981 periapsis_over_rstar=227.830803 separation_over_rstar=5.003744 period=2.980323354e-17
75.745 ACTION checkpoint=17 t=1.867379606e-10 a_over_apair=0.189451939 n=0.435260772 Jphi_over_h=0.131734796 Jr_over_h=0.303525976 e=0.953099488 eps=-1.26311535377396914e+13 L=3.05012516798752148e-05 mu1=6.639925855e-25,4.670085776e-24,-7.997266281e-24 mu2=-6.141941671e-25,7.916530248e-24,-4.812293594e-24 nhat=-1.136560167e-01,1.874758205e-01,9.756716285e-01
75.745 MARGIN checkpoint=17 n=0.435260772 ratio=7990.287793 kepler_ratio=374.769351 over=0.046903 periapsis_over_rstar=4.864722 separation_over_rstar=4.865103 period=2.506533691e-17
87.104 ACTION checkpoint=18 t=1.867381611e-10 a_over_apair=0.182421277 n=0.427108039 Jphi_over_h=0.129268501 Jr_over_h=0.297839538 e=0.953098605 eps=-1.31179683154209531e+13 L=2.99302175014688243e-05 mu1=-3.403956015e-25,4.120326509e-24,-8.313476744e-24 mu2=-2.664941357e-25,8.127706603e-24,-4.480649677e-24 nhat=-6.789549563e-01,-1.261626925e-01,7.232586967e-01
87.104 MARGIN checkpoint=18 n=0.427108039 ratio=7840.442411 kepler_ratio=367.749664 over=0.046904 periapsis_over_rstar=195.070225 separation_over_rstar=4.684665 period=2.368308106e-17
90.011 ACTION checkpoint=19 t=1.867383506e-10 a_over_apair=0.180064847 n=0.424340485 Jphi_over_h=0.128344061 Jr_over_h=0.295996423 e=0.953163546 eps=-1.32896374704205234e+13 L=2.97161770691171962e-05 mu1=-4.257403269e-25,2.880083618e-24,-8.816502640e-24 mu2=-5.776075470e-25,8.351994890e-24,-4.014648945e-24 nhat=-5.888398683e-01,-7.415202952e-01,3.215824331e-01
90.012 MARGIN checkpoint=19 n=0.424340485 ratio=7800.425438 kepler_ratio=365.366737 over=0.046839 periapsis_over_rstar=192.556804 separation_over_rstar=4.617756 period=2.322567620e-17
93.323 ACTION checkpoint=20 t=1.867385364e-10 a_over_apair=0.178074224 n=0.421988416 Jphi_over_h=0.129208714 Jr_over_h=0.292779703 e=0.951970360 eps=-1.34381972152844707e+13 L=2.99163746384526113e-05 mu1=1.011533121e-24,2.390622928e-24,-8.914515020e-24 mu2=-1.201605804e-24,8.331140501e-24,-3.918557990e-24 nhat=2.744182186e-01,-9.315870517e-01,2.384118420e-01
93.323 MARGIN checkpoint=20 n=0.421988416 ratio=7564.491507 kepler_ratio=363.341553 over=0.048033 periapsis_over_rstar=190.311749 separation_over_rstar=4.683038 period=2.284160160e-17
96.828 ACTION checkpoint=21 t=1.867387191e-10 a_over_apair=0.175942393 n=0.419454876 Jphi_over_h=0.127439331 Jr_over_h=0.292015545 e=0.952729033 eps=-1.36010230323861055e+13 L=2.95067000260862091e-05 mu1=1.637364131e-24,3.636668674e-24,-8.384541427e-24 mu2=-1.663972856e-24,8.099578535e-24,-4.223135940e-24 nhat=7.379564454e-01,-3.197647834e-01,5.942817244e-01
96.828 MARGIN checkpoint=21 n=0.419454876 ratio=7639.726749 kepler_ratio=361.160117 over=0.047274 periapsis_over_rstar=188.106499 separation_over_rstar=4.553903 period=2.243265637e-17
100.051 ACTION checkpoint=22 t=1.867388986e-10 a_over_apair=0.173431960 n=0.416451630 Jphi_over_h=0.124699115 Jr_over_h=0.291752515 e=0.954117515 eps=-1.37978982134695293e+13 L=2.88722435769821389e-05 mu1=6.246280028e-25,4.507558142e-24,-8.093121446e-24 mu2=-1.532994475e-24,7.840804857e-24,-4.730598525e-24 nhat=2.599298856e-01,1.611981951e-01,9.520775160e-01
100.051 MARGIN checkpoint=22 n=0.416451630 ratio=7814.518094 kepler_ratio=358.574255 over=0.045886 periapsis_over_rstar=185.554347 separation_over_rstar=4.357098 period=2.195425290e-17
102.786 ACTION checkpoint=23 t=1.867390523e-10 a_over_apair=0.170994238 n=0.413514496 Jphi_over_h=0.124483183 Jr_over_h=0.289031313 e=0.953612446 eps=-1.39946033290034395e+13 L=2.88222475133496118e-05 mu1=-5.015808848e-25,4.302603539e-24,-8.212361090e-24 mu2=-1.018046795e-24,7.936646295e-24,-4.709573397e-24 nhat=-4.497010854e-01,3.128192489e-02,8.926311528e-01
102.786 MARGIN checkpoint=23 n=0.413514496 ratio=7674.915860 kepler_ratio=356.045316 over=0.046391 periapsis_over_rstar=182.898950 separation_over_rstar=4.343146 period=2.149300691e-17
106.119 ACTION checkpoint=24 t=1.867392027e-10 a_over_apair=0.168883154 n=0.410953956 Jphi_over_h=0.126390789 Jr_over_h=0.284563167 e=0.951530427 eps=-1.41695396141766289e+13 L=2.92639256964193808e-05 mu1=-1.086613592e-24,3.340176024e-24,-8.594728053e-24 mu2=-1.000875672e-24,8.190815493e-24,-4.256247728e-24 nhat=-6.993128452e-01,-4.875615874e-01,5.227286515e-01
106.119 MARGIN checkpoint=24 n=0.410953956 ratio=7299.785719 kepler_ratio=353.840633 over=0.048473 periapsis_over_rstar=180.448377 separation_over_rstar=4.482035 period=2.109621089e-17
108.949 ACTION checkpoint=25 t=1.867393715e-10 a_over_apair=0.167001820 n=0.408658562 Jphi_over_h=0.128562327 Jr_over_h=0.280096234 e=0.949225679 eps=-1.43291644054760605e+13 L=2.97667134308931477e-05 mu1=-2.200805330e-25,2.226458380e-24,-9.011176555e-24 mu2=-1.531893265e-24,8.247427234e-24,-3.979962603e-24 nhat=-1.018334203e-01,-9.693627807e-01,2.235302081e-01
108.949 MARGIN checkpoint=25 n=0.408658562 ratio=6929.541289 kepler_ratio=351.864247 over=0.050777 periapsis_over_rstar=178.227474 separation_over_rstar=4.642834 period=2.074468141e-17
116.770 ACTION checkpoint=26 t=1.867395374e-10 a_over_apair=0.161457913 n=0.401818258 Jphi_over_h=0.127626228 Jr_over_h=0.274192030 e=0.948217490 eps=-1.48211784513295547e+13 L=2.95499734498899112e-05 mu1=1.126993765e-24,3.008887824e-24,-8.711104086e-24 mu2=-2.128549230e-24,8.027235543e-24,-4.152062497e-24 nhat=7.176919406e-01,-5.522882904e-01,4.241413947e-01
116.770 MARGIN checkpoint=26 n=0.401818258 ratio=6680.881824 kepler_ratio=345.974592 over=0.051786 periapsis_over_rstar=172.221788 separation_over_rstar=4.577845 period=1.972032025e-17
120.181 ACTION checkpoint=27 t=1.867397149e-10 a_over_apair=0.159749574 n=0.399686845 Jphi_over_h=0.128280255 Jr_over_h=0.271406590 e=0.947095493 eps=-1.49796739641551953e+13 L=2.97014037632470720e-05 mu1=4.486720763e-25,4.278927935e-24,-8.227777608e-24 mu2=-2.260407100e-24,7.667484459e-24,-4.723038968e-24 nhat=4.843504697e-01,1.349232296e-01,8.644075108e-01
120.181 MARGIN checkpoint=27 n=0.399686845 ratio=6504.515563 kepler_ratio=344.139397 over=0.052908 periapsis_over_rstar=170.301425 separation_over_rstar=4.627543 period=1.940816727e-17
122.852 ACTION checkpoint=28 t=1.867398896e-10 a_over_apair=0.158192425 n=0.397734113 Jphi_over_h=0.130497565 Jr_over_h=0.267236548 e=0.944642121 eps=-1.51271247067477012e+13 L=3.02147891782275032e-05 mu1=-8.454196512e-25,4.278283973e-24,-8.196853490e-24 mu2=-1.733680665e-24,7.667244462e-24,-4.941110097e-24 nhat=-2.754434578e-01,1.324144543e-01,9.521540389e-01
122.852 MARGIN checkpoint=28 n=0.397734113 ratio=6185.900645 kepler_ratio=342.458050 over=0.055361 periapsis_over_rstar=168.428932 separation_over_rstar=4.794921 period=1.912508998e-17
134.946 ACTION checkpoint=29 t=1.867400617e-10 a_over_apair=0.150133594 n=0.387470765 Jphi_over_h=0.131082873 Jr_over_h=0.256387891 e=0.941036910 eps=-1.59391144716395078e+13 L=3.03503087224536300e-05 mu1=-1.669058253e-24,3.241157345e-24,-8.539086537e-24 mu2=-1.600209613e-24,7.975127354e-24,-4.476999906e-24 nhat=-6.668932245e-01,-4.209863318e-01,6.148365113e-01
134.946 MARGIN checkpoint=29 n=0.387470765 ratio=5657.814357 kepler_ratio=333.621076 over=0.058966 periapsis_over_rstar=159.552273 separation_over_rstar=4.847011 period=1.768242332e-17
156.233 ACTION checkpoint=30 t=1.867402209e-10 a_over_apair=0.140046298 n=0.374227602 Jphi_over_h=0.129674212 Jr_over_h=0.244553389 e=0.938045680 eps=-1.70871816868883496e+13 L=3.00241539704705108e-05 mu1=-7.311877289e-25,1.986012085e-24,-9.040352636e-24 mu2=-2.225365411e-24,8.023270887e-24,-4.108738047e-24 nhat=-2.324291893e-02,-9.656620298e-01,2.587597552e-01
156.233 MARGIN checkpoint=30 n=0.374227602 ratio=5200.596022 kepler_ratio=322.218413 over=0.061958 periapsis_over_rstar=148.602790 separation_over_rstar=4.750728 period=1.593061023e-17
160.072 ACTION checkpoint=31 t=1.867403961e-10 a_over_apair=0.138755409 n=0.372498871 Jphi_over_h=0.130350937 Jr_over_h=0.242147934 e=0.936773437 eps=-1.72461495581981406e+13 L=3.01808397305655926e-05 mu1=5.567413485e-25,3.304732646e-24,-8.658847295e-24 mu2=-2.979323121e-24,7.651203271e-24,-4.334694628e-24 nhat=8.204479233e-01,-2.617639725e-01,5.082763302e-01
160.072 MARGIN checkpoint=31 n=0.372498871 ratio=5072.415375 kepler_ratio=320.729937 over=0.063230 periapsis_over_rstar=147.136379 separation_over_rstar=4.803590 period=1.571085592e-17
168.124 ACTION checkpoint=32 t=1.867405689e-10 a_over_apair=0.135038232 n=0.367475485 Jphi_over_h=0.129780913 Jr_over_h=0.237694572 e=0.935559580 eps=-1.77208817264042383e+13 L=3.00488588552782147e-05 mu1=-7.579164489e-25,4.225710438e-24,-8.232605251e-24 mu2=-2.870605604e-24,7.318769940e-24,-4.939846688e-24 nhat=2.324937259e-01,2.574796703e-01,9.378970555e-01
168.124 MARGIN checkpoint=32 n=0.367475485 ratio=4909.745622 kepler_ratio=316.404688 over=0.064444 periapsis_over_rstar=143.104935 separation_over_rstar=4.764661 period=1.508377611e-17
180.130 ACTION checkpoint=33 t=1.867407198e-10 a_over_apair=0.128615195 n=0.358629607 Jphi_over_h=0.126516151 Jr_over_h=0.232113456 e=0.935707559 eps=-1.86058617523110781e+13 L=2.92929514232171473e-05 mu1=-2.065486583e-24,3.440925658e-24,-8.372613157e-24 mu2=-2.339654402e-24,7.636696688e-24,-4.734314760e-24 nhat=-5.445521086e-01,-2.057749537e-01,8.130926573e-01
180.131 MARGIN checkpoint=33 n=0.358629607 ratio=4802.556275 kepler_ratio=308.788188 over=0.064297 periapsis_over_rstar=136.308629 separation_over_rstar=4.527639 period=1.402049618e-17
183.765 ACTION checkpoint=34 t=1.867408600e-10 a_over_apair=0.127301640 n=0.356793554 Jphi_over_h=0.125797618 Jr_over_h=0.230995936 e=0.935782366 eps=-1.87978452674664375e+13 L=2.91265855773832803e-05 mu1=-1.547515186e-24,1.905242084e-24,-8.954446082e-24 mu2=-2.822465190e-24,7.820773126e-24,-4.132318144e-24 nhat=-1.190092199e-01,-9.430586853e-01,3.106076651e-01
183.765 MARGIN checkpoint=34 n=0.356793554 ratio=4783.527581 kepler_ratio=307.207305 over=0.064222 periapsis_over_rstar=134.921715 separation_over_rstar=4.476191 period=1.380625728e-17
186.241 ACTION checkpoint=35 t=1.867410118e-10 a_over_apair=0.126224206 n=0.355280461 Jphi_over_h=0.125073811 Jr_over_h=0.230206651 e=0.935984028 eps=-1.89583013169166953e+13 L=2.89589987866014388e-05 mu1=-5.586626047e-26,3.131336710e-24,-8.740621525e-24 mu2=-3.595687422e-24,7.436270872e-24,-4.240255034e-24 nhat=8.555100299e-01,-2.546851919e-01,4.508193006e-01
186.241 MARGIN checkpoint=35 n=0.355280461 ratio=4778.239218 kepler_ratio=305.904498 over=0.064020 periapsis_over_rstar=133.793724 separation_over_rstar=4.424375 period=1.363135209e-17
189.563 ACTION checkpoint=36 t=1.867411481e-10 a_over_apair=0.124804412 n=0.353276680 Jphi_over_h=0.121656647 Jr_over_h=0.231620033 e=0.938835303 eps=-1.91739738264747266e+13 L=2.81678048066815538e-05 mu1=-1.478899661e-24,3.969467935e-24,-8.262144721e-24 mu2=-3.392135621e-24,7.135344017e-24,-4.877205855e-24 nhat=1.591221654e-01,2.424890383e-01,9.570157798e-01
189.563 MARGIN checkpoint=36 n=0.353276680 ratio=4972.738105 kepler_ratio=304.179196 over=0.061169 periapsis_over_rstar=132.483618 separation_over_rstar=4.179797 period=1.340200799e-17
192.135 ACTION checkpoint=37 t=1.867412688e-10 a_over_apair=0.123440945 n=0.351341636 Jphi_over_h=0.122961407 Jr_over_h=0.228380229 e=0.936758383 eps=-1.93857599493205742e+13 L=2.84699028745255619e-05 mu1=-2.617210947e-24,2.962387779e-24,-8.401268998e-24 mu2=-2.938816039e-24,7.522131121e-24,-4.581239894e-24 nhat=-5.397033817e-01,-3.706477147e-01,7.558707107e-01
192.135 MARGIN checkpoint=37 n=0.351341636 ratio=4783.100167 kepler_ratio=302.513081 over=0.063246 periapsis_over_rstar=130.895889 separation_over_rstar=4.274499 period=1.318298694e-17
194.632 ACTION checkpoint=38 t=1.867413874e-10 a_over_apair=0.122319823 n=0.349742510 Jphi_over_h=0.125893124 Jr_over_h=0.223849387 e=0.932967947 eps=-1.95634400723542344e+13 L=2.91486986011044853e-05 mu1=-1.820136871e-24,1.642630434e-24,-8.955206436e-24 mu2=-3.435618187e-24,7.589377029e-24,-4.099358396e-24 nhat=2.655003843e-02,-9.551651282e-01,2.948807783e-01
194.632 MARGIN checkpoint=38 n=0.349742510 ratio=4492.122319 kepler_ratio=301.136197 over=0.067037 periapsis_over_rstar=129.453209 separation_over_rstar=4.489516 period=1.300379850e-17
204.508 ACTION checkpoint=39 t=1.867415174e-10 a_over_apair=0.119010648 n=0.344979200 Jphi_over_h=0.125079795 Jr_over_h=0.219899405 e=0.931955767 eps=-2.01074153466905195e+13 L=2.89603843870592347e-05 mu1=-5.537811950e-25,3.009789116e-24,-8.765919869e-24 mu2=-4.137954900e-24,7.127995493e-24,-4.275028044e-24 nhat=8.742874400e-01,-1.729317840e-01,4.535593349e-01
204.508 MARGIN checkpoint=39 n=0.344979200 ratio=4365.022625 kepler_ratio=297.034879 over=0.068049 periapsis_over_rstar=125.885098 separation_over_rstar=4.434025 period=1.247968704e-17
206.927 ACTION checkpoint=40 t=1.867416547e-10 a_over_apair=0.118060188 n=0.343598877 Jphi_over_h=0.127512538 Jr_over_h=0.216086340 e=0.928589426 eps=-2.02692928719111797e+13 L=2.95236500666385517e-05 mu1=-2.025265361e-24,3.749474916e-24,-8.249035904e-24 mu2=-3.919493451e-24,6.805130552e-24,-4.953243839e-24 nhat=1.435588390e-01,2.791765195e-01,9.494479083e-01
206.927 MARGIN checkpoint=40 n=0.343598877 ratio=4142.631630 kepler_ratio=295.846390 over=0.071415 periapsis_over_rstar=124.662139 separation_over_rstar=4.616201 period=1.233048534e-17
214.295 ACTION checkpoint=41 t=1.867417904e-10 a_over_apair=0.115092316 n=0.339252584 Jphi_over_h=0.128263500 Jr_over_h=0.210989084 e=0.925774272 eps=-2.07919748324109883e+13 L=2.96975244417886824e-05 mu1=-3.144692764e-24,2.599901543e-24,-8.340160350e-24 mu2=-3.509456582e-24,7.230844734e-24,-4.648166757e-24 nhat=-4.996022387e-01,-3.841802813e-01,7.764039635e-01
214.295 MARGIN checkpoint=41 n=0.339252584 ratio=3935.106009 kepler_ratio=292.104134 over=0.074230 periapsis_over_rstar=121.350909 separation_over_rstar=4.677555 period=1.186846236e-17
230.253 ACTION checkpoint=42 t=1.867419209e-10 a_over_apair=0.110188818 n=0.331947011 Jphi_over_h=0.126223666 Jr_over_h=0.205723345 e=0.924882733 eps=-2.17172357522900977e+13 L=2.92252308168504915e-05 mu1=-1.833942089e-24,1.375915632e-24,-8.997242237e-24 mu2=-4.216692929e-24,7.196175406e-24,-4.079389114e-24 nhat=3.543193813e-01,-8.969892291e-01,2.643257439e-01
230.253 MARGIN checkpoint=42 n=0.331947011 ratio=3804.652066 kepler_ratio=285.813870 over=0.075122 periapsis_over_rstar=116.126978 separation_over_rstar=4.532076 period=1.111811723e-17
232.891 ACTION checkpoint=43 t=1.867420654e-10 a_over_apair=0.109344848 n=0.330673325 Jphi_over_h=0.126502930 Jr_over_h=0.204170394 e=0.923929970 eps=-2.18848586226787539e+13 L=2.92898903921978182e-05 mu1=-1.575837897e-24,3.361097133e-24,-8.510382850e-24 mu2=-4.866867186e-24,6.532313448e-24,-4.455259822e-24 nhat=7.400435801e-01,2.330378849e-01,6.308952716e-01
232.891 MARGIN checkpoint=43 n=0.330673325 ratio=3742.585992 kepler_ratio=284.717198 over=0.076075 periapsis_over_rstar=115.180486 separation_over_rstar=4.554404 period=1.099062651e-17
248.806 ACTION checkpoint=44 t=1.867421863e-10 a_over_apair=0.104547831 n=0.323338571 Jphi_over_h=0.122744351 Jr_over_h=0.200594219 e=0.925144329 eps=-2.28890117301657383e+13 L=2.84196467602916783e-05 mu1=-3.274069988e-24,2.972024787e-24,-8.164213964e-24 mu2=-4.275164506e-24,6.670554352e-24,-4.840818975e-24 nhat=-2.436102106e-01,8.305566181e-03,9.698376580e-01
248.806 MARGIN checkpoint=44 n=0.323338571 ratio=3718.907616 kepler_ratio=278.401809 over=0.074861 periapsis_over_rstar=110.196968 separation_over_rstar=4.285120 period=1.027537086e-17
251.583 ACTION checkpoint=45 t=1.867422994e-10 a_over_apair=0.103536855 n=0.321771433 Jphi_over_h=0.122538625 Jr_over_h=0.199232809 e=0.924647108 eps=-2.31125093251685273e+13 L=2.83720138246318508e-05 mu1=-2.973493297e-24,1.188319947e-24,-8.715106918e-24 mu2=-4.539702409e-24,6.996890374e-24,-4.079397309e-24 nhat=4.445975306e-03,-9.189774136e-01,3.942851083e-01
251.584 MARGIN checkpoint=45 n=0.321771433 ratio=3676.460722 kepler_ratio=277.052468 over=0.075358 periapsis_over_rstar=109.103179 separation_over_rstar=4.271874 period=1.012668775e-17
254.791 ACTION checkpoint=46 t=1.867424108e-10 a_over_apair=0.102745270 n=0.320539030 Jphi_over_h=0.121539943 Jr_over_h=0.198999087 e=0.925325547 eps=-2.32905762118933906e+13 L=2.81407837751178071e-05 mu1=-1.637225609e-24,2.621877496e-24,-8.755118844e-24 mu2=-5.274326251e-24,6.455370098e-24,-4.088585913e-24 nhat=9.220468598e-01,-5.102520179e-02,3.837004262e-01
254.791 MARGIN checkpoint=46 n=0.320539030 ratio=3695.644346 kepler_ratio=275.991341 over=0.074680 periapsis_over_rstar=108.307201 separation_over_rstar=4.201056 period=1.001077541e-17
257.549 ACTION checkpoint=47 t=1.867425209e-10 a_over_apair=0.101742776 n=0.318971434 Jphi_over_h=0.120294924 Jr_over_h=0.198676509 e=0.926158766 eps=-2.35200634155405820e+13 L=2.78525180244418207e-05 mu1=-3.392879123e-24,2.962666392e-24,-8.118979885e-24 mu2=-4.881810802e-24,6.283916673e-24,-4.784053702e-24 nhat=-3.051727936e-02,1.777838534e-01,9.835962572e-01
257.549 MARGIN checkpoint=47 n=0.318971434 ratio=3719.056270 kepler_ratio=274.641606 over=0.073847 periapsis_over_rstar=107.296853 separation_over_rstar=4.113661 period=9.864619436e-18
260.040 ACTION checkpoint=48 t=1.867426195e-10 a_over_apair=0.100872894 n=0.317604935 Jphi_over_h=0.123576426 Jr_over_h=0.194028508 e=0.921200381 eps=-2.37228895655971875e+13 L=2.86123014100102553e-05 mu1=-3.858256947e-24,1.349666098e-24,-8.336612623e-24 mu2=-4.775056670e-24,6.738340468e-24,-4.242694522e-24 nhat=-2.790148282e-01,-7.279501775e-01,6.262900803e-01
260.040 MARGIN checkpoint=48 n=0.317604935 ratio=3470.136486 kepler_ratio=273.465019 over=0.078805 periapsis_over_rstar=106.105640 separation_over_rstar=4.352322 period=9.738379330e-18
268.818 ACTION checkpoint=49 t=1.867427267e-10 a_over_apair=0.098218890 n=0.313398931 Jphi_over_h=0.123680031 Jr_over_h=0.189718900 e=0.918835444 eps=-2.43639134135263672e+13 L=2.86362895884690848e-05 mu1=-2.000254825e-24,1.617743905e-24,-8.921252186e-24 mu2=-5.568863776e-24,6.311842393e-24,-3.918578457e-24 nhat=8.762458289e-01,-4.238714988e-01,2.291859504e-01
268.818 MARGIN checkpoint=49 n=0.313398931 ratio=3324.410354 kepler_ratio=269.843555 over=0.081170 periapsis_over_rstar=103.186784 separation_over_rstar=4.364995 period=9.356587791e-18
272.089 ACTION checkpoint=50 t=1.867428483e-10 a_over_apair=0.097524943 n=0.312289837 Jphi_over_h=0.126383046 Jr_over_h=0.185906791 e=0.914450434 eps=-2.45372770688774297e+13 L=2.92621329792040189e-05 mu1=-3.337621899e-24,2.915450014e-24,-8.158877775e-24 mu2=-5.650502036e-24,5.713621716e-24,-4.651151353e-24 nhat=3.220831214e-01,3.932190620e-01,8.611859452e-01
272.089 MARGIN checkpoint=50 n=0.312289837 ratio=3142.867965 kepler_ratio=268.888600 over=0.085555 periapsis_over_rstar=102.223596 separation_over_rstar=4.568286 period=9.257602252e-18
283.542 ACTION checkpoint=51 t=1.867429686e-10 a_over_apair=0.093732020 n=0.306156855 Jphi_over_h=0.123457461 Jr_over_h=0.182699395 e=0.915090271 eps=-2.55301926853025312e+13 L=2.85847567820556344e-05 mu1=-4.333295823e-24,1.219132169e-24,-8.120536887e-24 mu2=-5.260261349e-24,6.318882086e-24,-4.313726347e-24 nhat=-2.755231012e-01,-6.022667233e-01,7.492408256e-01
283.542 MARGIN checkpoint=51 n=0.306156855 ratio=3104.343964 kepler_ratio=263.607964 over=0.084916 periapsis_over_rstar=98.280770 separation_over_rstar=4.357807 period=8.722820369e-18
286.483 ACTION checkpoint=52 t=1.867430820e-10 a_over_apair=0.092927644 n=0.304840358 Jphi_over_h=0.122751965 Jr_over_h=0.182088393 e=0.915342480 eps=-2.57511805722510195e+13 L=2.84214096231259370e-05 mu1=-2.424309250e-24,1.541806255e-24,-8.829066395e-24 mu2=-6.131024419e-24,5.867580196e-24,-3.766815298e-24 nhat=9.425088675e-01,-2.658964904e-01,2.024255196e-01
286.483 MARGIN checkpoint=52 n=0.304840358 ratio=3100.198486 kepler_ratio=262.474430 over=0.084664 periapsis_over_rstar=97.450190 separation_over_rstar=4.307584 period=8.610777188e-18
296.402 ACTION checkpoint=53 t=1.867431854e-10 a_over_apair=0.090658658 n=0.301095763 Jphi_over_h=0.117911283 Jr_over_h=0.183184480 e=0.920132471 eps=-2.63956756320435234e+13 L=2.73006208625717757e-05 mu1=-4.077951735e-24,2.412897669e-24,-7.984678438e-24 mu2=-6.018691346e-24,5.447665508e-24,-4.506123641e-24 nhat=1.733165263e-01,3.131855989e-01,9.337430923e-01
296.402 MARGIN checkpoint=53 n=0.301095763 ratio=3245.722623 kepler_ratio=259.250249 over=0.079874 periapsis_over_rstar=95.308537 separation_over_rstar=3.964682 period=8.297340137e-18
299.006 ACTION checkpoint=54 t=1.867432766e-10 a_over_apair=0.089778028 n=0.299629819 Jphi_over_h=0.119901426 Jr_over_h=0.179728393 e=0.916443023 eps=-2.66545899497309609e+13 L=2.77614091616764341e-05 mu1=-4.400593626e-24,5.041013648e-25,-8.160117207e-24 mu2=-5.861085248e-24,6.025984897e-24,-3.942339536e-24 nhat=-4.534465731e-02,-8.092193233e-01,5.857541710e-01
299.006 MARGIN checkpoint=54 n=0.299629819 ratio=3087.320706 kepler_ratio=257.988038 over=0.083564 periapsis_over_rstar=94.201387 separation_over_rstar=4.107516 period=8.176737567e-18
301.711 ACTION checkpoint=55 t=1.867433748e-10 a_over_apair=0.089101626 n=0.298498955 Jphi_over_h=0.120220836 Jr_over_h=0.178278119 e=0.915309460 eps=-2.68569345045797344e+13 L=2.78353639530914570e-05 mu1=-2.902829191e-24,1.750503426e-24,-8.643851903e-24 mu2=-6.609406398e-24,5.349852784e-24,-3.728495345e-24 nhat=9.609067343e-01,5.447492178e-02,2.714603669e-01
301.711 MARGIN checkpoint=55 n=0.298498955 ratio=3034.503978 kepler_ratio=257.014339 over=0.084697 periapsis_over_rstar=93.436359 separation_over_rstar=4.131869 period=8.084504514e-18
304.103 ACTION checkpoint=56 t=1.867434799e-10 a_over_apair=0.088445244 n=0.297397450 Jphi_over_h=0.123127799 Jr_over_h=0.174269652 e=0.910268845 eps=-2.70562490315612305e+13 L=2.85084283605644459e-05 mu1=-4.754296650e-24,1.810193133e-24,-7.767027711e-24 mu2=-6.219119186e-24,5.215725002e-24,-4.508394896e-24 nhat=-4.266942298e-02,1.379333758e-01,9.895219574e-01
304.103 MARGIN checkpoint=56 n=0.297397450 ratio=2853.493866 kepler_ratio=256.065919 over=0.089738 periapsis_over_rstar=92.503954 separation_over_rstar=4.345509 period=7.995335393e-18
318.310 ACTION checkpoint=57 t=1.867435758e-10 a_over_apair=0.085019436 n=0.291580925 Jphi_over_h=0.121906174 Jr_over_h=0.169674751 e=0.908407023 eps=-2.81464645421796328e+13 L=2.82255790185551872e-05 mu1=-4.344079272e-24,-7.593640004e-26,-8.205489883e-24 mu2=-6.404923500e-24,5.591178884e-24,-3.731290517e-24 nhat=2.202909379e-01,-8.600460817e-01,4.602093437e-01
318.310 MARGIN checkpoint=57 n=0.291580925 ratio=2740.807950 kepler_ratio=251.057759 over=0.091600 periapsis_over_rstar=88.834272 separation_over_rstar=4.263876 period=7.535330256e-18
321.299 ACTION checkpoint=58 t=1.867436738e-10 a_over_apair=0.084340437 n=0.290414251 Jphi_over_h=0.122000332 Jr_over_h=0.168413919 e=0.907482113 eps=-2.83730629516756562e+13 L=2.82473800603582721e-05 mu1=-3.638698111e-24,1.829683685e-24,-8.343799431e-24 mu2=-7.115989422e-24,4.692038051e-24,-3.681620397e-24 nhat=8.452427249e-01,3.790703249e-01,3.766569060e-01
321.299 MARGIN checkpoint=58 n=0.290414251 ratio=2702.551573 kepler_ratio=250.053226 over=0.092525 periapsis_over_rstar=88.082097 separation_over_rstar=4.272535 period=7.445240575e-18
332.689 ACTION checkpoint=59 t=1.867437631e-10 a_over_apair=0.080939757 n=0.284499134 Jphi_over_h=0.117570561 Jr_over_h=0.166928573 e=0.910615549 eps=-2.95651558253025195e+13 L=2.72217318584132368e-05 mu1=-5.295600597e-24,9.429589417e-25,-7.567978464e-24 mu2=-6.610457155e-24,4.988116852e-24,-4.198499941e-24 nhat=-1.154898605e-01,-1.493586607e-01,9.820153169e-01
332.689 MARGIN checkpoint=59 n=0.284499134 ratio=2740.283678 kepler_ratio=244.960177 over=0.089392 periapsis_over_rstar=84.669409 separation_over_rstar=3.961441 period=6.999512758e-18
335.948 ACTION checkpoint=60 t=1.867438471e-10 a_over_apair=0.080263853 n=0.283308759 Jphi_over_h=0.119415719 Jr_over_h=0.163893040 e=0.906826635 eps=-2.98141249905581016e+13 L=2.76489508979426316e-05 mu1=-3.773291764e-24,-4.458205954e-26,-8.483344681e-24 mu2=-7.106504568e-24,4.969725860e-24,-3.317570344e-24 nhat=7.965503689e-01,-5.840224304e-01,1.562859898e-01
335.948 MARGIN checkpoint=60 n=0.283308759 ratio=2617.863860 kepler_ratio=243.935237 over=0.093181 periapsis_over_rstar=83.795855 separation_over_rstar=4.094858 period=6.912019683e-18
339.233 ACTION checkpoint=61 t=1.867439369e-10 a_over_apair=0.079624958 n=0.282178948 Jphi_over_h=0.117187711 Jr_over_h=0.164991237 e=0.909686462 eps=-3.00533473488209297e+13 L=2.71330885342412507e-05 mu1=-4.969101143e-24,1.489663381e-24,-7.700376102e-24 mu2=-7.231268791e-24,4.229845316e-24,-4.003000817e-24 nhat=3.191079826e-01,4.502081208e-01,8.339560800e-01
339.233 MARGIN checkpoint=61 n=0.282178948 ratio=2689.972293 kepler_ratio=242.962444 over=0.090322 periapsis_over_rstar=83.253521 separation_over_rstar=3.937603 period=6.829655406e-18
341.647 ACTION checkpoint=62 t=1.867440189e-10 a_over_apair=0.079033752 n=0.281129421 Jphi_over_h=0.120575723 Jr_over_h=0.160553698 e=0.903353133 eps=-3.02781595127115156e+13 L=2.79175327675222381e-05 mu1=-5.310474948e-24,-4.623641123e-25,-7.602100402e-24 mu2=-7.015690529e-24,4.887649006e-24,-3.619092272e-24 nhat=6.124327210e-02,-7.282617474e-01,6.825570225e-01
341.647 MARGIN checkpoint=62 n=0.281129421 ratio=2504.371223 kepler_ratio=242.058778 over=0.096655 periapsis_over_rstar=82.361319 separation_over_rstar=4.182405 period=6.753732559e-18
352.751 ACTION checkpoint=63 t=1.867440999e-10 a_over_apair=0.076026332 n=0.275728729 Jphi_over_h=0.120603001 Jr_over_h=0.155125729 e=0.899268372 eps=-3.14758908582667383e+13 L=2.79238485772242458e-05 mu1=-4.006909741e-24,8.531999071e-25,-8.332081344e-24 mu2=-7.717413683e-24,4.045991250e-24,-3.205984424e-24 nhat=9.564829792e-01,2.369051186e-01,1.703416427e-01
352.751 MARGIN checkpoint=63 n=0.275728729 ratio=2356.656990 kepler_ratio=237.408661 over=0.100740 periapsis_over_rstar=79.057249 separation_over_rstar=4.193296 period=6.371930377e-18
361.063 ACTION checkpoint=64 t=1.867441892e-10 a_over_apair=0.074501410 n=0.272949464 Jphi_over_h=0.119211479 Jr_over_h=0.153737985 e=0.899581500 eps=-3.21201509328556133e+13 L=2.76016621941563532e-05 mu1=-5.794142828e-24,3.928468186e-25,-7.244338171e-24 mu2=-7.356151761e-24,4.060687078e-24,-3.950279358e-24 nhat=-4.220264755e-03,2.474771221e-02,9.996848204e-01
361.063 MARGIN checkpoint=64 n=0.272949464 ratio=2340.168326 kepler_ratio=235.015651 over=0.100427 periapsis_over_rstar=77.484306 separation_over_rstar=4.096430 period=6.181184429e-18
364.153 ACTION checkpoint=65 t=1.867442695e-10 a_over_apair=0.073868111 n=0.271786885 Jphi_over_h=0.118428179 Jr_over_h=0.153358705 e=0.900073005 eps=-3.23955291973642461e+13 L=2.74203006802125551e-05 mu1=-4.310372239e-24,-6.838311831e-25,-8.195115701e-24 mu2=-7.767944214e-24,4.136975290e-24,-2.958265271e-24 nhat=8.577045362e-01,-4.993788744e-01,1.223260738e-01
364.153 MARGIN checkpoint=65 n=0.271786885 ratio=2341.657043 kepler_ratio=234.014643 over=0.099935 periapsis_over_rstar=76.845528 separation_over_rstar=4.041737 period=6.102537402e-18
367.326 ACTION checkpoint=66 t=1.867443488e-10 a_over_apair=0.073327402 n=0.270790329 Jphi_over_h=0.114644456 Jr_over_h=0.156145872 e=0.905956944 eps=-3.26344104438567578e+13 L=2.65442353549211551e-05 mu1=-5.649413186e-24,6.686181148e-25,-7.337842718e-24 mu2=-7.836449790e-24,3.417119830e-24,-3.622181943e-24 nhat=2.887628824e-01,4.578167090e-01,8.408447293e-01
367.326 MARGIN checkpoint=66 n=0.270790329 ratio=2479.013715 kepler_ratio=233.156586 over=0.094052 periapsis_over_rstar=76.519250 separation_over_rstar=3.775951 period=6.035655049e-18
369.716 ACTION checkpoint=67 t=1.867444213e-10 a_over_apair=0.072755026 n=0.269731396 Jphi_over_h=0.118728951 Jr_over_h=0.151002445 e=0.897912126 eps=-3.28911508741660078e+13 L=2.74899398571131467e-05 mu1=-5.411037923e-24,-1.370217106e-24,-7.419570672e-24 mu2=-7.764091832e-24,4.044618830e-24,-3.093023088e-24 nhat=3.539811207e-01,-7.675316370e-01,5.344086005e-01
369.716 MARGIN checkpoint=67 n=0.269731396 ratio=2274.758671 kepler_ratio=232.244821 over=0.102096 periapsis_over_rstar=75.601502 separation_over_rstar=4.066914 period=5.965123824e-18
377.257 ACTION checkpoint=68 t=1.867444988e-10 a_over_apair=0.071124674 n=0.266692097 Jphi_over_h=0.119909657 Jr_over_h=0.146782440 e=0.893220775 eps=-3.36450965399000430e+13 L=2.77633149417729393e-05 mu1=-5.067450666e-24,5.392778470e-25,-7.761248509e-24 mu2=-8.284248203e-24,2.947287107e-24,-2.981876204e-24 nhat=7.378725233e-01,5.915512789e-01,3.249788052e-01
377.257 MARGIN checkpoint=68 n=0.266692097 ratio=2150.318417 kepler_ratio=229.627916 over=0.106788 periapsis_over_rstar=73.724676 separation_over_rstar=4.158470 period=5.765744585e-18
386.411 ACTION checkpoint=69 t=1.867445795e-10 a_over_apair=0.069695863 n=0.263999741 Jphi_over_h=0.117996385 Jr_over_h=0.146003356 e=0.894555721 eps=-3.43348432647146953e+13 L=2.73203250732655564e-05 mu1=-6.188755310e-24,-1.023883032e-24,-6.845277680e-24 mu2=-7.906794707e-24,3.506539509e-24,-3.375445661e-24 nhat=6.475157358e-02,-3.683550527e-01,9.274275114e-01
386.411 MARGIN checkpoint=69 n=0.263999741 ratio=2155.547230 kepler_ratio=227.309737 over=0.105453 periapsis_over_rstar=72.294575 separation_over_rstar=4.024008 period=5.592879522e-18
389.260 ACTION checkpoint=70 t=1.867446578e-10 a_over_apair=0.069148257 n=0.262960562 Jphi_over_h=0.116570045 Jr_over_h=0.146390517 e=0.896374010 eps=-3.46067513288088828e+13 L=2.69900769851802723e-05 mu1=-4.827630676e-24,-2.169139883e-25,-7.928037945e-24 mu2=-8.468319201e-24,2.861338097e-24,-2.511407868e-24 nhat=9.537114270e-01,2.981953624e-01,3.891066631e-02
389.260 MARGIN checkpoint=70 n=0.262960562 ratio=2184.726746 kepler_ratio=226.414980 over=0.103635 periapsis_over_rstar=71.795389 separation_over_rstar=3.923563 period=5.527093603e-18
392.838 ACTION checkpoint=71 t=1.867447297e-10 a_over_apair=0.068545406 n=0.261811776 Jphi_over_h=0.114389287 Jr_over_h=0.147422490 e=0.899503179 eps=-3.49111146965491523e+13 L=2.64851545700041533e-05 mu1=-6.402861382e-24,-1.045153426e-24,-6.642128854e-24 mu2=-8.153346764e-24,3.054720703e-24,-3.224666379e-24 nhat=8.146316167e-02,-1.772521706e-01,9.807881633e-01
392.838 MARGIN checkpoint=71 n=0.261811776 ratio=2242.895167 kepler_ratio=225.425850 over=0.100507 periapsis_over_rstar=71.286895 separation_over_rstar=3.771937 period=5.454971604e-18
395.407 ACTION checkpoint=72 t=1.867447952e-10 a_over_apair=0.068058443 n=0.260880131 Jphi_over_h=0.117117665 Jr_over_h=0.143762466 e=0.893565489 eps=-3.51609064516437539e+13 L=2.71168702996422918e-05 mu1=-4.835998568e-24,-1.363347883e-24,-7.807768931e-24 mu2=-8.546899854e-24,2.782375855e-24,-2.327174844e-24 nhat=9.809393378e-01,-1.941149786e-01,8.797193932e-03
395.407 MARGIN checkpoint=72 n=0.260880131 ratio=2110.252665 kepler_ratio=224.623682 over=0.106444 periapsis_over_rstar=70.559202 separation_over_rstar=3.966381 period=5.396944773e-18
397.971 ACTION checkpoint=73 t=1.867448761e-10 a_over_apair=0.067607055 n=0.260013568 Jphi_over_h=0.119628406 Jr_over_h=0.140385161 e=0.887874747 eps=-3.53956628362113438e+13 L=2.76981955465294878e-05 mu1=-6.493299653e-24,-7.724535022e-25,-6.591451318e-24 mu2=-8.452630659e-24,2.202141100e-24,-3.148089071e-24 nhat=1.713860789e-01,3.372474637e-01,9.256840499e-01
397.971 MARGIN checkpoint=73 n=0.260013568 ratio=1996.510624 kepler_ratio=223.877552 over=0.112134 periapsis_over_rstar=69.880583 separation_over_rstar=4.150709 period=5.343342266e-18
412.215 ACTION checkpoint=74 t=1.867449509e-10 a_over_apair=0.065187613 n=0.255318649 Jphi_over_h=0.116390391 Jr_over_h=0.138928259 e=0.890049826 eps=-3.67093752064278594e+13 L=2.69484807462308121e-05 mu1=-5.076412504e-24,-1.959540459e-24,-7.523103918e-24 mu2=-8.698928500e-24,2.462525497e-24,-2.114584214e-24 nhat=9.452310926e-01,-3.239690434e-01,3.977738670e-02
412.215 MARGIN checkpoint=74 n=0.255318649 ratio=1999.224466 kepler_ratio=219.835121 over=0.109960 periapsis_over_rstar=67.457409 separation_over_rstar=3.924569 period=5.059092018e-18
415.196 ACTION checkpoint=75 t=1.867450217e-10 a_over_apair=0.064750408 n=0.254461015 Jphi_over_h=0.112128127 Jr_over_h=0.142332888 e=0.897679224 eps=-3.69572425755783047e+13 L=2.59616163996247974e-05 mu1=-6.632888497e-24,-1.175668568e-24,-6.389792554e-24 mu2=-8.640654284e-24,1.889239667e-24,-2.824309174e-24 nhat=2.051423479e-01,3.156898866e-01,9.264213472e-01
415.196 MARGIN checkpoint=75 n=0.254461015 ratio=2141.046121 kepler_ratio=219.096678 over=0.102332 periapsis_over_rstar=67.275454 separation_over_rstar=3.627802 period=5.008281454e-18
417.626 ACTION checkpoint=76 t=1.867450818e-10 a_over_apair=0.064261418 n=0.253498359 Jphi_over_h=0.116167059 Jr_over_h=0.137331300 e=0.888820424 eps=-3.72384645192058984e+13 L=2.68967715087610126e-05 mu1=-5.346343554e-24,-2.546997365e-24,-7.150962893e-24 mu2=-8.803273870e-24,2.190366353e-24,-1.977756224e-24 nhat=8.696890074e-01,-4.707589962e-01,1.484149518e-01
417.626 MARGIN checkpoint=76 n=0.253498359 ratio=1963.020222 kepler_ratio=218.267810 over=0.111190 periapsis_over_rstar=66.455709 separation_over_rstar=3.912069 period=4.951655481e-18
421.902 ACTION checkpoint=77 t=1.867451363e-10 a_over_apair=0.038044774 n=0.195050697 Jphi_over_h=0.115160665 Jr_over_h=0.079890032 e=0.807100545 eps=-6.28994805272586875e+13 L=2.66637558595883343e-05 mu1=-6.355748939e-24,-2.838364911e-24,-6.144509364e-24 mu2=-8.779324807e-24,1.976637579e-24,-2.285435428e-24 nhat=3.936697098e-01,-5.109619138e-01,7.641610316e-01
421.902 MARGIN checkpoint=77 n=0.195050697 ratio=870.541328 kepler_ratio=167.943053 over=0.192918 periapsis_over_rstar=37.641650 separation_over_rstar=4.018454 period=2.255628016e-18
425.377 ACTION checkpoint=78 t=1.867451950e-10 a_over_apair=0.037890823 n=0.194655653 Jphi_over_h=0.114514930 Jr_over_h=0.080140723 e=0.808646460 eps=-6.31550418459567734e+13 L=2.65142454844938342e-05 mu1=-6.525338551e-24,-3.026416351e-24,-5.870912718e-24 mu2=-8.890965474e-24,1.631197885e-24,-2.120561641e-24 nhat=3.684240075e-01,-4.395514659e-01,8.191814570e-01
425.377 MARGIN checkpoint=78 n=0.194655653 ratio=875.795019 kepler_ratio=167.602912 over=0.191372 periapsis_over_rstar=37.521401 separation_over_rstar=3.970128 period=2.241950540e-18
431.834 ACTION checkpoint=79 t=1.867452443e-10 a_over_apair=0.037386547 n=0.193356011 Jphi_over_h=0.115532071 Jr_over_h=0.077823939 e=0.801861763 eps=-6.40068885850571562e+13 L=2.67497494703410070e-05 mu1=-6.921926529e-24,-2.279916172e-24,-5.752892372e-24 mu2=-8.997796556e-24,6.526709451e-25,-2.195571236e-24 nhat=2.295154442e-01,3.691061988e-01,9.006016183e-01
431.834 MARGIN checkpoint=79 n=0.193356011 ratio=840.161495 kepler_ratio=166.483890 over=0.198157 periapsis_over_rstar=36.883162 separation_over_rstar=4.056170 period=2.197343704e-18
437.940 ACTION checkpoint=80 t=1.867452970e-10 a_over_apair=0.036901456 n=0.192097516 Jphi_over_h=0.112721242 Jr_over_h=0.079376274 e=0.809737867 eps=-6.48482962791878047e+13 L=2.60989435083520302e-05 mu1=-6.904614113e-24,-2.263105221e-24,-5.780269370e-24 mu2=-9.098443205e-24,1.886846365e-25,-1.841082459e-24 nhat=2.912060493e-01,6.073855306e-01,7.391088243e-01
437.940 MARGIN checkpoint=80 n=0.192097516 ratio=869.237730 kepler_ratio=165.400298 over=0.190282 periapsis_over_rstar=36.563730 separation_over_rstar=3.844435 period=2.154716872e-18
440.517 ACTION checkpoint=81 t=1.867453466e-10 a_over_apair=0.036756822 n=0.191720688 Jphi_over_h=0.114406157 Jr_over_h=0.077314530 e=0.802439485 eps=-6.51034664663124141e+13 L=2.64890607421802371e-05 mu1=-6.583824337e-24,-2.225090026e-24,-6.157035549e-24 mu2=-9.211166356e-24,-2.963290382e-25,-1.128476291e-24 nhat=4.908173146e-01,8.443053582e-01,2.150507518e-01
440.517 MARGIN checkpoint=81 n=0.191720688 ratio=835.488702 kepler_ratio=165.075840 over=0.197580 periapsis_over_rstar=36.273543 separation_over_rstar=3.976237 period=2.142061315e-18
447.153 ACTION checkpoint=82 t=1.867453937e-10 a_over_apair=0.036229201 n=0.190339700 Jphi_over_h=0.112664797 Jr_over_h=0.077674904 e=0.806000883 eps=-6.60515948504080391e+13 L=2.60858742938925307e-05 mu1=-6.098317022e-24,-2.689990221e-24,-6.463848497e-24 mu2=-9.252181437e-24,-3.288892687e-25,-7.041489728e-25 nhat=7.491846585e-01,6.491794714e-01,-1.314852134e-01
447.153 MARGIN checkpoint=82 n=0.190339700 ratio=844.692609 kepler_ratio=163.886779 over=0.194019 periapsis_over_rstar=35.823502 separation_over_rstar=3.848534 period=2.096105346e-18
450.302 ACTION checkpoint=83 t=1.867454461e-10 a_over_apair=0.036091661 n=0.189978053 Jphi_over_h=0.113098354 Jr_over_h=0.076879699 e=0.803486288 eps=-6.63033091678803047e+13 L=2.61862581744587603e-05 mu1=-5.939489060e-24,-3.190227661e-24,-6.383711495e-24 mu2=-9.260630146e-24,-5.426478065e-25,-3.913028631e-25 nhat=8.255559269e-01,5.099329833e-01,-2.417142198e-01
450.303 MARGIN checkpoint=83 n=0.189978053 ratio=832.300811 kepler_ratio=163.575393 over=0.196534 periapsis_over_rstar=35.637812 separation_over_rstar=3.883612 period=2.084180180e-18
456.953 ACTION checkpoint=84 t=1.867454920e-10 a_over_apair=0.035598510 n=0.188675673 Jphi_over_h=0.112406226 Jr_over_h=0.076269448 e=0.803159342 eps=-6.72218180585910938e+13 L=2.60260059725372954e-05 mu1=-5.691726264e-24,-3.927982742e-24,-6.195325576e-24 mu2=-9.258565684e-24,-6.634233695e-25,-2.137432550e-25 nhat=9.469074430e-01,2.165996724e-01,-2.375939316e-01
456.953 MARGIN checkpoint=84 n=0.188675673 ratio=825.219972 kepler_ratio=162.454014 over=0.196861 periapsis_over_rstar=35.144490 separation_over_rstar=3.836930 period=2.041609543e-18
459.566 ACTION checkpoint=85 t=1.867455430e-10 a_over_apair=0.035457629 n=0.188301963 Jphi_over_h=0.112386290 Jr_over_h=0.075915673 e=0.802359699 eps=-6.74889042725656250e+13 L=2.60213901259168082e-05 mu1=-5.634962863e-24,-4.354917653e-24,-5.957242739e-24 mu2=-9.239425982e-24,-9.164317153e-25,3.963060511e-27 nhat=9.645718656e-01,1.331768555e-01,-2.277389761e-01
459.566 MARGIN checkpoint=85 n=0.188301963 ratio=820.253197 kepler_ratio=162.132241 over=0.197661 periapsis_over_rstar=34.989882 separation_over_rstar=3.837271 period=2.029502088e-18
463.045 ACTION checkpoint=86 t=1.867455897e-10 a_over_apair=0.035301125 n=0.187885936 Jphi_over_h=0.111690464 Jr_over_h=0.076195472 e=0.804126007 eps=-6.77881100569638672e+13 L=2.58602818742421376e-05 mu1=-5.567929926e-24,-4.850880875e-24,-5.627962896e-24 mu2=-9.210047947e-24,-1.162342935e-24,1.755875625e-25 nhat=9.881355210e-01,1.336076674e-02,-1.530022286e-01
463.045 MARGIN checkpoint=86 n=0.187885936 ratio=825.819138 kepler_ratio=161.774032 over=0.195895 periapsis_over_rstar=34.869581 separation_over_rstar=3.786202 period=2.016080084e-18
465.774 ACTION checkpoint=87 t=1.867456381e-10 a_over_apair=0.035155950 n=0.187499199 Jphi_over_h=0.111982847 Jr_over_h=0.075516352 e=0.802059303 eps=-6.80680387123454609e+13 L=2.59279788118016007e-05 mu1=-5.509921166e-24,-5.166764080e-24,-5.399275226e-24 mu2=-9.160232575e-24,-1.463074146e-24,3.954851299e-25 nhat=9.889259101e-01,6.031704728e-03,-1.482874335e-01
465.774 MARGIN checkpoint=87 n=0.187499199 ratio=815.515551 kepler_ratio=161.441043 over=0.197962 periapsis_over_rstar=34.686401 separation_over_rstar=3.810411 period=2.003656236e-18
469.038 ACTION checkpoint=88 t=1.867456841e-10 a_over_apair=0.035001121 n=0.187085866 Jphi_over_h=0.110876975 Jr_over_h=0.076208891 e=0.805457995 eps=-6.83691392725408594e+13 L=2.56719304449984381e-05 mu1=-5.493296704e-24,-5.667785678e-24,-4.889453151e-24 mu2=-9.122955992e-24,-1.656864228e-24,4.830426132e-25 nhat=9.881512775e-01,-1.431306264e-01,5.541368475e-02
469.038 MARGIN checkpoint=88 n=0.187085866 ratio=827.930059 kepler_ratio=161.085154 over=0.194564 periapsis_over_rstar=34.598771 separation_over_rstar=3.728509 period=1.990434541e-18
471.644 ACTION checkpoint=89 t=1.867457299e-10 a_over_apair=0.034857101 n=0.186700566 Jphi_over_h=0.110858237 Jr_over_h=0.075842329 e=0.804630697 eps=-6.86516214916918516e+13 L=2.56675920960814607e-05 mu1=-5.387201138e-24,-5.860380740e-24,-4.779210893e-24 mu2=-9.035233869e-24,-1.991618562e-24,7.777272682e-25 nhat=9.966703287e-01,-7.401500577e-02,-3.420577047e-02
471.644 MARGIN checkpoint=89 n=0.186700566 ratio=822.726206 kepler_ratio=160.753402 over=0.195391 periapsis_over_rstar=34.440618 separation_over_rstar=3.728958 period=1.978162065e-18
475.419 ACTION checkpoint=90 t=1.867457734e-10 a_over_apair=0.034683216 n=0.186234304 Jphi_over_h=0.110127790 Jr_over_h=0.076106514 e=0.806422360 eps=-6.89958089602481406e+13 L=2.54984678179614209e-05 mu1=-5.451069578e-24,-6.274597564e-24,-4.137888488e-24 mu2=-8.982742380e-24,-2.216082643e-24,7.785706935e-25 nhat=9.456804586e-01,-1.672415049e-01,2.787808264e-01
475.419 MARGIN checkpoint=90 n=0.186234304 ratio=828.264836 kepler_ratio=160.351940 over=0.193600 periapsis_over_rstar=34.302832 separation_over_rstar=3.676340 period=1.963378368e-18
477.824 ACTION checkpoint=91 t=1.867458186e-10 a_over_apair=0.034551223 n=0.185879593 Jphi_over_h=0.110259851 Jr_over_h=0.075619742 e=0.805070680 eps=-6.92593873837715312e+13 L=2.55290445945994118e-05 mu1=-5.338404814e-24,-6.493167440e-24,-3.942976783e-24 mu2=-8.890544706e-24,-2.480739955e-24,1.005484653e-24 nhat=9.540160710e-01,-1.444384053e-01,2.626611571e-01
477.824 MARGIN checkpoint=91 n=0.185879593 ratio=820.955294 kepler_ratio=160.046526 over=0.194952 periapsis_over_rstar=34.146717 separation_over_rstar=3.687920 period=1.952181081e-18
481.356 ACTION checkpoint=92 t=1.867458615e-10 a_over_apair=0.034368131 n=0.185386436 Jphi_over_h=0.109412290 Jr_over_h=0.075974146 e=0.807268042 eps=-6.96283589842250938e+13 L=2.53328042064106028e-05 mu1=-5.204132766e-24,-6.724634176e-24,-3.728693152e-24 mu2=-8.764209571e-24,-2.790822200e-24,1.267595094e-24 nhat=9.646422582e-01,-1.067619867e-01,2.409713507e-01
481.356 MARGIN checkpoint=92 n=0.185386436 ratio=828.109270 kepler_ratio=159.621906 over=0.192755 periapsis_over_rstar=34.007116 separation_over_rstar=3.627038 period=1.936684286e-18
485.559 ACTION checkpoint=93 t=1.867459022e-10 a_over_apair=0.034214946 n=0.184972826 Jphi_over_h=0.109674329 Jr_over_h=0.075298497 e=0.805260410 eps=-6.99400930915562266e+13 L=2.53934756037324554e-05 mu1=-5.447121748e-24,-6.847028970e-24,-3.107074865e-24 mu2=-8.672097898e-24,-3.111456951e-24,1.149090496e-24 nhat=7.971933985e-01,-9.101311220e-03,6.036554079e-01
485.559 MARGIN checkpoint=93 n=0.184972826 ratio=817.744399 kepler_ratio=159.265779 over=0.194762 periapsis_over_rstar=33.817932 separation_over_rstar=3.648481 period=1.923750560e-18
488.341 ACTION checkpoint=94 t=1.867459445e-10 a_over_apair=0.034047478 n=0.184519587 Jphi_over_h=0.109254523 Jr_over_h=0.075265064 e=0.805862604 eps=-7.02841052694169297e+13 L=2.52962757497987542e-05 mu1=-5.213124924e-24,-7.087674854e-24,-2.965644780e-24 mu2=-8.547015734e-24,-3.318906932e-24,1.462953894e-24 nhat=8.534250021e-01,-2.549268797e-02,5.205918638e-01
488.341 MARGIN checkpoint=94 n=0.184519587 ratio=818.269559 kepler_ratio=158.875530 over=0.194160 periapsis_over_rstar=33.663632 separation_over_rstar=3.619403 period=1.909643889e-18
494.995 ACTION checkpoint=95 t=1.867459808e-10 a_over_apair=0.033508702 n=0.183053822 Jphi_over_h=0.107242227 Jr_over_h=0.075811595 e=0.810418932 eps=-7.14141826202498906e+13 L=2.48303581705348310e-05 mu1=-5.557914615e-24,-6.992349931e-24,-2.534459085e-24 mu2=-8.317590077e-24,-3.867720361e-24,1.437111613e-24 nhat=5.793800753e-01,2.975341737e-01,7.588096888e-01
494.995 MARGIN checkpoint=95 n=0.183053822 ratio=831.271746 kepler_ratio=157.613473 over=0.189605 periapsis_over_rstar=33.214522 separation_over_rstar=3.478558 period=1.864495604e-18
497.446 ACTION checkpoint=96 t=1.867460200e-10 a_over_apair=0.033354367 n=0.182631781 Jphi_over_h=0.110884851 Jr_over_h=0.071746930 e=0.794587384 eps=-7.17446234124468125e+13 L=2.56737540550536710e-05 mu1=-5.603449076e-24,-7.015027756e-24,-2.365924620e-24 mu2=-8.119713390e-24,-4.236974875e-24,1.524845451e-24 nhat=4.417759035e-01,4.558926722e-01,7.726551123e-01
497.446 MARGIN checkpoint=96 n=0.182631781 ratio=765.447207 kepler_ratio=157.250087 over=0.205436 periapsis_over_rstar=32.772430 separation_over_rstar=3.751627 period=1.851629229e-18
504.007 ACTION checkpoint=97 t=1.867460589e-10 a_over_apair=0.032849249 n=0.181243618 Jphi_over_h=0.105985799 Jr_over_h=0.075257818 e=0.811199264 eps=-7.28478310169293281e+13 L=2.45394508850502908e-05 mu1=-5.381831386e-24,-7.250684970e-24,-2.161090853e-24 mu2=-7.959480956e-24,-4.410271382e-24,1.844728846e-24 nhat=4.924859349e-01,4.443508116e-01,7.483381322e-01
504.007 MARGIN checkpoint=97 n=0.181243618 ratio=826.448049 kepler_ratio=156.054846 over=0.188826 periapsis_over_rstar=32.574893 separation_over_rstar=3.396084 period=1.809727268e-18
506.597 ACTION checkpoint=98 t=1.867460914e-10 a_over_apair=0.032696081 n=0.180820576 Jphi_over_h=0.109494087 Jr_over_h=0.071326489 e=0.795814890 eps=-7.31890945169535312e+13 L=2.53517431481581285e-05 mu1=-5.680312184e-24,-6.954416994e-24,-2.361565803e-24 mu2=-7.446952453e-24,-5.070471970e-24,2.245009674e-24 nhat=7.752319663e-02,9.002461728e-01,4.284238350e-01
506.597 MARGIN checkpoint=98 n=0.180820576 ratio=762.407705 kepler_ratio=155.690598 over=0.204209 periapsis_over_rstar=32.147602 separation_over_rstar=3.655629 period=1.797084536e-18
515.370 ACTION checkpoint=99 t=1.867461274e-10 a_over_apair=0.032181056 n=0.179390792 Jphi_over_h=0.108323757 Jr_over_h=0.071067034 e=0.797103767 eps=-7.43604100697083125e+13 L=2.50807706283421965e-05 mu1=-5.566480759e-24,-7.048228874e-24,-2.354488686e-24 mu2=-7.238431468e-24,-5.249769349e-24,2.500377360e-24 nhat=3.112912644e-02,9.506353148e-01,3.087450012e-01
515.370 MARGIN checkpoint=99 n=0.179390792 ratio=761.180105 kepler_ratio=154.459522 over=0.202921 periapsis_over_rstar=31.663927 separation_over_rstar=3.575353 period=1.754791024e-18
517.963 ACTION checkpoint=100 t=1.867461660e-10 a_over_apair=0.032049884 n=0.179024814 Jphi_over_h=0.104495031 Jr_over_h=0.074529783 e=0.811976440 eps=-7.46647487909619219e+13 L=2.41942854234069544e-05 mu1=-5.317341369e-24,-7.344050433e-24,-1.999414734e-24 mu2=-7.032001670e-24,-5.418457863e-24,2.719948928e-24 nhat=5.426038945e-02,9.193450524e-01,3.896928083e-01
517.963 MARGIN checkpoint=100 n=0.179024814 ratio=819.698432 kepler_ratio=154.144406 over=0.188050 periapsis_over_rstar=31.795842 separation_over_rstar=3.299829 period=1.744072989e-18
520.595 ACTION checkpoint=101 t=1.867461974e-10 a_over_apair=0.031862318 n=0.178500191 Jphi_over_h=0.109183307 Jr_over_h=0.069316883 e=0.791112606 eps=-7.51042825119638750e+13 L=2.52797867063139778e-05 mu1=-5.219690012e-24,-7.321629018e-24,-2.314182357e-24 mu2=-6.664540355e-24,-5.634220629e-24,3.169592250e-24 nhat=-8.118463707e-02,9.966896148e-01,-4.343558617e-03
520.595 MARGIN checkpoint=101 n=0.178500191 ratio=735.680646 kepler_ratio=153.692694 over=0.208912 periapsis_over_rstar=31.245795 separation_over_rstar=3.644455 period=1.728785121e-18
526.897 ACTION checkpoint=102 t=1.867462337e-10 a_over_apair=0.031398599 n=0.177196498 Jphi_over_h=0.106074151 Jr_over_h=0.071122346 e=0.801029836 eps=-7.62134816173441719e+13 L=2.45599074906880474e-05 mu1=-5.034031204e-24,-7.525268476e-24,-2.058086365e-24 mu2=-6.476266876e-24,-5.779911192e-24,3.295064374e-24 nhat=-8.472860726e-02,9.944824193e-01,6.185289698e-02
526.897 MARGIN checkpoint=102 n=0.177196498 ratio=766.697083 kepler_ratio=152.570185 over=0.198997 periapsis_over_rstar=30.961536 separation_over_rstar=3.420956 period=1.691182071e-18
529.307 ACTION checkpoint=103 t=1.867462692e-10 a_over_apair=0.031265433 n=0.176820342 Jphi_over_h=0.105375088 Jr_over_h=0.071445254 e=0.803025717 eps=-7.65380896564204375e+13 L=2.43980496438876937e-05 mu1=-4.810525853e-24,-7.740092120e-24,-1.776702074e-24 mu2=-6.166486264e-24,-5.970946964e-24,3.539646138e-24 nhat=-1.293271276e-01,9.882855883e-01,8.103141397e-02
529.307 MARGIN checkpoint=103 n=0.176820342 ratio=772.819010 kepler_ratio=152.246306 over=0.197001 periapsis_over_rstar=30.864390 separation_over_rstar=3.372289 period=1.680434701e-18
533.122 ACTION checkpoint=104 t=1.867462994e-10 a_over_apair=0.031049549 n=0.176208821 Jphi_over_h=0.107844061 Jr_over_h=0.068364760 e=0.790839043 eps=-7.70702517879555156e+13 L=2.49697039549354282e-05 mu1=-4.584321001e-24,-7.821752037e-24,-2.002760922e-24 mu2=-5.886321328e-24,-6.063951060e-24,3.845331460e-24 nhat=-1.531970444e-01,9.704525374e-01,-1.864203266e-01
533.122 MARGIN checkpoint=104 n=0.176208821 ratio=725.282650 kepler_ratio=151.719773 over=0.209187 periapsis_over_rstar=30.444102 separation_over_rstar=3.556162 period=1.663059938e-18
536.862 ACTION checkpoint=105 t=1.867463360e-10 a_over_apair=0.030924794 n=0.175854469 Jphi_over_h=0.104492948 Jr_over_h=0.071361520 e=0.804316389 eps=-7.73811628457220000e+13 L=2.41938031863041787e-05 mu1=-4.386925242e-24,-8.041769645e-24,-1.513830628e-24 mu2=-5.653468941e-24,-6.250617352e-24,3.895500858e-24 nhat=-1.762836868e-01,9.837574584e-01,3.384264914e-02
536.862 MARGIN checkpoint=105 n=0.175854469 ratio=773.663365 kepler_ratio=151.414668 over=0.195711 periapsis_over_rstar=30.549973 separation_over_rstar=3.313707 period=1.653046958e-18
539.342 ACTION checkpoint=106 t=1.867463691e-10 a_over_apair=0.030773451 n=0.175423634 Jphi_over_h=0.106358987 Jr_over_h=0.069064647 e=0.795237582 eps=-7.77617208697035312e+13 L=2.46258570494549265e-05 mu1=-4.139534940e-24,-8.205058953e-24,-1.322162366e-24 mu2=-5.277785733e-24,-6.424528168e-24,4.132465468e-24 nhat=-2.380277036e-01,9.712038409e-01,1.029134240e-02
539.342 MARGIN checkpoint=106 n=0.175423634 ratio=737.556099 kepler_ratio=151.043709 over=0.204789 periapsis_over_rstar=30.247498 separation_over_rstar=3.450445 period=1.640927049e-18
545.912 ACTION checkpoint=107 t=1.867464003e-10 a_over_apair=0.030236024 n=0.173885088 Jphi_over_h=0.107195560 Jr_over_h=0.066689528 e=0.787375607 eps=-7.91438893072760781e+13 L=2.48195531334449012e-05 mu1=-3.900926861e-24,-8.340541676e-24,-1.193729222e-24 mu2=-5.006645228e-24,-6.571927956e-24,4.236758404e-24 nhat=-2.519892533e-01,9.674727015e-01,2.231564470e-02
545.912 MARGIN checkpoint=107 n=0.173885088 ratio=704.057553 kepler_ratio=149.718987 over=0.212652 periapsis_over_rstar=29.589105 separation_over_rstar=3.520341 period=1.598129563e-18
548.674 ACTION checkpoint=108 t=1.867464354e-10 a_over_apair=0.030114556 n=0.173535459 Jphi_over_h=0.102794327 Jr_over_h=0.070741133 e=0.805678223 eps=-7.94631196522152031e+13 L=2.38005123668650735e-05 mu1=-3.435161505e-24,-8.605191651e-24,-5.976599005e-25 mu2=-4.854776390e-24,-6.694733560e-24,4.221201730e-24 nhat=-9.816760297e-02,9.339441210e-01,3.436735377e-01
548.674 MARGIN checkpoint=108 n=0.173535459 ratio=768.804087 kepler_ratio=149.417948 over=0.194351 periapsis_over_rstar=29.772009 separation_over_rstar=3.204460 period=1.588508899e-18
551.132 ACTION checkpoint=109 t=1.867464640e-10 a_over_apair=0.029957266 n=0.173081675 Jphi_over_h=0.106997940 Jr_over_h=0.066083735 e=0.786026073 eps=-7.98803376020772656e+13 L=2.47737970602132937e-05 mu1=-3.340163954e-24,-8.633580934e-24,-7.151505339e-25 mu2=-4.343796816e-24,-6.824019657e-24,4.557525668e-24 nhat=-3.036037739e-01,9.473738725e-01,1.015258302e-01
551.132 MARGIN checkpoint=109 n=0.173081675 ratio=696.383891 kepler_ratio=149.027229 over=0.214002 periapsis_over_rstar=29.294177 separation_over_rstar=3.510027 period=1.576079902e-18
557.629 ACTION checkpoint=110 t=1.867464955e-10 a_over_apair=0.029459041 n=0.171636362 Jphi_over_h=0.106288323 Jr_over_h=0.065348039 e=0.785182371 eps=-8.12313118495522500e+13 L=2.46094957720329521e-05 mu1=-2.957637580e-24,-8.793034537e-24,-3.765353275e-25 mu2=-4.164658482e-24,-6.953080516e-24,4.529585669e-24 nhat=-2.019087362e-01,9.361965660e-01,2.876957630e-01
557.629 MARGIN checkpoint=110 n=0.171636362 ratio=687.854131 kepler_ratio=147.782783 over=0.214846 periapsis_over_rstar=28.793371 separation_over_rstar=3.465273 period=1.536925683e-18
561.309 ACTION checkpoint=111 t=1.867465278e-10 a_over_apair=0.029334434 n=0.171272980 Jphi_over_h=0.101803099 Jr_over_h=0.069469882 e=0.804176271 eps=-8.15763668091636250e+13 L=2.35710080851115006e-05 mu1=-2.350965982e-24,-8.982175267e-24,1.848506554e-26 mu2=-3.993395350e-24,-6.981877572e-24,4.638214572e-24 nhat=1.965840984e-02,8.919709985e-01,4.516650138e-01
561.309 MARGIN checkpoint=111 n=0.171272980 ratio=752.956456 kepler_ratio=147.469903 over=0.195854 periapsis_over_rstar=28.976638 separation_over_rstar=3.145593 period=1.527184579e-18
563.806 ACTION checkpoint=112 t=1.867465553e-10 a_over_apair=0.029172853 n=0.170800623 Jphi_over_h=0.107315612 Jr_over_h=0.063485011 e=0.777963678 eps=-8.20281974449510938e+13 L=2.48473493488757600e-05 mu1=-2.262434583e-24,-9.004868462e-24,2.426971169e-26 mu2=-3.478812251e-24,-7.145704504e-24,4.800377874e-24 nhat=-1.951612177e-01,9.163232104e-01,3.496625132e-01
563.806 MARGIN checkpoint=112 n=0.170800623 ratio=662.253864 kepler_ratio=147.063192 over=0.222065 periapsis_over_rstar=28.398350 separation_over_rstar=3.546906 period=1.514583832e-18
570.221 ACTION checkpoint=113 t=1.867465871e-10 a_over_apair=0.028714301 n=0.169452947 Jphi_over_h=0.104891144 Jr_over_h=0.064561803 e=0.785392055 eps=-8.33381424692751719e+13 L=2.42859996280313944e-05 mu1=-1.438829911e-24,-9.165849598e-24,3.518876447e-25 mu2=-3.558382560e-24,-7.082445974e-24,4.835672430e-24 nhat=2.644556112e-01,8.203440943e-01,5.070491067e-01
570.221 MARGIN checkpoint=113 n=0.169452947 ratio=679.762450 kepler_ratio=145.902813 over=0.214638 periapsis_over_rstar=28.068757 separation_over_rstar=3.374396 period=1.479014202e-18
576.109 ACTION checkpoint=114 t=1.867466152e-10 a_over_apair=0.028275292 n=0.168152586 Jphi_over_h=0.102225944 Jr_over_h=0.065926642 e=0.793986335 eps=-8.46320706926092656e+13 L=2.36689117773881261e-05 mu1=-9.934653447e-25,-9.219653484e-24,4.667671010e-25 mu2=-3.166318985e-24,-7.120545766e-24,5.047683365e-24 nhat=2.988512142e-01,8.316671772e-01,4.679932244e-01
576.109 MARGIN checkpoint=114 n=0.168152586 ratio=702.675596 kepler_ratio=144.783173 over=0.206046 periapsis_over_rstar=27.772665 separation_over_rstar=3.189787 period=1.445225509e-18
578.572 ACTION checkpoint=115 t=1.867466427e-10 a_over_apair=0.028133044 n=0.167729079 Jphi_over_h=0.106790789 Jr_over_h=0.060938290 e=0.771123004 eps=-8.50599939052415781e+13 L=2.47258343548084095e-05 mu1=-7.053934756e-25,-9.240236575e-24,5.721043226e-25 mu2=-2.860920456e-24,-7.216686832e-24,5.093272091e-24 nhat=2.771248527e-01,8.336221457e-01,4.777823083e-01
578.572 MARGIN checkpoint=115 n=0.167729079 ratio=630.905236 kepler_ratio=144.418523 over=0.228907 periapsis_over_rstar=27.280779 separation_over_rstar=3.525874 period=1.434333189e-18
584.946 ACTION checkpoint=116 t=1.867466728e-10 a_over_apair=0.027701728 n=0.166438362 Jphi_over_h=0.103842168 Jr_over_h=0.062596194 e=0.781498073 eps=-8.63843762719216094e+13 L=2.40431246788228148e-05 mu1=3.197282158e-25,-9.276845357e-24,2.115877436e-25 mu2=-2.716092434e-24,-6.896039388e-24,5.592346371e-24 nhat=7.408857094e-01,6.701551572e-01,4.450203127e-02
584.946 MARGIN checkpoint=116 n=0.166438362 ratio=655.766875 kepler_ratio=143.307187 over=0.218534 periapsis_over_rstar=27.019888 separation_over_rstar=3.314490 period=1.401474712e-18
593.269 ACTION checkpoint=117 t=1.867466994e-10 a_over_apair=0.027266307 n=0.165125125 Jphi_over_h=0.103489147 Jr_over_h=0.061635978 e=0.779235140 eps=-8.77638670922925469e+13 L=2.39613877235602380e-05 mu1=6.841982495e-25,-9.258267677e-24,1.523405572e-25 mu2=-2.301067998e-24,-6.925174267e-24,5.740548991e-24 nhat=7.154558868e-01,6.957758808e-01,-6.339398837e-02
593.269 MARGIN checkpoint=117 n=0.165125125 ratio=643.922552 kepler_ratio=142.176460 over=0.220797 periapsis_over_rstar=26.561402 separation_over_rstar=3.296186 period=1.368561890e-18
595.631 ACTION checkpoint=118 t=1.867467295e-10 a_over_apair=0.027160942 n=0.164805772 Jphi_over_h=0.103944602 Jr_over_h=0.060861169 e=0.776018845 eps=-8.81043265573054219e+13 L=2.40668417250742231e-05 mu1=6.542523989e-25,-9.237825053e-24,-6.643774215e-25 mu2=-1.660489301e-24,-6.743802332e-24,6.162041923e-24 nhat=3.644632510e-01,6.088937663e-01,-7.045671863e-01
595.631 MARGIN checkpoint=118 n=0.164805772 ratio=633.450151 kepler_ratio=141.901490 over=0.224014 periapsis_over_rstar=26.410932 separation_over_rstar=3.331276 period=1.360636806e-18
598.273 ACTION checkpoint=119 t=1.867467595e-10 a_over_apair=0.027045110 n=0.164453976 Jphi_over_h=0.104106687 Jr_over_h=0.060347289 e=0.774115397 eps=-8.84816705745903594e+13 L=2.41043699982561358e-05 mu1=-1.823621862e-25,-9.280698616e-24,-2.055054793e-25 mu2=-6.705630126e-25,-6.856307349e-24,6.224809239e-24 nhat=-5.811806383e-01,6.435387456e-01,-4.980832747e-01
598.273 MARGIN checkpoint=119 n=0.164453976 ratio=626.772059 kepler_ratio=141.598586 over=0.225917 periapsis_over_rstar=26.270113 separation_over_rstar=3.345256 period=1.351942118e-18
600.654 ACTION checkpoint=120 t=1.867467906e-10 a_over_apair=0.026946094 n=0.164152654 Jphi_over_h=0.100895530 Jr_over_h=0.063257124 e=0.788804229 eps=-8.88068060002372500e+13 L=2.33608739228110132e-05 mu1=4.612754791e-25,-9.226463324e-24,9.308355015e-25 mu2=-3.043868313e-25,-7.156851779e-24,5.907086976e-24 nhat=-4.511977829e-01,8.529492802e-01,2.624844491e-01
600.654 MARGIN checkpoint=120 n=0.164152654 ratio=669.123636 kepler_ratio=141.339141 over=0.211230 periapsis_over_rstar=26.390642 separation_over_rstar=3.116328 period=1.344524415e-18
603.101 ACTION checkpoint=121 t=1.867468161e-10 a_over_apair=0.026808318 n=0.163732459 Jphi_over_h=0.104612859 Jr_over_h=0.059119601 e=0.769268541 eps=-8.92632097884660469e+13 L=2.42215666386924094e-05 mu1=9.741804970e-25,-9.168319452e-24,1.095329201e-24 mu2=8.914512495e-26,-7.174680642e-24,5.892611145e-24 nhat=-3.733753988e-01,8.611068944e-01,3.450880002e-01
603.101 MARGIN checkpoint=121 n=0.163732459 ratio=610.915303 kepler_ratio=140.977344 over=0.230764 periapsis_over_rstar=25.968965 separation_over_rstar=3.387109 period=1.334225754e-18
609.241 ACTION checkpoint=122 t=1.867468428e-10 a_over_apair=0.026382061 n=0.162425554 Jphi_over_h=0.104936066 Jr_over_h=0.057489488 e=0.763289691 eps=-9.07054442694914844e+13 L=2.42964005357804620e-05 mu1=1.839216549e-24,-9.022744207e-24,1.189211810e-24 mu2=7.516927571e-27,-7.151449142e-24,5.921450324e-24 nhat=1.144415837e-01,9.192732007e-01,3.766163917e-01
609.241 MARGIN checkpoint=122 n=0.162425554 ratio=590.732558 kepler_ratio=139.852069 over=0.236743 periapsis_over_rstar=25.469693 separation_over_rstar=3.419621 period=1.302530905e-18
617.485 ACTION checkpoint=123 t=1.867468701e-10 a_over_apair=0.025978421 n=0.161178227 Jphi_over_h=0.102151269 Jr_over_h=0.059026958 e=0.773514717 eps=-9.21147803414480938e+13 L=2.36516218527457438e-05 mu1=2.841965195e-24,-8.825870885e-24,4.838307921e-25 mu2=2.272035063e-25,-6.705692342e-24,6.417859773e-24 nhat=5.301066543e-01,8.109917441e-01,-2.475466140e-01
617.485 MARGIN checkpoint=123 n=0.161178227 ratio=612.651249 kepler_ratio=138.778092 over=0.226521 periapsis_over_rstar=25.225447 separation_over_rstar=3.221897 period=1.272752878e-18
620.255 ACTION checkpoint=124 t=1.867468956e-10 a_over_apair=0.025866090 n=0.160829381 Jphi_over_h=0.102871399 Jr_over_h=0.057957982 e=0.768682411 eps=-9.25148161586818438e+13 L=2.38183573594947228e-05 mu1=3.042230195e-24,-8.772043140e-24,5.431266584e-26 mu2=6.843448690e-25,-6.520163543e-24,6.574647880e-24 nhat=3.915405116e-01,7.357831509e-01,-5.525569497e-01
620.255 MARGIN checkpoint=124 n=0.160829381 ratio=598.556965 kepler_ratio=138.477728 over=0.231353 periapsis_over_rstar=25.047937 separation_over_rstar=3.276397 period=1.264506696e-18
622.726 ACTION checkpoint=125 t=1.867469247e-10 a_over_apair=0.025762262 n=0.160506268 Jphi_over_h=0.103968626 Jr_over_h=0.056537643 e=0.761849306 eps=-9.28876713569330000e+13 L=2.40724039745538134e-05 mu1=1.960725307e-24,-9.068819996e-24,3.448411609e-25 mu2=1.899903685e-24,-6.268406367e-24,6.580600495e-24 nhat=-8.026512082e-01,4.433899270e-01,-3.989441196e-01
622.726 MARGIN checkpoint=125 n=0.160506268 ratio=580.218482 kepler_ratio=138.199520 over=0.238185 periapsis_over_rstar=24.851012 separation_over_rstar=3.359621 period=1.256900664e-18
626.425 ACTION checkpoint=126 t=1.867469523e-10 a_over_apair=0.025643696 n=0.160136492 Jphi_over_h=0.102450455 Jr_over_h=0.057686037 e=0.768566780 eps=-9.33171466564733594e+13 L=2.37208938733020607e-05 mu1=2.721606578e-24,-8.783169075e-24,1.286722156e-24 mu2=2.248340354e-24,-6.545704219e-24,6.189149958e-24 nhat=-5.970348452e-01,7.454717322e-01,2.963465710e-01
626.425 MARGIN checkpoint=126 n=0.160136492 ratio=595.678983 kepler_ratio=137.881134 over=0.231469 periapsis_over_rstar=24.830954 separation_over_rstar=3.249859 period=1.248233668e-18
628.921 ACTION checkpoint=127 t=1.867469785e-10 a_over_apair=0.025538592 n=0.159807983 Jphi_over_h=0.100361795 Jr_over_h=0.059446188 e=0.778201312 eps=-9.37011947105803281e+13 L=2.32372955009263047e-05 mu1=3.794807959e-24,-8.371554956e-24,1.312766337e-24 mu2=2.268106355e-24,-6.497045750e-24,6.233052651e-24 nhat=-4.377822832e-02,9.551967597e-01,2.927159321e-01
628.921 MARGIN checkpoint=127 n=0.159807983 ratio=620.271089 kepler_ratio=137.598281 over=0.221836 periapsis_over_rstar=24.863897 separation_over_rstar=3.101842 period=1.240567435e-18
631.237 ACTION checkpoint=128 t=1.867469996e-10 a_over_apair=0.018196745 n=0.134895313 Jphi_over_h=0.101208812 Jr_over_h=0.033686501 e=0.661123936 eps=-1.31506842202560531e+14 L=2.34334097074262436e-05 mu1=3.125476729e-24,-8.721826418e-24,6.066254444e-25 mu2=3.208940205e-24,-5.710329816e-24,6.580402072e-24 nhat=-9.001214950e-01,3.414748538e-01,-2.705110320e-01
631.237 MARGIN checkpoint=128 n=0.134895313 ratio=342.687683 kepler_ratio=116.147910 over=0.338932 periapsis_over_rstar=16.549584 separation_over_rstar=3.376743 period=7.461317923e-19
635.020 ACTION checkpoint=129 t=1.867470213e-10 a_over_apair=0.018123874 n=0.134624938 Jphi_over_h=0.102528043 Jr_over_h=0.032096894 e=0.648067563 eps=-1.32035598956858281e+14 L=2.37388583867448108e-05 mu1=4.554797687e-24,-8.086732850e-24,-2.557833259e-25 mu2=3.178956020e-24,-5.505955674e-24,6.766501756e-24 nhat=-1.212578847e-01,5.630084562e-01,-8.175071887e-01
635.021 MARGIN checkpoint=129 n=0.134624938 ratio=329.315442 kepler_ratio=115.915110 over=0.351988 periapsis_over_rstar=16.353750 separation_over_rstar=3.492773 period=7.416542840e-19
638.079 ACTION checkpoint=130 t=1.867470450e-10 a_over_apair=0.018066275 n=0.134410844 Jphi_over_h=0.101525503 Jr_over_h=0.032885340 e=0.655336395 eps=-1.32456555271942734e+14 L=2.35067350423832744e-05 mu1=5.343622486e-24,-7.592867506e-24,-3.028267471e-26 mu2=3.590855393e-24,-5.337288499e-24,6.695219511e-24 nhat=7.757776188e-02,7.405858704e-01,-6.674685457e-01
638.079 MARGIN checkpoint=130 n=0.134410844 ratio=335.723834 kepler_ratio=115.730771 over=0.344720 periapsis_over_rstar=16.373676 separation_over_rstar=3.409782 period=7.381215499e-19
643.431 ACTION checkpoint=131 t=1.867470664e-10 a_over_apair=0.017885899 n=0.133738175 Jphi_over_h=0.101549577 Jr_over_h=0.032188598 e=0.650721716 eps=-1.33792351151043156e+14 L=2.35123088126885772e-05 mu1=5.680019267e-24,-7.273352669e-24,1.021066775e-24 mu2=4.164563849e-24,-5.489091544e-24,6.223595202e-24 nhat=-4.845876679e-02,9.887083835e-01,1.418008471e-01
643.431 MARGIN checkpoint=131 n=0.133738175 ratio=329.630252 kepler_ratio=115.151588 over=0.349336 periapsis_over_rstar=16.165010 separation_over_rstar=3.420936 period=7.270949714e-19
648.305 ACTION checkpoint=132 t=1.867470868e-10 a_over_apair=0.017687957 n=0.132996079 Jphi_over_h=0.102129741 Jr_over_h=0.030866338 e=0.640551239 eps=-1.35289595330761578e+14 L=2.36466373650062797e-05 mu1=5.253286738e-24,-7.576799958e-24,1.096328474e-24 mu2=5.254910695e-24,-4.759834362e-24,5.994726492e-24 nhat=-8.480039510e-01,4.362056126e-01,3.010215318e-01
648.305 MARGIN checkpoint=132 n=0.132996079 ratio=318.527160 kepler_ratio=114.512626 over=0.359507 periapsis_over_rstar=15.887618 separation_over_rstar=3.481576 period=7.150583344e-19
651.591 ACTION checkpoint=133 t=1.867471089e-10 a_over_apair=0.017606531 n=0.132689604 Jphi_over_h=0.101829868 Jr_over_h=0.030859736 e=0.641133782 eps=-1.35915277041962031e+14 L=2.35772060853498705e-05 mu1=5.478578158e-24,-7.459971486e-24,7.354332545e-25 mu2=5.734804723e-24,-4.107967329e-24,6.036843090e-24 nhat=-9.841064912e-01,1.540063600e-01,8.841071836e-02
651.591 MARGIN checkpoint=133 n=0.132689604 ratio=318.308423 kepler_ratio=114.248744 over=0.358925 periapsis_over_rstar=15.820096 separation_over_rstar=3.459939 period=7.101263985e-19
656.640 ACTION checkpoint=134 t=1.867471295e-10 a_over_apair=0.017420883 n=0.131988192 Jphi_over_h=0.100812122 Jr_over_h=0.031176070 e=0.645457104 eps=-1.37363678683926875e+14 L=2.33415619741339614e-05 mu1=5.966362402e-24,-7.103119476e-24,-3.937876027e-25 mu2=5.784680383e-24,-3.644210437e-24,6.282042536e-24 nhat=-7.577824897e-01,9.808900958e-02,-6.450924310e-01
656.640 MARGIN checkpoint=134 n=0.131988192 ratio=320.484708 kepler_ratio=113.644813 over=0.354603 periapsis_over_rstar=15.694520 separation_over_rstar=3.382235 period=6.989243968e-19
659.621 ACTION checkpoint=135 t=1.867471512e-10 a_over_apair=0.017362373 n=0.131766357 Jphi_over_h=0.100858574 Jr_over_h=0.030907783 e=0.643513288 eps=-1.37826583761446797e+14 L=2.33523172675037585e-05 mu1=6.606875630e-24,-6.480806501e-24,-7.451152839e-25 mu2=6.077994395e-24,-3.320657659e-24,6.183694051e-24 nhat=-5.713518588e-01,2.574708829e-01,-7.792726082e-01
659.621 MARGIN checkpoint=135 n=0.131766357 ratio=318.201557 kepler_ratio=113.453808 over=0.356547 periapsis_over_rstar=15.623331 separation_over_rstar=3.389356 period=6.954062383e-19
662.183 ACTION checkpoint=136 t=1.867471728e-10 a_over_apair=0.017309234 n=0.131564563 Jphi_over_h=0.100950811 Jr_over_h=0.030613751 e=0.641276295 eps=-1.38249706193043531e+14 L=2.33736735136798569e-05 mu1=7.128939463e-24,-5.873985354e-24,-9.388149285e-25 mu2=6.433698106e-24,-2.944205878e-24,6.012157325e-24 nhat=-4.816215005e-01,3.799156362e-01,-7.897498589e-01
662.183 MARGIN checkpoint=136 n=0.131564563 ratio=315.733141 kepler_ratio=113.280059 over=0.358784 periapsis_over_rstar=15.554314 separation_over_rstar=3.400184 period=6.922161766e-19
665.960 ACTION checkpoint=137 t=1.867471942e-10 a_over_apair=0.017253900 n=0.131354102 Jphi_over_h=0.100265785 Jr_over_h=0.031088317 e=0.646015424 eps=-1.38693079219682734e+14 L=2.32150658487580298e-05 mu1=7.566934532e-24,-5.274220588e-24,-1.063463328e-24 mu2=6.772107671e-24,-2.542850545e-24,5.820594822e-24 nhat=-4.310091860e-01,4.887462477e-01,-7.585236891e-01
665.960 MARGIN checkpoint=137 n=0.131354102 ratio=319.446931 kepler_ratio=113.098847 over=0.354046 periapsis_over_rstar=15.549359 separation_over_rstar=3.344553 period=6.888995235e-19
670.798 ACTION checkpoint=138 t=1.867472142e-10 a_over_apair=0.017089569 n=0.130727078 Jphi_over_h=0.099832965 Jr_over_h=0.030894114 e=0.645601213 eps=-1.40026734046210625e+14 L=2.31148525953795365e-05 mu1=8.116335437e-24,-4.453565177e-24,-7.054867606e-25 mu2=7.078288807e-24,-2.425275568e-24,5.497519555e-24 nhat=-3.007458694e-01,8.690590203e-01,-3.927955465e-01
670.798 MARGIN checkpoint=138 n=0.130727078 ratio=317.549495 kepler_ratio=112.558966 over=0.354461 periapsis_over_rstar=15.397387 separation_over_rstar=3.316585 period=6.790810799e-19
675.793 ACTION checkpoint=139 t=1.867472325e-10 a_over_apair=0.016892436 n=0.129970906 Jphi_over_h=0.100631959 Jr_over_h=0.029338946 e=0.632861187 eps=-1.41660828778952281e+14 L=2.32998480599451804e-05 mu1=8.163696644e-24,-4.422677526e-24,2.891161124e-26 mu2=7.747625225e-24,-2.000047538e-24,4.709667557e-24 nhat=-6.304425127e-01,6.489488472e-01,4.259197482e-01
675.793 MARGIN checkpoint=139 n=0.129970906 ratio=304.758633 kepler_ratio=111.907884 over=0.367202 periapsis_over_rstar=15.101945 separation_over_rstar=3.396161 period=6.673649633e-19
680.301 ACTION checkpoint=140 t=1.867472519e-10 a_over_apair=0.016717146 n=0.129294804 Jphi_over_h=0.100921115 Jr_over_h=0.028373689 e=0.625092812 eps=-1.43146232880010094e+14 L=2.33667978557862668e-05 mu1=8.239287512e-24,-4.278852801e-24,-1.114238586e-25 mu2=8.123539066e-24,-1.179723423e-24,4.338573609e-24 nhat=-7.873995289e-01,2.845752154e-01,5.468262326e-01
680.301 MARGIN checkpoint=140 n=0.129294804 ratio=296.891742 kepler_ratio=111.325745 over=0.374971 periapsis_over_rstar=14.874132 separation_over_rstar=3.432029 period=6.570042590e-19
685.038 ACTION checkpoint=141 t=1.867472716e-10 a_over_apair=0.016541436 n=0.128613513 Jphi_over_h=0.100322965 Jr_over_h=0.028290548 e=0.625736631 eps=-1.44666797476826906e+14 L=2.32283049259764892e-05 mu1=8.443711124e-24,-3.843869940e-24,-3.677792970e-25 mu2=8.346364999e-24,-5.300825445e-25,4.032872311e-24 nhat=-8.000497754e-01,1.703523456e-01,5.752394591e-01
685.038 MARGIN checkpoint=141 n=0.128613513 ratio=295.834169 kepler_ratio=110.739138 over=0.374328 periapsis_over_rstar=14.723624 separation_over_rstar=3.390138 period=6.466730598e-19
689.822 ACTION checkpoint=142 t=1.867472903e-10 a_over_apair=0.016348242 n=0.127860244 Jphi_over_h=0.098957942 Jr_over_h=0.028902302 e=0.633241870 eps=-1.46376383106371594e+14 L=2.29122540831849729e-05 mu1=8.511150796e-24,-3.645963994e-24,-6.885593322e-25 mu2=8.464285152e-24,2.454031920e-25,3.808216041e-24 nhat=-8.364327672e-01,-1.420616340e-01,5.293379998e-01
689.822 MARGIN checkpoint=142 n=0.127860244 ratio=300.117142 kepler_ratio=110.090557 over=0.366825 periapsis_over_rstar=14.618839 separation_over_rstar=3.283384 period=6.353770919e-19
696.411 ACTION checkpoint=143 t=1.867473075e-10 a_over_apair=0.016144457 n=0.127060840 Jphi_over_h=0.098745223 Jr_over_h=0.028315617 e=0.629316460 eps=-1.48224032789208750e+14 L=2.28630020982330807e-05 mu1=8.380219863e-24,-3.648296753e-24,-1.633615965e-24 mu2=8.375989921e-24,9.185550241e-25,3.899474936e-24 nhat=-8.592005442e-01,-5.103614718e-01,-3.613298955e-02
696.411 MARGIN checkpoint=143 n=0.127060840 ratio=295.081948 kepler_ratio=109.402252 over=0.370752 periapsis_over_rstar=14.401914 separation_over_rstar=3.277166 period=6.235339899e-19
701.439 ACTION checkpoint=144 t=1.867473250e-10 a_over_apair=0.015963139 n=0.126345316 Jphi_over_h=0.098557238 Jr_over_h=0.027788078 e=0.625701656 eps=-1.49907643818410531e+14 L=2.28194768219765997e-05 mu1=8.440864936e-24,-3.036923369e-24,-2.394942767e-24 mu2=8.387801239e-24,1.359458773e-24,3.742127403e-24 nhat=-8.319610987e-01,-4.168862162e-01,-3.661237673e-01
701.439 MARGIN checkpoint=144 n=0.126345316 ratio=290.586036 kepler_ratio=108.786169 over=0.374368 periapsis_over_rstar=14.208573 separation_over_rstar=3.271964 period=6.130591843e-19
705.333 ACTION checkpoint=145 t=1.867473427e-10 a_over_apair=0.015869965 n=0.125976050 Jphi_over_h=0.098657756 Jr_over_h=0.027318294 e=0.621836710 eps=-1.50787762872101406e+14 L=2.28427503404605842e-05 mu1=8.496067632e-24,-2.476097593e-24,-2.809382634e-24 mu2=8.426328258e-24,1.881884725e-24,3.415019363e-24 nhat=-8.207458456e-01,-3.948671605e-01,-4.128633946e-01
705.333 MARGIN checkpoint=145 n=0.125976050 ratio=286.775690 kepler_ratio=108.468223 over=0.378234 periapsis_over_rstar=14.092058 separation_over_rstar=3.286453 period=6.076995621e-19
708.574 ACTION checkpoint=146 t=1.867473610e-10 a_over_apair=0.015808822 n=0.125733140 Jphi_over_h=0.098686363 Jr_over_h=0.027046777 e=0.619638358 eps=-1.51370954229071094e+14 L=2.28493738926251949e-05 mu1=8.539576784e-24,-2.123932253e-24,-2.961654168e-24 mu2=8.432628813e-24,2.514064628e-24,2.962618036e-24 nhat=-7.993097745e-01,-5.471223213e-01,-2.485177053e-01
708.574 MARGIN checkpoint=146 n=0.125733140 ratio=284.568477 kepler_ratio=108.259072 over=0.380432 periapsis_over_rstar=14.018737 separation_over_rstar=3.292823 period=6.041909938e-19
711.367 ACTION checkpoint=147 t=1.867473797e-10 a_over_apair=0.015751587 n=0.125505329 Jphi_over_h=0.097925757 Jr_over_h=0.027579572 e=0.625465546 eps=-1.51920975387343906e+14 L=2.26732667325833959e-05 mu1=8.711250226e-24,-1.681333961e-24,-2.737533724e-24 mu2=8.410057344e-24,3.186315130e-24,2.307636590e-24 nhat=-6.979222050e-01,-6.771317710e-01,2.332319886e-01
711.367 MARGIN checkpoint=147 n=0.125505329 ratio=288.470743 kepler_ratio=108.062921 over=0.374606 periapsis_over_rstar=14.018238 separation_over_rstar=3.230655 period=6.009128074e-19
713.666 ACTION checkpoint=148 t=1.867473983e-10 a_over_apair=0.015705899 n=0.125323178 Jphi_over_h=0.098443012 Jr_over_h=0.026880166 e=0.618844886 eps=-1.52362913993213438e+14 L=2.27930296105176004e-05 mu1=8.850291093e-24,-8.171569052e-25,-2.685415692e-24 mu2=8.367107044e-24,3.692952626e-24,1.600148709e-24 nhat=-5.941332624e-01,-4.774380289e-01,6.473473527e-01
713.666 MARGIN checkpoint=148 n=0.125323178 ratio=283.049612 kepler_ratio=107.906086 over=0.381227 periapsis_over_rstar=13.920645 separation_over_rstar=3.278216 period=5.983002237e-19
715.787 ACTION checkpoint=149 t=1.867474169e-10 a_over_apair=0.015663788 n=0.125155056 Jphi_over_h=0.099414477 Jr_over_h=0.025740579 e=0.607485860 eps=-1.52772531006746125e+14 L=2.30179579446154808e-05 mu1=8.794503254e-24,1.732823937e-25,-2.972127352e-24 mu2=8.304336128e-24,4.027236081e-24,1.013028278e-24 nhat=-5.840703062e-01,-1.169592983e-01,8.032324694e-01
715.787 MARGIN checkpoint=149 n=0.125155056 ratio=274.491436 kepler_ratio=107.761328 over=0.392585 periapsis_over_rstar=13.785905 separation_over_rstar=3.366838 period=5.958955739e-19
720.152 ACTION checkpoint=150 t=1.867474342e-10 a_over_apair=0.015494565 n=0.124477166 Jphi_over_h=0.099099869 Jr_over_h=0.025377297 e=0.605127077 eps=-1.54441028543029000e+14 L=2.29451150765774054e-05 mu1=8.630949307e-24,7.128933732e-25,-3.347439674e-24 mu2=8.083693162e-24,4.528539668e-24,5.942125957e-25 nhat=-5.533917332e-01,-9.621165211e-02,8.273457002e-01
720.152 MARGIN checkpoint=150 n=0.124477166 ratio=271.373206 kepler_ratio=107.177650 over=0.394946 periapsis_over_rstar=13.616959 separation_over_rstar=3.350487 period=5.862651010e-19
725.613 ACTION checkpoint=151 t=1.867474512e-10 a_over_apair=0.015315398 n=0.123755397 Jphi_over_h=0.098315990 Jr_over_h=0.025439407 e=0.607345259 eps=-1.56247751753822219e+14 L=2.27636194310395750e-05 mu1=8.400882943e-24,1.270064451e-24,-3.744189811e-24 mu2=7.830489032e-24,4.985571853e-24,1.853917370e-25 nhat=-5.436158534e-01,-4.186528706e-02,8.382893901e-01
725.613 MARGIN checkpoint=151 n=0.123755397 ratio=271.322258 kepler_ratio=106.556190 over=0.392729 periapsis_over_rstar=13.478104 separation_over_rstar=3.293160 period=5.761259072e-19
730.478 ACTION checkpoint=152 t=1.867474673e-10 a_over_apair=0.015134588 n=0.123022715 Jphi_over_h=0.097505011 Jr_over_h=0.025517705 e=0.609771460 eps=-1.58114410633369062e+14 L=2.25758491513655523e-05 mu1=8.191616530e-24,1.582767090e-24,-4.074202038e-24 mu2=7.448546844e-24,5.539396525e-24,-2.027099474e-25 nhat=-4.512573520e-01,-1.752678889e-01,8.750131252e-01
730.478 MARGIN checkpoint=152 n=0.123022715 ratio=271.391168 kepler_ratio=105.925335 over=0.390305 periapsis_over_rstar=13.339089 separation_over_rstar=3.234194 period=5.659536827e-19
735.394 ACTION checkpoint=153 t=1.867474831e-10 a_over_apair=0.014951024 n=0.122274380 Jphi_over_h=0.096582809 Jr_over_h=0.025691571 e=0.613253831 eps=-1.60055695936471062e+14 L=2.23623268402245054e-05 mu1=7.919570798e-24,1.964187562e-24,-4.430487657e-24 mu2=7.052984982e-24,6.010135053e-24,-5.835535717e-25 nhat=-3.854161715e-01,-2.262448938e-01,8.945767842e-01
735.394 MARGIN checkpoint=153 n=0.122274380 ratio=272.167149 kepler_ratio=105.281001 over=0.386825 periapsis_over_rstar=13.205808 separation_over_rstar=3.166479 period=5.556884495e-19
740.126 ACTION checkpoint=154 t=1.867474981e-10 a_over_apair=0.014768302 n=0.121524905 Jphi_over_h=0.096156863 Jr_over_h=0.025368041 e=0.611489787 eps=-1.62035991927405719e+14 L=2.22637054563260936e-05 mu1=7.666530600e-24,2.143944935e-24,-4.778562958e-24 mu2=6.550671008e-24,6.518183091e-24,-8.993630036e-25 nhat=-2.464331494e-01,-4.104647596e-01,8.779461168e-01
740.126 MARGIN checkpoint=154 n=0.121524905 ratio=269.269689 kepler_ratio=104.635686 over=0.388591 periapsis_over_rstar=13.030151 separation_over_rstar=3.142058 period=5.455327564e-19
744.986 ACTION checkpoint=155 t=1.867475123e-10 a_over_apair=0.014579578 n=0.120745922 Jphi_over_h=0.096306693 Jr_over_h=0.024439229 e=0.603189527 eps=-1.64133460279751781e+14 L=2.22983962634777286e-05 mu1=7.365682062e-24,2.122523754e-24,-5.239129313e-24 mu2=6.008942261e-24,6.995098164e-24,-1.080772802e-24 nhat=-1.106366149e-01,-6.872799249e-01,7.179177141e-01
744.986 MARGIN checkpoint=155 n=0.120745922 ratio=261.947480 kepler_ratio=103.964965 over=0.396892 periapsis_over_rstar=12.797382 separation_over_rstar=3.168174 period=5.351091570e-19
750.375 ACTION checkpoint=156 t=1.867475268e-10 a_over_apair=0.014395067 n=0.119979443 Jphi_over_h=0.096001982 Jr_over_h=0.023977460 e=0.599795153 eps=-1.66237266927858469e+14 L=2.22278450508177288e-05 mu1=6.985048262e-24,2.544278597e-24,-5.562607524e-24 mu2=5.497745081e-24,7.331647358e-24,-1.492850066e-24 nhat=-3.742163896e-02,-6.396314146e-01,7.677703266e-01
750.375 MARGIN checkpoint=156 n=0.119979443 ratio=258.076287 kepler_ratio=103.305009 over=0.400289 periapsis_over_rstar=12.608673 separation_over_rstar=3.154847 period=5.249832969e-19
754.496 ACTION checkpoint=157 t=1.867475409e-10 a_over_apair=0.014210334 n=0.119207105 Jphi_over_h=0.095814713 Jr_over_h=0.023392392 e=0.594944478 eps=-1.68398333212520688e+14 L=2.21844856636909512e-05 mu1=6.524718530e-24,3.059917135e-24,-5.854213056e-24 mu2=4.962724058e-24,7.597973723e-24,-1.961892073e-24 nhat=4.597332043e-03,-4.988327942e-01,8.666860493e-01
754.496 MARGIN checkpoint=157 n=0.119207105 ratio=253.343805 kepler_ratio=102.640008 over=0.405141 periapsis_over_rstar=12.409125 separation_over_rstar=3.152115 period=5.149100735e-19
758.637 ACTION checkpoint=158 t=1.867475548e-10 a_over_apair=0.014025396 n=0.118428866 Jphi_over_h=0.095920804 Jr_over_h=0.022508062 e=0.586506583 eps=-1.70618817544997219e+14 L=2.22090494149947980e-05 mu1=5.923555153e-24,3.612474447e-24,-6.169957698e-24 mu2=4.449640333e-24,7.773400456e-24,-2.445772176e-24 nhat=-4.487132291e-02,-2.850262856e-01,9.574688407e-01
758.637 MARGIN checkpoint=158 n=0.118428866 ratio=246.553826 kepler_ratio=101.969927 over=0.413581 periapsis_over_rstar=12.182834 separation_over_rstar=3.175900 period=5.048910585e-19
762.840 ACTION checkpoint=159 t=1.867475685e-10 a_over_apair=0.013846152 n=0.117669675 Jphi_over_h=0.096292797 Jr_over_h=0.021376877 e=0.574746561 eps=-1.72827546780848750e+14 L=2.22951790256400724e-05 mu1=5.177060624e-24,4.081718183e-24,-6.537925913e-24 mu2=3.992720015e-24,7.880461981e-24,-2.857159625e-24 nhat=-2.065050588e-01,-8.050462994e-02,9.751280251e-01
762.840 MARGIN checkpoint=159 n=0.117669675 ratio=238.199264 kepler_ratio=101.316246 over=0.425342 periapsis_over_rstar=11.937987 separation_over_rstar=3.224476 period=4.952433164e-19
768.209 ACTION checkpoint=160 t=1.867475823e-10 a_over_apair=0.013679075 n=0.116957580 Jphi_over_h=0.096195449 Jr_over_h=0.020762131 e=0.568791825 eps=-1.74938470188441344e+14 L=2.22726393499171312e-05 mu1=4.070725204e-24,4.399719115e-24,-7.090735032e-24 mu2=3.709812191e-24,7.965437719e-24,-2.999325046e-24 nhat=-6.670635967e-01,5.010568593e-02,7.433139163e-01
768.210 MARGIN checkpoint=160 n=0.116957580 ratio=233.487941 kepler_ratio=100.703117 over=0.431299 periapsis_over_rstar=11.749338 separation_over_rstar=3.230179 period=4.863065116e-19
772.512 ACTION checkpoint=161 t=1.867475969e-10 a_over_apair=0.013499621 n=0.116187869 Jphi_over_h=0.094556258 Jr_over_h=0.021631611 e=0.581114064 eps=-1.77263981528973375e+14 L=2.18931088218812194e-05 mu1=3.194305057e-24,3.440085364e-24,-8.010560727e-24 mu2=2.760578583e-24,8.447980590e-24,-2.686574977e-24 nhat=-6.352866762e-01,-7.705144689e-01,5.213724429e-02
772.512 MARGIN checkpoint=161 n=0.116187869 ratio=238.771306 kepler_ratio=100.040378 over=0.418980 periapsis_over_rstar=11.686275 separation_over_rstar=3.096750 period=4.767682454e-19
774.781 ACTION checkpoint=162 t=1.867476117e-10 a_over_apair=0.013459082 n=0.116013282 Jphi_over_h=0.094375569 Jr_over_h=0.021637713 e=0.581579820 eps=-1.77797905257122469e+14 L=2.18512730313737597e-05 mu1=3.595475931e-24,4.192728916e-24,-7.463272227e-24 mu2=1.390134536e-24,8.465546226e-24,-3.550902468e-24 nhat=3.749937922e-01,-3.518247698e-01,8.576706752e-01
774.781 MARGIN checkpoint=162 n=0.116013282 ratio=238.677508 kepler_ratio=99.890055 over=0.418515 periapsis_over_rstar=11.654613 separation_over_rstar=3.084022 period=4.746222696e-19
778.955 ACTION checkpoint=163 t=1.867476241e-10 a_over_apair=0.013280003 n=0.115238895 Jphi_over_h=0.095078683 Jr_over_h=0.020160213 e=0.565049188 eps=-1.80195481340764000e+14 L=2.20140686189870485e-05 mu1=2.714007703e-24,4.506816385e-24,-7.650465577e-24 mu2=7.729288405e-25,8.367156688e-24,-3.949699387e-24 nhat=2.213523917e-01,-1.144811175e-01,9.684509241e-01
778.955 MARGIN checkpoint=163 n=0.115238895 ratio=228.074884 kepler_ratio=99.223291 over=0.435047 periapsis_over_rstar=11.379351 separation_over_rstar=3.163193 period=4.651812778e-19
782.936 ACTION checkpoint=164 t=1.867476371e-10 a_over_apair=0.013112934 n=0.114511720 Jphi_over_h=0.095138796 Jr_over_h=0.019372924 e=0.556539018 eps=-1.82491312250683750e+14 L=2.20279869795146074e-05 mu1=1.145536031e-24,4.494233919e-24,-8.043411214e-24 mu2=6.326692016e-25,8.327705501e-24,-4.056587981e-24 nhat=-5.878987004e-01,-9.883991187e-02,8.028734582e-01
782.936 MARGIN checkpoint=164 n=0.114511720 ratio=222.286393 kepler_ratio=98.597176 over=0.443559 periapsis_over_rstar=11.175095 separation_over_rstar=3.184511 period=4.564306293e-19
788.387 ACTION checkpoint=165 t=1.867476503e-10 a_over_apair=0.012967857 n=0.113876497 Jphi_over_h=0.093587393 Jr_over_h=0.020289105 e=0.569729357 eps=-1.84532926069504750e+14 L=2.16687824420757641e-05 mu1=7.492306528e-25,3.184314535e-24,-8.689398693e-24 mu2=-5.519926817e-25,8.531045314e-24,-3.622626839e-24 nhat=-1.422921660e-01,-9.709425070e-01,1.924151438e-01
788.387 MARGIN checkpoint=165 n=0.113876497 ratio=227.826834 kepler_ratio=98.050235 over=0.430372 periapsis_over_rstar=11.145109 separation_over_rstar=3.055648 period=4.488769138e-19
790.672 ACTION checkpoint=166 t=1.867476638e-10 a_over_apair=0.012926672 n=0.113695521 Jphi_over_h=0.094817662 Jr_over_h=0.018877860 e=0.551822974 eps=-1.85120858022237375e+14 L=2.19536330894239275e-05 mu1=4.549339671e-25,4.335439783e-24,-8.197795572e-24 mu2=-1.787304748e-24,7.969989803e-24,-4.414935962e-24 nhat=3.941446841e-01,1.505163052e-02,9.189251419e-01
790.672 MARGIN checkpoint=166 n=0.113695521 ratio=218.378850 kepler_ratio=97.894411 over=0.448278 periapsis_over_rstar=10.982981 separation_over_rstar=3.172673 period=4.467402060e-19
794.143 ACTION checkpoint=167 t=1.867476763e-10 a_over_apair=0.012773617 n=0.113020425 Jphi_over_h=0.094356118 Jr_over_h=0.018664307 e=0.550463867 eps=-1.87338999516446219e+14 L=2.18467693933298228e-05 mu1=-1.260337842e-24,3.785751824e-24,-8.383703652e-24 mu2=-1.878321894e-24,7.970698508e-24,-4.375697365e-24 nhat=-5.321570666e-01,-2.990481111e-01,7.920726505e-01
794.143 MARGIN checkpoint=167 n=0.113020425 ratio=216.424858 kepler_ratio=97.313138 over=0.449639 periapsis_over_rstar=10.843434 separation_over_rstar=3.144630 period=4.388294618e-19
798.196 ACTION checkpoint=168 t=1.867476886e-10 a_over_apair=0.012619632 n=0.112337135 Jphi_over_h=0.093125134 Jr_over_h=0.019212001 e=0.559279620 eps=-1.89624908531133188e+14 L=2.15617532351110797e-05 mu1=-1.007150916e-24,2.594936966e-24,-8.857697469e-24 mu2=-3.237012167e-24,7.794355817e-24,-3.869964458e-24 nhat=3.945988759e-01,-8.886940872e-01,2.334835038e-01
798.196 MARGIN checkpoint=168 n=0.112337135 ratio=219.416923 kepler_ratio=96.724809 over=0.440827 periapsis_over_rstar=10.773629 separation_over_rstar=3.045831 period=4.309183577e-19
800.504 ACTION checkpoint=169 t=1.867477015e-10 a_over_apair=0.012578865 n=0.112155541 Jphi_over_h=0.093767656 Jr_over_h=0.018387885 e=0.548653041 eps=-1.90239459208710156e+14 L=2.17105196632271266e-05 mu1=-2.253308217e-24,3.566330901e-24,-8.271078603e-24 mu2=-3.980293425e-24,7.015470138e-24,-4.598619170e-24 nhat=1.026792458e-01,1.235194069e-01,9.870156679e-01
800.504 MARGIN checkpoint=169 n=0.112155541 ratio=213.905721 kepler_ratio=96.568453 over=0.451453 periapsis_over_rstar=10.665640 separation_over_rstar=3.109179 period=4.288319829e-19
804.179 ACTION checkpoint=170 t=1.867477135e-10 a_over_apair=0.012451622 n=0.111586837 Jphi_over_h=0.092575772 Jr_over_h=0.019011066 e=0.558313806 eps=-1.92183514831528375e+14 L=2.14345564306773234e-05 mu1=-3.231060011e-24,1.936060576e-24,-8.486387684e-24 mu2=-4.534817097e-24,7.078875321e-24,-3.941042168e-24 nhat=-1.424789991e-01,-8.604525903e-01,4.892045326e-01
804.179 MARGIN checkpoint=170 n=0.111586837 ratio=217.473578 kepler_ratio=96.078786 over=0.441795 periapsis_over_rstar=10.623611 separation_over_rstar=3.011884 period=4.223416136e-19
809.058 ACTION checkpoint=171 t=1.867477249e-10 a_over_apair=0.012309607 n=0.110948670 Jphi_over_h=0.091509642 Jr_over_h=0.019439028 e=0.565435375 eps=-1.94400719965857688e+14 L=2.11877098879949101e-05 mu1=-2.662431212e-24,2.048671349e-24,-8.655706847e-24 mu2=-5.760690210e-24,6.298832929e-24,-3.653218761e-24 nhat=9.123320909e-01,-3.425033385e-01,2.243693809e-01
809.058 MARGIN checkpoint=171 n=0.110948670 ratio=219.771010 kepler_ratio=95.529310 over=0.434677 periapsis_over_rstar=10.550442 separation_over_rstar=2.929556 period=4.151368346e-19
811.444 ACTION checkpoint=172 t=1.867477365e-10 a_over_apair=0.012261893 n=0.110733431 Jphi_over_h=0.089434295 Jr_over_h=0.021299136 e=0.589656734 eps=-1.95157189155156344e+14 L=2.07071939030581574e-05 mu1=-4.234526252e-24,2.238284288e-24,-7.953975493e-24 mu2=-6.269307118e-24,5.484395882e-24,-4.101712489e-24 nhat=2.920738589e-01,2.545257219e-01,9.219053736e-01
811.444 MARGIN checkpoint=172 n=0.110733431 ratio=232.286917 kepler_ratio=95.343984 over=0.410458 periapsis_over_rstar=10.672157 separation_over_rstar=2.755608 period=4.127254428e-19
813.759 ACTION checkpoint=173 t=1.867477464e-10 a_over_apair=0.012207914 n=0.110489430 Jphi_over_h=0.092330272 Jr_over_h=0.018159158 e=0.549265337 eps=-1.96020097438496875e+14 L=2.13777146604328818e-05 mu1=-4.787253935e-24,1.743959346e-24,-7.761936668e-24 mu2=-6.810066968e-24,4.919510215e-24,-3.953259720e-24 nhat=2.755839569e-01,2.873931609e-01,9.173105547e-01
813.760 MARGIN checkpoint=173 n=0.110489430 ratio=211.011186 kepler_ratio=95.133894 over=0.450848 periapsis_over_rstar=10.355202 separation_over_rstar=3.013440 period=4.100031296e-19
818.111 ACTION checkpoint=174 t=1.867477575e-10 a_over_apair=0.012035540 n=0.109706609 Jphi_over_h=0.092279185 Jr_over_h=0.017427424 e=0.540809389 eps=-1.98827517016589531e+14 L=2.13658860884601026e-05 mu1=-5.254774750e-24,-1.015480564e-25,-7.654011079e-24 mu2=-7.166218475e-24,4.916449107e-24,-3.268133448e-24 nhat=2.098550823e-01,-7.885774553e-01,5.780194127e-01
818.111 MARGIN checkpoint=174 n=0.109706609 ratio=205.657594 kepler_ratio=94.459867 over=0.459306 periapsis_over_rstar=10.153267 separation_over_rstar=3.026631 period=4.013500667e-19
821.369 ACTION checkpoint=175 t=1.867477692e-10 a_over_apair=0.011959892 n=0.109361292 Jphi_over_h=0.092200339 Jr_over_h=0.017160953 e=0.537787867 eps=-2.00085127007732844e+14 L=2.13476305099004079e-05 mu1=-5.503336273e-24,6.740474367e-25,-7.447536854e-24 mu2=-8.078357084e-24,3.396484407e-24,-3.067718334e-24 nhat=5.972053631e-01,5.530474396e-01,5.809339755e-01
821.369 MARGIN checkpoint=175 n=0.109361292 ratio=203.669825 kepler_ratio=94.162541 over=0.462329 periapsis_over_rstar=10.069665 separation_over_rstar=3.027402 period=3.975720656e-19
823.489 ACTION checkpoint=176 t=1.867477807e-10 a_over_apair=0.011924066 n=0.109197371 Jphi_over_h=0.091270146 Jr_over_h=0.017927225 e=0.548992434 eps=-2.00686290597472812e+14 L=2.11322579951514201e-05 mu1=-5.852704139e-24,-1.500394701e-24,-7.049930870e-24 mu2=-8.289912431e-24,3.400226526e-24,-2.433652962e-24 nhat=5.213190748e-01,-7.271102750e-01,4.466957244e-01
823.489 MARGIN checkpoint=176 n=0.109197371 ratio=208.414964 kepler_ratio=94.021402 over=0.451126 periapsis_over_rstar=10.112650 separation_over_rstar=2.945191 period=3.957869904e-19
827.795 ACTION checkpoint=177 t=1.867477910e-10 a_over_apair=0.011794371 n=0.108601890 Jphi_over_h=0.090353174 Jr_over_h=0.018248716 e=0.554825320 eps=-2.02893111771210406e+14 L=2.09199466843156838e-05 mu1=-5.645375512e-24,-1.126519365e-24,-7.284747403e-24 mu2=-8.841108798e-24,2.223093845e-24,-1.760540898e-24 nhat=9.771132966e-01,1.921451037e-01,-9.126809305e-02
827.795 MARGIN checkpoint=177 n=0.108601890 ratio=209.992187 kepler_ratio=93.508679 over=0.445296 periapsis_over_rstar=10.040323 separation_over_rstar=2.875510 period=3.893472569e-19
831.918 ACTION checkpoint=178 t=1.867478011e-10 a_over_apair=0.011725924 n=0.108286307 Jphi_over_h=0.091325940 Jr_over_h=0.016960367 e=0.537325771 eps=-2.04077432548537312e+14 L=2.11451764260370029e-05 mu1=-6.744045284e-24,-1.449141815e-24,-6.214877029e-24 mu2=-9.027963901e-24,1.088454572e-24,-1.875630485e-24 nhat=4.273355285e-01,6.685805792e-01,6.085921091e-01
831.918 MARGIN checkpoint=178 n=0.108286307 ratio=201.464406 kepler_ratio=93.236955 over=0.462796 periapsis_over_rstar=9.869708 separation_over_rstar=2.971175 period=3.859629354e-19
836.126 ACTION checkpoint=179 t=1.867478111e-10 a_over_apair=0.011564879 n=0.107540127 Jphi_over_h=0.091242854 Jr_over_h=0.016297273 e=0.529269080 eps=-2.06919288931888438e+14 L=2.11259390902838430e-05 mu1=-6.495793672e-24,-3.448291974e-24,-5.667521708e-24 mu2=-9.131641110e-24,1.124342106e-24,-1.247333451e-24 nhat=6.339075481e-01,-5.342801926e-01,5.592011233e-01
836.126 MARGIN checkpoint=179 n=0.107540127 ratio=196.651366 kepler_ratio=92.594477 over=0.470856 periapsis_over_rstar=9.683142 separation_over_rstar=2.981402 period=3.780390017e-19
839.922 ACTION checkpoint=180 t=1.867478213e-10 a_over_apair=0.011425457 n=0.106889928 Jphi_over_h=0.088092134 Jr_over_h=0.018797794 e=0.566387929 eps=-2.09444279866475531e+14 L=2.03964360932390984e-05 mu1=-6.781822215e-24,-2.801662839e-24,-5.688974253e-24 mu2=-9.260867287e-24,-4.813787126e-25,-4.598553045e-25 nhat=5.585376203e-01,8.253398353e-01,8.276401940e-02
839.922 MARGIN checkpoint=180 n=0.106889928 ratio=212.187488 kepler_ratio=92.034641 over=0.433742 periapsis_over_rstar=9.798604 separation_over_rstar=2.713291 period=3.712233786e-19
842.259 ACTION checkpoint=181 t=1.867478303e-10 a_over_apair=0.011379780 n=0.106676051 Jphi_over_h=0.089817023 Jr_over_h=0.016859028 e=0.539539140 eps=-2.10284958208671812e+14 L=2.07958089245491778e-05 mu1=-7.046760622e-24,-3.565880437e-24,-4.882060704e-24 mu2=-9.192389385e-24,-1.284103890e-24,-2.406446801e-25 nhat=3.472393690e-01,8.315947417e-01,4.334455055e-01
842.260 MARGIN checkpoint=181 n=0.106676051 ratio=199.419018 kepler_ratio=91.850488 over=0.460590 periapsis_over_rstar=9.592149 separation_over_rstar=2.869724 period=3.689994863e-19
846.644 ACTION checkpoint=182 t=1.867478391e-10 a_over_apair=0.011217769 n=0.105913968 Jphi_over_h=0.090221425 Jr_over_h=0.015692543 e=0.523807140 eps=-2.13321973308209531e+14 L=2.08894420671586354e-05 mu1=-6.563190605e-24,-5.221010680e-24,-3.984022067e-24 mu2=-9.194176296e-24,-1.289114506e-24,1.102782956e-25 nhat=6.341150453e-01,-1.601014448e-01,7.564824100e-01
846.644 MARGIN checkpoint=182 n=0.105913968 ratio=191.453718 kepler_ratio=91.194317 over=0.476326 periapsis_over_rstar=9.358965 separation_over_rstar=2.925511 period=3.611475605e-19
851.150 ACTION checkpoint=183 t=1.867478481e-10 a_over_apair=0.011076650 n=0.105245663 Jphi_over_h=0.088975358 Jr_over_h=0.016270305 e=0.534123586 eps=-2.16039742313204844e+14 L=2.06009337341732252e-05 mu1=-5.834374635e-24,-5.561036154e-24,-4.608883248e-24 mu2=-8.937240749e-24,-2.142483886e-24,1.319979493e-24 nhat=9.263605017e-01,1.489187338e-01,-3.459471514e-01
851.150 MARGIN checkpoint=183 n=0.105245663 ratio=194.455744 kepler_ratio=90.618892 over=0.466013 periapsis_over_rstar=9.303794 separation_over_rstar=2.826166 period=3.543542117e-19
854.428 ACTION checkpoint=184 t=1.867478573e-10 a_over_apair=0.011001789 n=0.104889411 Jphi_over_h=0.091433891 Jr_over_h=0.013455520 e=0.490009528 eps=-2.17509773235907969e+14 L=2.11701707709127532e-05 mu1=-6.541650044e-24,-5.812609599e-24,-3.102779338e-24 mu2=-8.513371735e-24,-3.478267869e-24,1.277109866e-24 nhat=2.333313565e-01,7.831726916e-01,5.763653470e-01
854.428 MARGIN checkpoint=184 n=0.104889411 ratio=177.038119 kepler_ratio=90.312151 over=0.510128 periapsis_over_rstar=8.975190 separation_over_rstar=3.072798 period=3.507679548e-19
857.880 ACTION checkpoint=185 t=1.867478672e-10 a_over_apair=0.010866652 n=0.104243236 Jphi_over_h=0.087197452 Jr_over_h=0.017045784 e=0.547996424 eps=-2.20214698460414250e+14 L=2.01892857816774628e-05 mu1=-5.910884607e-24,-6.296131432e-24,-3.409842727e-24 mu2=-7.940152762e-24,-4.038834215e-24,2.616992086e-24 nhat=2.793530694e-01,8.659367147e-01,-4.148680136e-01
857.880 MARGIN checkpoint=185 n=0.104243236 ratio=198.510581 kepler_ratio=89.755779 over=0.452146 periapsis_over_rstar=9.209945 separation_over_rstar=2.690084 period=3.443250516e-19
860.215 ACTION checkpoint=186 t=1.867478754e-10 a_over_apair=0.010821066 n=0.104024353 Jphi_over_h=0.090112432 Jr_over_h=0.013911921 e=0.499588509 eps=-2.21142403724045906e+14 L=2.08642064378876808e-05 mu1=-5.760059900e-24,-6.947606554e-24,-2.181588503e-24 mu2=-7.402454172e-24,-4.899511886e-24,2.721270068e-24 nhat=3.876987670e-02,9.618646539e-01,2.707642594e-01
860.215 MARGIN checkpoint=186 n=0.104024353 ratio=178.936414 kepler_ratio=89.567316 over=0.500554 periapsis_over_rstar=8.884510 separation_over_rstar=2.965597 period=3.421606292e-19
864.029 ACTION checkpoint=187 t=1.867478843e-10 a_over_apair=0.010670277 n=0.103297034 Jphi_over_h=0.088067161 Jr_over_h=0.015229873 e=0.522625538 eps=-2.24267513204242375e+14 L=2.03906540831263077e-05 mu1=-4.363953956e-24,-7.769152031e-24,-2.608263380e-24 mu2=-6.891931039e-24,-4.920377687e-24,3.807627246e-24 nhat=5.810389599e-01,4.908529827e-01,-6.491972555e-01
864.029 MARGIN checkpoint=187 n=0.103297034 ratio=186.255771 kepler_ratio=88.941078 over=0.477521 periapsis_over_rstar=8.895290 separation_over_rstar=2.789714 period=3.350337239e-19
867.569 ACTION checkpoint=188 t=1.867478930e-10 a_over_apair=0.010620357 n=0.103055116 Jphi_over_h=0.089707618 Jr_over_h=0.013347498 e=0.492200343 eps=-2.25321667840986625e+14 L=2.07704777456971078e-05 mu1=-4.439795479e-24,-8.101111315e-24,-9.311642412e-25 mu2=-6.017694292e-24,-5.982275199e-24,3.769163584e-24 nhat=-7.956058964e-04,9.193207313e-01,3.935082718e-01
867.570 MARGIN checkpoint=188 n=0.103055116 ratio=174.688879 kepler_ratio=88.732781 over=0.507948 periapsis_over_rstar=8.676760 separation_over_rstar=2.953584 period=3.326853211e-19
871.622 ACTION checkpoint=189 t=1.867479017e-10 a_over_apair=0.010477232 n=0.102358350 Jphi_over_h=0.086308201 Jr_over_h=0.016050150 e=0.537605523 eps=-2.28399691642253312e+14 L=1.99833926866289701e-05 mu1=-3.557065405e-24,-8.447231292e-24,-1.482708497e-24 mu2=-5.084909384e-24,-5.997320058e-24,4.937884563e-24 nhat=-3.205535327e-02,7.453688047e-01,-6.658812201e-01
871.623 MARGIN checkpoint=189 n=0.102358350 ratio=190.538065 kepler_ratio=88.132851 over=0.462547 periapsis_over_rstar=8.820289 separation_over_rstar=2.653346 period=3.259828909e-19
874.059 ACTION checkpoint=190 t=1.867479092e-10 a_over_apair=0.010424964 n=0.102102711 Jphi_over_h=0.090020495 Jr_over_h=0.012082215 e=0.471873869 eps=-2.29544834891405781e+14 L=2.08429198465275077e-05 mu1=-2.985876524e-24,-8.791242120e-24,-7.388267848e-26 mu2=-4.198608797e-24,-6.718959443e-24,4.840880442e-24 nhat=-2.191924777e-01,9.394718811e-01,2.633386456e-01
874.059 MARGIN checkpoint=190 n=0.102102711 ratio=166.413140 kepler_ratio=87.912739 over=0.528280 periapsis_over_rstar=8.401106 separation_over_rstar=3.015297 period=3.235465607e-19
877.026 ACTION checkpoint=191 t=1.867479186e-10 a_over_apair=0.010328576 n=0.101629600 Jphi_over_h=0.084938651 Jr_over_h=0.016690949 e=0.549084481 eps=-2.31686982983397188e+14 L=1.96662937054481097e-05 mu1=-2.177390530e-24,-9.023717596e-24,-1.958226167e-25 mu2=-3.007755960e-24,-6.643079989e-24,5.747151261e-24 nhat=-4.740576822e-01,7.973005074e-01,-3.736056945e-01
877.026 MARGIN checkpoint=191 n=0.101629600 ratio=193.993702 kepler_ratio=87.505380 over=0.451073 periapsis_over_rstar=8.760056 separation_over_rstar=2.550815 period=3.190697458e-19
879.739 ACTION checkpoint=192 t=1.867479253e-10 a_over_apair=0.010261862 n=0.101300851 Jphi_over_h=0.083156519 Jr_over_h=0.018144333 e=0.571091125 eps=-2.33193198251391438e+14 L=1.92536671525224731e-05 mu1=-3.910636923e-25,-9.231068759e-24,9.172208174e-25 mu2=-2.603232440e-24,-6.870491410e-24,5.676828686e-24 nhat=4.115093459e-01,8.258999190e-01,3.854210452e-01
879.739 MARGIN checkpoint=192 n=0.101300851 ratio=203.282056 kepler_ratio=87.222320 over=0.429070 periapsis_over_rstar=8.827117 separation_over_rstar=2.410716 period=3.159833947e-19
881.866 ACTION checkpoint=193 t=1.867479313e-10 a_over_apair=0.010217327 n=0.101080795 Jphi_over_h=0.083665567 Jr_over_h=0.017415228 e=0.561156353 eps=-2.34209642933800969e+14 L=1.93715297212574164e-05 mu1=7.767572826e-25,-9.207019159e-24,9.134011203e-25 mu2=-1.818793819e-24,-6.737784520e-24,6.123814504e-24 nhat=6.551983649e-01,7.497877105e-01,9.237690103e-02
881.866 MARGIN checkpoint=193 n=0.101080795 ratio=198.249900 kepler_ratio=87.032846 over=0.439006 periapsis_over_rstar=8.733232 separation_over_rstar=2.455833 period=3.139286270e-19
883.929 ACTION checkpoint=194 t=1.867479376e-10 a_over_apair=0.010180051 n=0.100896241 Jphi_over_h=0.082667280 Jr_over_h=0.018228960 e=0.573322724 eps=-2.35067236078905125e+14 L=1.91403911695420395e-05 mu1=1.148969623e-24,-9.212891845e-24,9.668475802e-26 mu2=-3.841483146e-25,-6.310084031e-24,6.800156238e-24 nhat=-2.982927410e-02,4.754367751e-01,-8.792440431e-01
883.929 MARGIN checkpoint=194 n=0.100896241 ratio=203.527326 kepler_ratio=86.873941 over=0.426842 periapsis_over_rstar=8.769182 separation_over_rstar=2.379075 period=3.122122420e-19
888.180 ACTION checkpoint=195 t=1.867479432e-10 a_over_apair=0.010030798 n=0.100153873 Jphi_over_h=0.079781552 Jr_over_h=0.020372321 e=0.604520236 eps=-2.38564916992449219e+14 L=1.84722432511139253e-05 mu1=2.970617185e-24,-8.630296003e-24,1.703020763e-24 mu2=1.272660156e-24,-6.403524377e-24,6.601671527e-24 nhat=8.046838103e-02,9.471647252e-01,3.104896502e-01
888.180 MARGIN checkpoint=195 n=0.100153873 ratio=217.955505 kepler_ratio=86.234745 over=0.395653 periapsis_over_rstar=2.098588 separation_over_rstar=2.172908 period=3.053712985e-19
893.207 ACTION checkpoint=196 t=1.867479468e-10 a_over_apair=0.009780181 n=0.098894796 Jphi_over_h=0.084921205 Jr_over_h=0.013973591 e=0.512474461 eps=-2.44678151832949625e+14 L=1.96622543638524424e-05 mu1=3.304811111e-24,-8.670222894e-24,3.351324491e-25 mu2=2.243917775e-24,-5.558995585e-24,7.090081549e-24 nhat=-3.288272882e-01,3.237950453e-01,-8.871467653e-01
893.207 MARGIN checkpoint=196 n=0.098894796 ratio=174.596398 kepler_ratio=85.150652 over=0.487700 periapsis_over_rstar=8.098904 separation_over_rstar=2.611505 period=2.939986196e-19
897.192 ACTION checkpoint=197 t=1.867479533e-10 a_over_apair=0.009637440 n=0.098170464 Jphi_over_h=0.083060196 Jr_over_h=0.015110268 e=0.533053838 eps=-2.48302095510060000e+14 L=1.92313650252325062e-05 mu1=5.567951592e-24,-7.410667783e-24,5.355122315e-25 mu2=3.727083365e-24,-4.855993237e-24,6.981048242e-24 nhat=1.708382497e-01,6.905682624e-01,-7.028013713e-01
897.192 MARGIN checkpoint=197 n=0.098170464 ratio=180.950983 kepler_ratio=84.526986 over=0.467126 periapsis_over_rstar=2.438219 separation_over_rstar=2.464833 period=2.875858428e-19
901.301 ACTION checkpoint=198 t=1.867479585e-10 a_over_apair=0.009466578 n=0.097296342 Jphi_over_h=0.075620500 Jr_over_h=0.021675842 e=0.629231019 eps=-2.52783689176971938e+14 L=1.75088129496886651e-05 mu1=5.687995685e-24,-7.310875109e-24,6.361332429e-25 mu2=5.346951749e-24,-3.635180654e-24,6.663514379e-24 nhat=-8.812990087e-01,-4.333802586e-02,-4.705676070e-01
901.301 MARGIN checkpoint=198 n=0.097296342 ratio=225.826200 kepler_ratio=83.774347 over=0.370968 periapsis_over_rstar=1.849599 separation_over_rstar=1.922742 period=2.799719461e-19
904.129 ACTION checkpoint=199 t=1.867479616e-10 a_over_apair=0.009396826 n=0.096937225 Jphi_over_h=0.080482248 Jr_over_h=0.016454977 e=0.557389385 eps=-2.54660099601237781e+14 L=1.86344792506714540e-05 mu1=6.722557088e-24,-6.279185810e-24,1.259328013e-24 mu2=6.131272206e-24,-3.583923164e-24,5.980790179e-24 nhat=-6.589308409e-01,6.153820775e-01,4.325679663e-01
904.129 MARGIN checkpoint=199 n=0.096937225 ratio=188.493182 kepler_ratio=83.465139 over=0.442802 periapsis_over_rstar=2.211926 separation_over_rstar=2.278148 period=2.768832766e-19
906.348 ACTION checkpoint=200 t=1.867479660e-10 a_over_apair=0.009340817 n=0.096647903 Jphi_over_h=0.079816551 Jr_over_h=0.016831352 e=0.563891670 eps=-2.56187064977704719e+14 L=1.84803469416194113e-05 mu1=7.552380886e-24,-5.322792780e-24,9.144808607e-25 mu2=6.983148253e-24,-2.534160430e-24,5.569607408e-24 nhat=-6.781236883e-01,5.564154168e-01,4.801563781e-01
906.349 MARGIN checkpoint=200 n=0.096647903 ratio=190.730103 kepler_ratio=83.216026 over=0.436303 periapsis_over_rstar=2.140402 separation_over_rstar=2.231331 period=2.744114863e-19
910.015 ACTION checkpoint=201 t=1.867479696e-10 a_over_apair=0.009125172 n=0.095525764 Jphi_over_h=0.083153835 Jr_over_h=0.012371928 e=0.492193263 eps=-2.62241265499428562e+14 L=1.92530458863405140e-05 mu1=7.643558523e-24,-5.233628707e-24,-6.260981802e-25 mu2=7.241609861e-24,-1.247841428e-24,5.675282695e-24 nhat=-7.554955472e-01,-2.442863484e-01,-6.079067840e-01
910.016 MARGIN checkpoint=201 n=0.095525764 ratio=161.906906 kepler_ratio=82.249839 over=0.508007 periapsis_over_rstar=2.517300 separation_over_rstar=2.538061 period=2.649637935e-19
913.500 ACTION checkpoint=202 t=1.867479749e-10 a_over_apair=0.008983596 n=0.094781832 Jphi_over_h=0.079247178 Jr_over_h=0.015534653 e=0.548575629 eps=-2.66374027205251406e+14 L=1.83485169672666781e-05 mu1=8.808224648e-24,-2.891156419e-24,-5.130773642e-25 mu2=8.053812694e-24,-4.825459006e-25,4.594573519e-24 nhat=-5.497693285e-01,8.165441800e-01,1.760945417e-01
913.500 MARGIN checkpoint=202 n=0.094781832 ratio=180.698314 kepler_ratio=81.609297 over=0.451633 periapsis_over_rstar=2.148263 separation_over_rstar=2.221402 period=2.588214523e-19
916.448 ACTION checkpoint=203 t=1.867479790e-10 a_over_apair=0.008926583 n=0.094480593 Jphi_over_h=0.080379317 Jr_over_h=0.014101277 e=0.525571404 eps=-2.68075327455552969e+14 L=1.86106469838225376e-05 mu1=9.028072633e-24,-1.596689250e-24,-1.466745799e-24 mu2=8.325709916e-24,7.981553243e-25,4.031421305e-24 nhat=-5.758761424e-01,8.127493734e-01,-8.834661709e-02
916.448 MARGIN checkpoint=203 n=0.094480593 ratio=171.393500 kepler_ratio=81.349924 over=0.474638 periapsis_over_rstar=2.242784 separation_over_rstar=2.319740 period=2.563615071e-19
919.503 ACTION checkpoint=204 t=1.867479831e-10 a_over_apair=0.008845144 n=0.094048625 Jphi_over_h=0.079593403 Jr_over_h=0.014455222 e=0.532705712 eps=-2.70543540939451156e+14 L=1.84286802310379609e-05 mu1=9.009532128e-24,-5.270614046e-25,-2.181144741e-24 mu2=8.445393827e-24,1.991063999e-24,3.304215873e-24 nhat=-6.733638305e-01,7.349384855e-01,-8.029056148e-02
919.503 MARGIN checkpoint=204 n=0.094048625 ratio=173.211894 kepler_ratio=80.977989 over=0.467508 periapsis_over_rstar=2.173136 separation_over_rstar=2.264047 period=2.528612789e-19
924.353 ACTION checkpoint=205 t=1.867479864e-10 a_over_apair=0.008489974 n=0.092141054 Jphi_over_h=0.079109908 Jr_over_h=0.013031147 e=0.512689768 eps=-2.81861471982971875e+14 L=1.83167339477399069e-05 mu1=9.033875695e-24,-2.877675264e-25,-2.124414049e-24 mu2=8.382576096e-24,3.404157235e-24,2.085901913e-24 nhat=-6.123069289e-01,-6.597188584e-02,7.878628910e-01
924.353 MARGIN checkpoint=205 n=0.092141054 ratio=162.725650 kepler_ratio=79.335528 over=0.487542 periapsis_over_rstar=2.167205 separation_over_rstar=2.266258 period=2.377850318e-19
930.209 ACTION checkpoint=206 t=1.867479897e-10 a_over_apair=0.008194678 n=0.090524460 Jphi_over_h=0.077448894 Jr_over_h=0.013075566 e=0.517707558 eps=-2.92018377674681875e+14 L=1.79321506914888117e-05 mu1=8.793233279e-24,6.954747719e-25,-2.898658073e-24 mu2=8.001885297e-24,4.537683675e-24,1.259410117e-24 nhat=-5.231843142e-01,-1.713567422e-01,8.348143747e-01
930.210 MARGIN checkpoint=206 n=0.090524460 ratio=161.527440 kepler_ratio=77.943604 over=0.482541 periapsis_over_rstar=2.059150 separation_over_rstar=2.164998 period=2.254876777e-19
935.117 ACTION checkpoint=207 t=1.867479927e-10 a_over_apair=0.007919599 n=0.088992129 Jphi_over_h=0.077828116 Jr_over_h=0.011164013 e=0.484934352 eps=-3.02161322648745562e+14 L=1.80199540257481086e-05 mu1=8.427614858e-24,1.328440777e-24,-3.662978048e-24 mu2=7.320007462e-24,5.686578162e-24,5.358869634e-25 nhat=-2.979764569e-01,-5.262544330e-01,7.964083770e-01
935.117 MARGIN checkpoint=207 n=0.088992129 ratio=148.689168 kepler_ratio=76.624232 over=0.515332 periapsis_over_rstar=2.134187 separation_over_rstar=2.234505 period=2.142297500e-19
