LADDER E_rel=-1.211037969e-19 n=3.000003 type=E1 hbar_omega=7.370630187e-20 photon=1.513794248e-19
SPLIT t=2.011850e-13 n=2.666291 L/hbar=2.066289 Jrem=0.6663 Lrem=0.6663 photon=-4.087e-26 rot=-1.268e-26 dyn=2.614e-26 unreachable=11843 maxLag=0.0004 maxE=0.6320
LADDER E_rel=-2.724874829e-19 n=1.999987 type=E1 hbar_omega=3.592030429e-19 photon=8.174741566e-19
LADDER E_rel=-1.089760263e-18 n=1.000081 type=E1 hbar_omega=1.809669567e-18 photon=0.000000000e+00
LADDER E_rel=-1.088804066e-18 n=1.000520 type=E1 hbar_omega=1.835487315e-18 photon=0.000000000e+00
LADDER E_rel=-1.088343792e-18 n=1.000731 type=E1 hbar_omega=2.499577866e-18 photon=0.000000000e+00
LADDER E_rel=-1.088268799e-18 n=1.000766 type=E1 hbar_omega=3.325340662e-18 photon=0.000000000e+00
LADDER E_rel=-1.087374862e-18 n=1.001177 type=E1 hbar_omega=2.606537742e-18 photon=0.000000000e+00
LADDER E_rel=-1.087230971e-18 n=1.001243 type=E1 hbar_omega=2.284012087e-19 photon=0.000000000e+00
SPLIT t=2.983132e-13 n=1.568750 L/hbar=0.967368 Jrem=0.5674 Lrem=0.5674 photon=-4.341e-25 rot=2.198e-24 dyn=5.605e-22 unreachable=18415 maxLag=0.0043 maxE=0.7872
LADDER E_rel=-1.086838809e-18 n=1.001424 type=E1 hbar_omega=6.211220642e-19 photon=0.000000000e+00
LADDER E_rel=-1.086574908e-18 n=1.001546 type=E1 hbar_omega=2.603318872e-19 photon=0.000000000e+00
LADDER E_rel=-1.086129202e-18 n=1.001751 type=E1 hbar_omega=3.806319309e-18 photon=0.000000000e+00
LADDER E_rel=-1.087188589e-18 n=1.001263 type=E1 hbar_omega=7.649325249e-18 photon=0.000000000e+00
LADDER E_rel=-1.085570848e-18 n=1.002009 type=E1 hbar_omega=2.216933587e-18 photon=0.000000000e+00
LADDER E_rel=-1.086286690e-18 n=1.001678 type=E1 hbar_omega=7.799619609e-18 photon=0.000000000e+00
LADDER E_rel=-1.085115432e-18 n=1.002219 type=E1 hbar_omega=3.013597955e-18 photon=0.000000000e+00
LADDER E_rel=-1.086512244e-18 n=1.001574 type=E1 hbar_omega=1.018670927e-17 photon=0.000000000e+00
LADDER E_rel=-1.084897197e-18 n=1.002320 type=E1 hbar_omega=1.213893572e-18 photon=0.000000000e+00
LADDER E_rel=-1.084948036e-18 n=1.002296 type=E1 hbar_omega=6.246035754e-18 photon=0.000000000e+00
LADDER E_rel=-1.086464661e-18 n=1.001596 type=E1 hbar_omega=1.217144193e-17 photon=0.000000000e+00
LADDER E_rel=-1.085335177e-18 n=1.002117 type=E1 hbar_omega=1.020180639e-17 photon=0.000000000e+00
LADDER E_rel=-1.084177088e-18 n=1.002652 type=E1 hbar_omega=2.922888641e-18 photon=0.000000000e+00
LADDER E_rel=-1.084268208e-18 n=1.002610 type=E1 hbar_omega=9.063579685e-19 photon=0.000000000e+00
LADDER E_rel=-1.083949274e-18 n=1.002758 type=E1 hbar_omega=4.367079952e-18 photon=0.000000000e+00
LADDER E_rel=-1.084193335e-18 n=1.002645 type=E1 hbar_omega=7.432745478e-18 photon=0.000000000e+00
LADDER E_rel=-1.084561112e-18 n=1.002475 type=E1 hbar_omega=9.890284712e-18 photon=0.000000000e+00
LADDER E_rel=-1.084640969e-18 n=1.002438 type=E1 hbar_omega=1.081322449e-17 photon=0.000000000e+00
LADDER E_rel=-1.084597730e-18 n=1.002458 type=E1 hbar_omega=1.117340533e-17 photon=0.000000000e+00
LADDER E_rel=-1.084168569e-18 n=1.002656 type=E1 hbar_omega=9.780610838e-18 photon=0.000000000e+00
LADDER E_rel=-1.083681392e-18 n=1.002882 type=E1 hbar_omega=7.371978416e-18 photon=0.000000000e+00
LADDER E_rel=-1.083418104e-18 n=1.003004 type=E1 hbar_omega=3.430204915e-18 photon=0.000000000e+00
LADDER E_rel=-1.083700504e-18 n=1.002873 type=E1 hbar_omega=4.634388443e-19 photon=0.000000000e+00
LADDER E_rel=-1.083311213e-18 n=1.003053 type=E1 hbar_omega=5.972853356e-18 photon=0.000000000e+00
LADDER E_rel=-1.084873419e-18 n=1.002331 type=E1 hbar_omega=1.675696624e-17 photon=0.000000000e+00
LADDER E_rel=-1.086828091e-18 n=1.001429 type=E1 hbar_omega=2.290771601e-17 photon=0.000000000e+00
LADDER E_rel=-1.086267206e-18 n=1.001687 type=E1 hbar_omega=2.136723194e-17 photon=0.000000000e+00
LADDER E_rel=-1.083431610e-18 n=1.002997 type=E1 hbar_omega=1.092813973e-17 photon=0.000000000e+00
LADDER E_rel=-1.083209825e-18 n=1.003100 type=E1 hbar_omega=5.236373181e-19 photon=0.000000000e+00
LADDER E_rel=-1.084006499e-18 n=1.002731 type=E1 hbar_omega=1.639354481e-17 photon=0.000000000e+00
LADDER E_rel=-1.087285663e-18 n=1.001218 type=E1 hbar_omega=2.700521683e-17 photon=0.000000000e+00
LADDER E_rel=-1.084291944e-18 n=1.002599 type=E1 hbar_omega=1.756905029e-17 photon=0.000000000e+00
LADDER E_rel=-1.082791788e-18 n=1.003294 type=E1 hbar_omega=9.522716936e-19 photon=0.000000000e+00
LADDER E_rel=-1.084491531e-18 n=1.002507 type=E1 hbar_omega=2.102966571e-17 photon=0.000000000e+00
LADDER E_rel=-1.087109888e-18 n=1.001299 type=E1 hbar_omega=2.855263618e-17 photon=0.000000000e+00
LADDER E_rel=-1.082349333e-18 n=1.003499 type=E1 hbar_omega=8.802265321e-18 photon=0.000000000e+00
LADDER E_rel=-1.082654946e-18 n=1.003357 type=E1 hbar_omega=1.352794896e-17 photon=0.000000000e+00
LADDER E_rel=-1.087758046e-18 n=1.001001 type=E1 hbar_omega=3.236999312e-17 photon=0.000000000e+00
LADDER E_rel=-1.082366731e-18 n=1.003491 type=E1 hbar_omega=1.199422997e-17 photon=0.000000000e+00
LADDER E_rel=-1.082513804e-18 n=1.003422 type=E1 hbar_omega=1.505055032e-17 photon=0.000000000e+00
LADDER E_rel=-1.087794327e-18 n=1.000984 type=E1 hbar_omega=3.408663033e-17 photon=0.000000000e+00
LADDER E_rel=-1.081711916e-18 n=1.003794 type=E1 hbar_omega=7.287301398e-18 photon=0.000000000e+00
LADDER E_rel=-1.084450046e-18 n=1.002526 type=E1 hbar_omega=2.662183433e-17 photon=0.000000000e+00
LADDER E_rel=-1.085882513e-18 n=1.001865 type=E1 hbar_omega=3.006045862e-17 photon=0.000000000e+00
LADDER E_rel=-1.081681963e-18 n=1.003808 type=E1 hbar_omega=1.711262896e-18 photon=0.000000000e+00
LADDER E_rel=-1.088302134e-18 n=1.000750 type=E1 hbar_omega=3.907551117e-17 photon=0.000000000e+00
LADDER E_rel=-1.081540897e-18 n=1.003874 type=E1 hbar_omega=1.214190793e-17 photon=0.000000000e+00
LADDER E_rel=-1.084597486e-18 n=1.002458 type=E1 hbar_omega=3.035643682e-17 photon=0.000000000e+00
LADDER E_rel=-1.084901678e-18 n=1.002318 type=E1 hbar_omega=2.980885611e-17 photon=0.000000000e+00
LADDER E_rel=-1.081150461e-18 n=1.004055 type=E1 hbar_omega=1.181136150e-17 photon=0.000000000e+00
LADDER E_rel=-1.088190142e-18 n=1.000802 type=E1 hbar_omega=4.101272080e-17 photon=0.000000000e+00
LADDER E_rel=-1.081146320e-18 n=1.004057 type=E1 hbar_omega=6.210024397e-19 photon=0.000000000e+00
LADDER E_rel=-1.089110563e-18 n=1.000379 type=E1 hbar_omega=4.526067561e-17 photon=0.000000000e+00
LADDER E_rel=-1.080578428e-18 n=1.004321 type=E1 hbar_omega=5.913174006e-18 photon=0.000000000e+00
LADDER E_rel=-1.088281021e-18 n=1.000760 type=E1 hbar_omega=4.515050477e-17 photon=0.000000000e+00
LADDER E_rel=-1.080663281e-18 n=1.004281 type=E1 hbar_omega=1.308129156e-17 photon=0.000000000e+00
LADDER E_rel=-1.087370133e-18 n=1.001179 type=E1 hbar_omega=4.431159056e-17 photon=0.000000000e+00
LADDER E_rel=-1.081023255e-18 n=1.004114 type=E1 hbar_omega=1.809574680e-17 photon=0.000000000e+00
LADDER E_rel=-1.086553174e-18 n=1.001556 type=E1 hbar_omega=4.348599072e-17 photon=0.000000000e+00
LADDER E_rel=-1.081185306e-18 n=1.004039 type=E1 hbar_omega=2.075878641e-17 photon=0.000000000e+00
LADDER E_rel=-1.086373999e-18 n=1.001638 type=E1 hbar_omega=4.431563954e-17 photon=0.000000000e+00
LADDER E_rel=-1.080786360e-18 n=1.004224 type=E1 hbar_omega=1.981850879e-17 photon=0.000000000e+00
LADDER E_rel=-1.087542518e-18 n=1.001100 type=E1 hbar_omega=4.872004956e-17 photon=0.000000000e+00
LADDER E_rel=-1.080130469e-18 n=1.004529 type=E1 hbar_omega=1.671015240e-17 photon=0.000000000e+00
LADDER E_rel=-1.089029068e-18 n=1.000416 type=E1 hbar_omega=5.356962699e-17 photon=0.000000000e+00
LADDER E_rel=-1.079394639e-18 n=1.004871 type=E1 hbar_omega=9.472385710e-18 photon=0.000000000e+00
LADDER E_rel=-1.090438561e-18 n=0.999770 type=E1 hbar_omega=5.772696081e-17 photon=0.000000000e+00
LADDER E_rel=-1.079401022e-18 n=1.004868 type=E1 hbar_omega=2.122632750e-18 photon=0.000000000e+00
LADDER E_rel=-1.090636927e-18 n=0.999679 type=E1 hbar_omega=5.855350035e-17 photon=0.000000000e+00
LADDER E_rel=-1.079029748e-18 n=1.005041 type=E1 hbar_omega=6.298796081e-18 photon=0.000000000e+00
LADDER E_rel=-1.088183025e-18 n=1.000805 type=E1 hbar_omega=5.284684399e-17 photon=0.000000000e+00
LADDER E_rel=-1.080535244e-18 n=1.004341 type=E1 hbar_omega=2.885838158e-17 photon=0.000000000e+00
LADDER E_rel=-1.083285104e-18 n=1.003065 type=E1 hbar_omega=3.872738434e-17 photon=0.000000000e+00
LADDER E_rel=-1.086372708e-18 n=1.001639 type=E1 hbar_omega=5.290475165e-17 photon=0.000000000e+00
LADDER E_rel=-1.078899779e-18 n=1.005102 type=E1 hbar_omega=1.716073480e-17 photon=0.000000000e+00
LADDER E_rel=-1.091596091e-18 n=0.999239 type=E1 hbar_omega=6.628025383e-17 photon=0.000000000e+00
LADDER E_rel=-1.078584255e-18 n=1.005249 type=E1 hbar_omega=8.808755897e-19 photon=0.000000000e+00
LADDER E_rel=-1.089271340e-18 n=1.000305 type=E1 hbar_omega=6.002251573e-17 photon=0.000000000e+00
LADDER E_rel=-1.080489516e-18 n=1.004362 type=E1 hbar_omega=3.427249175e-17 photon=0.000000000e+00
LADDER E_rel=-1.081540741e-18 n=1.003874 type=E1 hbar_omega=3.640556238e-17 photon=0.000000000e+00
LADDER E_rel=-1.090051620e-18 n=0.999947 type=E1 hbar_omega=6.679410409e-17 photon=0.000000000e+00
LADDER E_rel=-1.077793347e-18 n=1.005617 type=E1 hbar_omega=4.219055129e-18 photon=0.000000000e+00
LADDER E_rel=-1.091633586e-18 n=0.999222 type=E1 hbar_omega=6.936009512e-17 photon=0.000000000e+00
LADDER E_rel=-1.079434840e-18 n=1.004853 type=E1 hbar_omega=3.234816817e-17 photon=0.000000000e+00
LADDER E_rel=-1.081548529e-18 n=1.003870 type=E1 hbar_omega=3.974475298e-17 photon=0.000000000e+00
LADDER E_rel=-1.091619918e-18 n=0.999228 type=E1 hbar_omega=7.357287011e-17 photon=0.000000000e+00
LADDER E_rel=-1.077456285e-18 n=1.005775 type=E1 hbar_omega=1.428561358e-18 photon=0.000000000e+00
LADDER E_rel=-1.089743739e-18 n=1.000088 type=E1 hbar_omega=6.731218430e-17 photon=0.000000000e+00
LADDER E_rel=-1.082439929e-18 n=1.003457 type=E1 hbar_omega=5.024845238e-17 photon=0.000000000e+00
LADDER E_rel=-1.077791312e-18 n=1.005618 type=E1 hbar_omega=2.358320556e-17 photon=0.000000000e+00
LADDER E_rel=-1.094181123e-18 n=0.998058 type=E1 hbar_omega=8.140367828e-17 photon=0.000000000e+00
LADDER E_rel=-1.076859093e-18 n=1.006054 type=E1 hbar_omega=1.789813868e-17 photon=0.000000000e+00
LADDER E_rel=-1.082990637e-18 n=1.003202 type=E1 hbar_omega=5.027028232e-17 photon=0.000000000e+00
LADDER E_rel=-1.091708172e-18 n=0.999188 type=E1 hbar_omega=7.945037537e-17 photon=0.000000000e+00
LADDER E_rel=-1.076602567e-18 n=1.006173 type=E1 hbar_omega=8.762405036e-19 photon=0.000000000e+00
LADDER E_rel=-1.088506066e-18 n=1.000657 type=E1 hbar_omega=6.884767833e-17 photon=0.000000000e+00
LADDER E_rel=-1.086776733e-18 n=1.001453 type=E1 hbar_omega=6.958282538e-17 photon=0.000000000e+00
LADDER E_rel=-1.075894421e-18 n=1.006504 type=E1 hbar_omega=9.670097960e-18 photon=0.000000000e+00
LADDER E_rel=-1.092354563e-18 n=0.998892 type=E1 hbar_omega=8.075332707e-17 photon=0.000000000e+00
LADDER E_rel=-1.082546011e-18 n=1.003408 type=E1 hbar_omega=5.842706103e-17 photon=0.000000000e+00
WINDOW closed t=3.388117e-13 n=1.003716 L/hbar=0.399999 e=0.917160 unpaid J=0.000e+00 L=0.000e+00 queued=9.688535814e-19 paid=9.688535814e-19 E_open=-1.211037969e-19 E_close=-1.081880523e-18
SPLIT closed photon=-2.050450e-24 rotation=6.836735e-23 dynamics=8.010538e-21 [kin 1.836520e-18 coul -1.828453e-18 dd -6.100548e-24 cd -5.998655e-23 darwin 8.982349e-24 constr 0.000000e+00] steps=54128 unreachable=18530 maxLag=0.004270 maxE=0.917638
LADDER E_rel=-1.081999970e-18 n=1.003661 type=E1 hbar_omega=1.945311840e-17 photon=0.000000000e+00
LADDER E_rel=-1.100484721e-18 n=0.995196 type=E1 hbar_omega=8.730479093e-17 photon=0.000000000e+00
LADDER E_rel=-1.085277099e-18 n=1.002144 type=E1 hbar_omega=4.658673351e-17 photon=0.000000000e+00
LADDER E_rel=-1.082795906e-18 n=1.003292 type=E1 hbar_omega=2.906740821e-17 photon=0.000000000e+00
LADDER E_rel=-1.101101826e-18 n=0.994917 type=E1 hbar_omega=9.031663120e-17 photon=0.000000000e+00
LADDER E_rel=-1.082409537e-18 n=1.003471 type=E1 hbar_omega=3.158528103e-17 photon=0.000000000e+00
LADDER E_rel=-1.084843157e-18 n=1.002345 type=E1 hbar_omega=4.168792351e-17 photon=0.000000000e+00
LADDER E_rel=-1.100585371e-18 n=0.995150 type=E1 hbar_omega=9.060753161e-17 photon=0.000000000e+00
LADDER E_rel=-1.080847441e-18 n=1.004196 type=E1 hbar_omega=1.759261041e-17 photon=0.000000000e+00
LADDER E_rel=-1.086762058e-18 n=1.001459 type=E1 hbar_omega=5.067369367e-17 photon=0.000000000e+00
LADDER E_rel=-1.098847330e-18 n=0.995937 type=E1 hbar_omega=8.848038160e-17 photon=0.000000000e+00
LADDER E_rel=-1.080389770e-18 n=1.004408 type=E1 hbar_omega=5.900939197e-18 photon=0.000000000e+00
LADDER E_rel=-1.089228199e-18 n=1.000325 type=E1 hbar_omega=6.007397141e-17 photon=0.000000000e+00
LADDER E_rel=-1.096086923e-18 n=0.997190 type=E1 hbar_omega=8.368747841e-17 photon=0.000000000e+00
LADDER E_rel=-1.080306815e-18 n=1.004447 type=E1 hbar_omega=8.302738068e-19 photon=0.000000000e+00
LADDER E_rel=-1.092031293e-18 n=0.999040 type=E1 hbar_omega=6.930018393e-17 photon=0.000000000e+00
LADDER E_rel=-1.092785734e-18 n=0.998695 type=E1 hbar_omega=7.685182415e-17 photon=0.000000000e+00
LADDER E_rel=-1.079694779e-18 n=1.004732 type=E1 hbar_omega=4.771894188e-18 photon=0.000000000e+00
LADDER E_rel=-1.094800958e-18 n=0.997776 type=E1 hbar_omega=7.764164081e-17 photon=0.000000000e+00
LADDER E_rel=-1.089412692e-18 n=1.000240 type=E1 hbar_omega=6.871164360e-17 photon=0.000000000e+00
LADDER E_rel=-1.079317535e-18 n=1.004907 type=E1 hbar_omega=1.312820077e-17 photon=0.000000000e+00
LADDER E_rel=-1.097067468e-18 n=0.996745 type=E1 hbar_omega=8.436381035e-17 photon=0.000000000e+00
LADDER E_rel=-1.085519691e-18 n=1.002032 type=E1 hbar_omega=5.714931490e-17 photon=0.000000000e+00
LADDER E_rel=-1.079545083e-18 n=1.004801 type=E1 hbar_omega=2.148805087e-17 photon=0.000000000e+00
LADDER E_rel=-1.098382486e-18 n=0.996148 type=E1 hbar_omega=8.883428170e-17 photon=0.000000000e+00
LADDER E_rel=-1.081967608e-18 n=1.003676 type=E1 hbar_omega=4.326706535e-17 photon=0.000000000e+00
LADDER E_rel=-1.080929944e-18 n=1.004157 type=E1 hbar_omega=3.377451707e-17 photon=0.000000000e+00
LADDER E_rel=-1.098468708e-18 n=0.996109 type=E1 hbar_omega=9.035707075e-17 photon=0.000000000e+00
LADDER E_rel=-1.079283057e-18 n=1.004923 type=E1 hbar_omega=2.737774687e-17 photon=0.000000000e+00
LADDER E_rel=-1.082785095e-18 n=1.003297 type=E1 hbar_omega=4.418788104e-17 photon=0.000000000e+00
LADDER E_rel=-1.097670847e-18 n=0.996471 type=E1 hbar_omega=9.029652260e-17 photon=0.000000000e+00
LADDER E_rel=-1.078077091e-18 n=1.005485 type=E1 hbar_omega=1.410354941e-17 photon=0.000000000e+00
LADDER E_rel=-1.084728978e-18 n=1.002397 type=E1 hbar_omega=5.284233630e-17 photon=0.000000000e+00
LADDER E_rel=-1.095715037e-18 n=0.997359 type=E1 hbar_omega=8.757881015e-17 photon=0.000000000e+00
LADDER E_rel=-1.077855532e-18 n=1.005588 type=E1 hbar_omega=3.299105640e-18 photon=0.000000000e+00
LADDER E_rel=-1.088123873e-18 n=1.000832 type=E1 hbar_omega=6.472512667e-17 photon=0.000000000e+00
LADDER E_rel=-1.092936268e-18 n=0.998627 type=E1 hbar_omega=8.258317345e-17 photon=0.000000000e+00
LADDER E_rel=-1.077613107e-18 n=1.005702 type=E1 hbar_omega=1.516633594e-18 photon=0.000000000e+00
LADDER E_rel=-1.090804998e-18 n=0.999602 type=E1 hbar_omega=7.317403341e-17 photon=0.000000000e+00
LADDER E_rel=-1.088770226e-18 n=1.000535 type=E1 hbar_omega=7.332987185e-17 photon=0.000000000e+00
LADDER E_rel=-1.076964050e-18 n=1.006005 type=E1 hbar_omega=7.367035001e-18 photon=0.000000000e+00
LADDER E_rel=-1.093271270e-18 n=0.998474 type=E1 hbar_omega=8.052211403e-17 photon=0.000000000e+00
LADDER E_rel=-1.085632957e-18 n=1.001980 type=E1 hbar_omega=6.529886895e-17 photon=0.000000000e+00
LADDER E_rel=-1.076782108e-18 n=1.006090 type=E1 hbar_omega=1.554585940e-17 photon=0.000000000e+00
LADDER E_rel=-1.095114865e-18 n=0.997633 type=E1 hbar_omega=8.616790624e-17 photon=0.000000000e+00
LADDER E_rel=-1.081403350e-18 n=1.003938 type=E1 hbar_omega=5.137277277e-17 photon=0.000000000e+00
LADDER E_rel=-1.077273276e-18 n=1.005860 type=E1 hbar_omega=2.484684409e-17 photon=0.000000000e+00
LADDER E_rel=-1.095992018e-18 n=0.997233 type=E1 hbar_omega=8.963565347e-17 photon=0.000000000e+00
LADDER E_rel=-1.078483523e-18 n=1.005296 type=E1 hbar_omega=3.856466650e-17 photon=0.000000000e+00
LADDER E_rel=-1.078600514e-18 n=1.005241 type=E1 hbar_omega=3.546566771e-17 photon=0.000000000e+00
LADDER E_rel=-1.095722521e-18 n=0.997356 type=E1 hbar_omega=9.066267388e-17 photon=0.000000000e+00
LADDER E_rel=-1.076209395e-18 n=1.006357 type=E1 hbar_omega=2.259707258e-17 photon=0.000000000e+00
LADDER E_rel=-1.081226253e-18 n=1.004020 type=E1 hbar_omega=4.849410148e-17 photon=0.000000000e+00
LADDER E_rel=-1.094335213e-18 n=0.997988 type=E1 hbar_omega=8.923519072e-17 photon=0.000000000e+00
LADDER E_rel=-1.075379832e-18 n=1.006745 type=E1 hbar_omega=9.943228083e-18 photon=0.000000000e+00
LADDER E_rel=-1.083271101e-18 n=1.003072 type=E1 hbar_omega=5.685185540e-17 photon=0.000000000e+00
LADDER E_rel=-1.092047288e-18 n=0.999033 type=E1 hbar_omega=8.557693367e-17 photon=0.000000000e+00
LADDER E_rel=-1.075330926e-18 n=1.006768 type=E1 hbar_omega=1.327607167e-18 photon=0.000000000e+00
LADDER E_rel=-1.086667430e-18 n=1.001503 type=E1 hbar_omega=6.813889878e-17 photon=0.000000000e+00
LADDER E_rel=-1.089195293e-18 n=1.000340 type=E1 hbar_omega=8.010662486e-17 photon=0.000000000e+00
LADDER E_rel=-1.074850244e-18 n=1.006993 type=E1 hbar_omega=3.017216759e-18 photon=0.000000000e+00
LADDER E_rel=-1.089146767e-18 n=1.000362 type=E1 hbar_omega=7.579434731e-17 photon=0.000000000e+00
LADDER E_rel=-1.085158043e-18 n=1.002199 type=E1 hbar_omega=7.069172077e-17 photon=0.000000000e+00
LADDER E_rel=-1.074304114e-18 n=1.007249 type=E1 hbar_omega=1.015424167e-17 photon=0.000000000e+00
LADDER E_rel=-1.091313269e-18 n=0.999369 type=E1 hbar_omega=8.228478428e-17 photon=0.000000000e+00
LADDER E_rel=-1.081411101e-18 n=1.003934 type=E1 hbar_omega=6.014556242e-17 photon=0.000000000e+00
LADDER E_rel=-1.074390311e-18 n=1.007209 type=E1 hbar_omega=1.924470228e-17 photon=0.000000000e+00
LADDER E_rel=-1.092831286e-18 n=0.998675 type=E1 hbar_omega=8.713019260e-17 photon=0.000000000e+00
LADDER E_rel=-1.077748784e-18 n=1.005638 type=E1 hbar_omega=4.688847024e-17 photon=0.000000000e+00
LADDER E_rel=-1.075322951e-18 n=1.006772 type=E1 hbar_omega=2.985641956e-17 photon=0.000000000e+00
LADDER E_rel=-1.093438757e-18 n=0.998397 type=E1 hbar_omega=8.996668349e-17 photon=0.000000000e+00
LADDER E_rel=-1.074988583e-18 n=1.006928 type=E1 hbar_omega=3.289901999e-17 photon=0.000000000e+00
LADDER E_rel=-1.077165763e-18 n=1.005910 type=E1 hbar_omega=4.131201976e-17 photon=0.000000000e+00
LADDER E_rel=-1.093023464e-18 n=0.998587 type=E1 hbar_omega=9.062786909e-17 photon=0.000000000e+00
LADDER E_rel=-1.073261289e-18 n=1.007738 type=E1 hbar_omega=1.774643698e-17 photon=0.000000000e+00
LADDER E_rel=-1.079454233e-18 n=1.004843 type=E1 hbar_omega=5.170400781e-17 photon=0.000000000e+00
LADDER E_rel=-1.091021838e-18 n=0.999502 type=E1 hbar_omega=8.805753553e-17 photon=0.000000000e+00
LADDER E_rel=-1.072801562e-18 n=1.007954 type=E1 hbar_omega=5.727167250e-18 photon=0.000000000e+00
LADDER E_rel=-1.082457828e-18 n=1.003448 type=E1 hbar_omega=6.260140697e-17 photon=0.000000000e+00
LADDER E_rel=-1.088619254e-18 n=1.000605 type=E1 hbar_omega=8.395175327e-17 photon=0.000000000e+00
LADDER E_rel=-1.072713025e-18 n=1.007996 type=E1 hbar_omega=8.485563814e-19 photon=0.000000000e+00
LADDER E_rel=-1.084786212e-18 n=1.002371 type=E1 hbar_omega=7.026715504e-17 photon=0.000000000e+00
LADDER E_rel=-1.084846677e-18 n=1.002343 type=E1 hbar_omega=7.598958203e-17 photon=0.000000000e+00
LADDER E_rel=-1.072083969e-18 n=1.008292 type=E1 hbar_omega=5.102249561e-18 photon=0.000000000e+00
LADDER E_rel=-1.087058014e-18 n=1.001323 type=E1 hbar_omega=7.724997093e-17 photon=0.000000000e+00
LADDER E_rel=-1.081022470e-18 n=1.004114 type=E1 hbar_omega=6.635342788e-17 photon=0.000000000e+00
LADDER E_rel=-1.071733820e-18 n=1.008456 type=E1 hbar_omega=1.348290245e-17 photon=0.000000000e+00
LADDER E_rel=-1.089705474e-18 n=1.000106 type=E1 hbar_omega=8.496702324e-17 photon=0.000000000e+00
LADDER E_rel=-1.077660031e-18 n=1.005680 type=E1 hbar_omega=5.617031898e-17 photon=0.000000000e+00
LADDER E_rel=-1.072094119e-18 n=1.008287 type=E1 hbar_omega=2.290220857e-17 photon=0.000000000e+00
LADDER E_rel=-1.090726845e-18 n=0.999637 type=E1 hbar_omega=8.864955732e-17 photon=0.000000000e+00
LADDER E_rel=-1.073973413e-18 n=1.007404 type=E1 hbar_omega=4.113609783e-17 photon=0.000000000e+00
LADDER E_rel=-1.073468325e-18 n=1.007641 type=E1 hbar_omega=3.452123945e-17 photon=0.000000000e+00
LADDER E_rel=-1.090884446e-18 n=0.999565 type=E1 hbar_omega=9.047853787e-17 photon=0.000000000e+00
LADDER E_rel=-1.071621261e-18 n=1.008509 type=E1 hbar_omega=2.674796623e-17 photon=0.000000000e+00
LADDER E_rel=-1.075056940e-18 n=1.006896 type=E1 hbar_omega=4.363784855e-17 photon=0.000000000e+00
LADDER E_rel=-1.089741908e-18 n=1.000089 type=E1 hbar_omega=8.981530064e-17 photon=0.000000000e+00
LADDER E_rel=-1.070458525e-18 n=1.009057 type=E1 hbar_omega=1.323959675e-17 photon=0.000000000e+00
LADDER E_rel=-1.078262984e-18 n=1.005398 type=E1 hbar_omega=5.668085248e-17 photon=0.000000000e+00
LADDER E_rel=-1.087902785e-18 n=1.000934 type=E1 hbar_omega=8.716934326e-17 photon=0.000000000e+00
LADDER E_rel=-1.070296311e-18 n=1.009133 type=E1 hbar_omega=2.602550199e-18 photon=0.000000000e+00
LADDER E_rel=-1.080307057e-18 n=1.004447 type=E1 hbar_omega=6.407677486e-17 photon=0.000000000e+00
LADDER E_rel=-1.084605945e-18 n=1.002454 type=E1 hbar_omega=8.094706755e-17 photon=0.000000000e+00
LADDER E_rel=-1.069985963e-18 n=1.009280 type=E1 hbar_omega=1.854996226e-18 photon=0.000000000e+00
LADDER E_rel=-1.083478667e-18 n=1.002976 type=E1 hbar_omega=7.390138343e-17 photon=0.000000000e+00
LADDER E_rel=-1.080897527e-18 n=1.004172 type=E1 hbar_omega=7.259707809e-17 photon=0.000000000e+00
LADDER E_rel=-1.069355838e-18 n=1.009577 type=E1 hbar_omega=7.838938818e-18 photon=0.000000000e+00
LADDER E_rel=-1.085461656e-18 n=1.002059 type=E1 hbar_omega=7.997361749e-17 photon=0.000000000e+00
LADDER E_rel=-1.077349523e-18 n=1.005825 type=E1 hbar_omega=6.313335224e-17 photon=0.000000000e+00
LADDER E_rel=-1.069279816e-18 n=1.009613 type=E1 hbar_omega=1.718914514e-17 photon=0.000000000e+00
LADDER E_rel=-1.087659388e-18 n=1.001046 type=E1 hbar_omega=8.654781266e-17 photon=0.000000000e+00
LADDER E_rel=-1.073635652e-18 n=1.007563 type=E1 hbar_omega=5.066536867e-17 photon=0.000000000e+00
LADDER E_rel=-1.070129528e-18 n=1.009212 type=E1 hbar_omega=2.828536930e-17 photon=0.000000000e+00
LADDER E_rel=-1.088328468e-18 n=1.000738 type=E1 hbar_omega=8.941424026e-17 photon=0.000000000e+00
LADDER E_rel=-1.070251990e-18 n=1.009154 type=E1 hbar_omega=3.449556612e-17 photon=0.000000000e+00
LADDER E_rel=-1.071602469e-18 n=1.008518 type=E1 hbar_omega=3.850649088e-17 photon=0.000000000e+00
LADDER E_rel=-1.088079066e-18 n=1.000853 type=E1 hbar_omega=9.063525362e-17 photon=0.000000000e+00
LADDER E_rel=-1.068469158e-18 n=1.009996 type=E1 hbar_omega=2.065850095e-17 photon=0.000000000e+00
LADDER E_rel=-1.074166230e-18 n=1.007314 type=E1 hbar_omega=5.051281470e-17 photon=0.000000000e+00
LADDER E_rel=-1.086889955e-18 n=1.001400 type=E1 hbar_omega=8.948779038e-17 photon=0.000000000e+00
LADDER E_rel=-1.067790869e-18 n=1.010316 type=E1 hbar_omega=8.043621893e-18 photon=0.000000000e+00
LADDER E_rel=-1.076776437e-18 n=1.006092 type=E1 hbar_omega=6.038607486e-17 photon=0.000000000e+00
LADDER E_rel=-1.084288703e-18 n=1.002601 type=E1 hbar_omega=8.525549026e-17 photon=0.000000000e+00
LADDER E_rel=-1.067755297e-18 n=1.010333 type=E1 hbar_omega=8.554171642e-19 photon=0.000000000e+00
LADDER E_rel=-1.079748660e-18 n=1.004706 type=E1 hbar_omega=7.004887856e-17 photon=0.000000000e+00
LADDER E_rel=-1.080937809e-18 n=1.004154 type=E1 hbar_omega=7.856394273e-17 photon=0.000000000e+00
LADDER E_rel=-1.067170456e-18 n=1.010610 type=E1 hbar_omega=4.178667094e-18 photon=0.000000000e+00
LADDER E_rel=-1.081695516e-18 n=1.003802 type=E1 hbar_omega=7.619398152e-17 photon=0.000000000e+00
LADDER E_rel=-1.076444760e-18 n=1.006247 type=E1 hbar_omega=6.750335938e-17 photon=0.000000000e+00
LADDER E_rel=-1.066718293e-18 n=1.010824 type=E1 hbar_omega=1.163526355e-17 photon=0.000000000e+00
LADDER E_rel=-1.084205170e-18 n=1.002639 type=E1 hbar_omega=8.356497152e-17 photon=0.000000000e+00
LADDER E_rel=-1.073279837e-18 n=1.007730 type=E1 hbar_omega=5.830245880e-17 photon=0.000000000e+00
LADDER E_rel=-1.066938278e-18 n=1.010720 type=E1 hbar_omega=2.101479926e-17 photon=0.000000000e+00
LADDER E_rel=-1.085729346e-18 n=1.001935 type=E1 hbar_omega=8.854645907e-17 photon=0.000000000e+00
LADDER E_rel=-1.069530693e-18 n=1.009494 type=E1 hbar_omega=4.390616989e-17 photon=0.000000000e+00
LADDER E_rel=-1.067922784e-18 n=1.010254 type=E1 hbar_omega=3.117766950e-17 photon=0.000000000e+00
LADDER E_rel=-1.085900975e-18 n=1.001856 type=E1 hbar_omega=9.030253082e-17 photon=0.000000000e+00
LADDER E_rel=-1.066953620e-18 n=1.010713 type=E1 hbar_omega=2.950874725e-17 photon=0.000000000e+00
LADDER E_rel=-1.070237201e-18 n=1.009161 type=E1 hbar_omega=4.425899131e-17 photon=0.000000000e+00
LADDER E_rel=-1.085092759e-18 n=1.002229 type=E1 hbar_omega=9.027188503e-17 photon=0.000000000e+00
LADDER E_rel=-1.065542141e-18 n=1.011382 type=E1 hbar_omega=1.514180919e-17 photon=0.000000000e+00
LADDER E_rel=-1.072307667e-18 n=1.008186 type=E1 hbar_omega=5.335080841e-17 photon=0.000000000e+00
LADDER E_rel=-1.083016274e-18 n=1.003190 type=E1 hbar_omega=8.732520457e-17 photon=0.000000000e+00
LADDER E_rel=-1.065278751e-18 n=1.011507 type=E1 hbar_omega=3.483318564e-18 photon=0.000000000e+00
LADDER E_rel=-1.074878042e-18 n=1.006980 type=E1 hbar_omega=6.270957576e-17 photon=0.000000000e+00
LADDER E_rel=-1.080060581e-18 n=1.004561 type=E1 hbar_omega=8.190446082e-17 photon=0.000000000e+00
LADDER E_rel=-1.065053331e-18 n=1.011614 type=E1 hbar_omega=1.375204964e-18 photon=0.000000000e+00
LADDER E_rel=-1.077694797e-18 n=1.005663 type=E1 hbar_omega=7.171332671e-17 photon=0.000000000e+00
LADDER E_rel=-1.076707898e-18 n=1.006124 type=E1 hbar_omega=7.466400441e-17 photon=0.000000000e+00
LADDER E_rel=-1.064392069e-18 n=1.011928 type=E1 hbar_omega=7.110063895e-18 photon=0.000000000e+00
LADDER E_rel=-1.080356904e-18 n=1.004424 type=E1 hbar_omega=7.964182376e-17 photon=0.000000000e+00
LADDER E_rel=-1.072492911e-18 n=1.008099 type=E1 hbar_omega=6.352349350e-17 photon=0.000000000e+00
LADDER E_rel=-1.064183429e-18 n=1.012027 type=E1 hbar_omega=1.521916212e-17 photon=0.000000000e+00
LADDER E_rel=-1.082393075e-18 n=1.003478 type=E1 hbar_omega=8.578393470e-17 photon=0.000000000e+00
LADDER E_rel=-1.068968970e-18 n=1.009760 type=E1 hbar_omega=5.198356283e-17 photon=0.000000000e+00
LADDER E_rel=-1.064910596e-18 n=1.011682 type=E1 hbar_omega=2.659289181e-17 photon=0.000000000e+00
LADDER E_rel=-1.083390224e-18 n=1.003017 type=E1 hbar_omega=8.956260575e-17 photon=0.000000000e+00
LADDER E_rel=-1.065544631e-18 n=1.011381 type=E1 hbar_omega=3.635564120e-17 photon=0.000000000e+00
LADDER E_rel=-1.066528990e-18 n=1.010914 type=E1 hbar_omega=3.808542545e-17 photon=0.000000000e+00
LADDER E_rel=-1.083124952e-18 n=1.003139 type=E1 hbar_omega=9.065196350e-17 photon=0.000000000e+00
LADDER E_rel=-1.063610053e-18 n=1.012300 type=E1 hbar_omega=2.246046841e-17 photon=0.000000000e+00
LADDER E_rel=-1.068783000e-18 n=1.009847 type=E1 hbar_omega=4.905243497e-17 photon=0.000000000e+00
LADDER E_rel=-1.081629318e-18 n=1.003833 type=E1 hbar_omega=8.903457231e-17 photon=0.000000000e+00
LADDER E_rel=-1.062791048e-18 n=1.012690 type=E1 hbar_omega=9.028108887e-18 photon=0.000000000e+00
LADDER E_rel=-1.070987172e-18 n=1.008808 type=E1 hbar_omega=5.786002705e-17 photon=0.000000000e+00
LADDER E_rel=-1.079162968e-18 n=1.004979 type=E1 hbar_omega=8.498070193e-17 photon=0.000000000e+00
LADDER E_rel=-1.062757679e-18 n=1.012706 type=E1 hbar_omega=9.917194054e-19 photon=0.000000000e+00
LADDER E_rel=-1.074563459e-18 n=1.007128 type=E1 hbar_omega=6.952011734e-17 photon=0.000000000e+00
LADDER E_rel=-1.076118470e-18 n=1.006400 type=E1 hbar_omega=7.898182919e-17 photon=0.000000000e+00
LADDER E_rel=-1.062201812e-18 n=1.012971 type=E1 hbar_omega=3.688405679e-18 photon=0.000000000e+00
LADDER E_rel=-1.077149405e-18 n=1.005918 type=E1 hbar_omega=7.737806858e-17 photon=0.000000000e+00
LADDER E_rel=-1.071939402e-18 n=1.008360 type=E1 hbar_omega=6.894459021e-17 photon=0.000000000e+00
LADDER E_rel=-1.061702019e-18 n=1.013209 type=E1 hbar_omega=1.080517957e-17 photon=0.000000000e+00
LADDER E_rel=-1.079299919e-18 n=1.004915 type=E1 hbar_omega=8.381195169e-17 photon=0.000000000e+00
LADDER E_rel=-1.068170872e-18 n=1.010137 type=E1 hbar_omega=5.791859736e-17 photon=0.000000000e+00
LADDER E_rel=-1.061898334e-18 n=1.013116 type=E1 hbar_omega=2.064238483e-17 photon=0.000000000e+00
LADDER E_rel=-1.080639711e-18 n=1.004292 type=E1 hbar_omega=8.829517155e-17 photon=0.000000000e+00
LADDER E_rel=-1.064634783e-18 n=1.011813 type=E1 hbar_omega=4.445870651e-17 photon=0.000000000e+00
LADDER E_rel=-1.063075040e-18 n=1.012555 type=E1 hbar_omega=3.214056488e-17 photon=0.000000000e+00
LADDER E_rel=-1.080912977e-18 n=1.004165 type=E1 hbar_omega=9.047446818e-17 photon=0.000000000e+00
LADDER E_rel=-1.062082443e-18 n=1.013028 type=E1 hbar_omega=3.065621062e-17 photon=0.000000000e+00
LADDER E_rel=-1.064639878e-18 n=1.011810 type=E1 hbar_omega=4.173518466e-17 photon=0.000000000e+00
LADDER E_rel=-1.080054106e-18 n=1.004564 type=E1 hbar_omega=9.022948005e-17 photon=0.000000000e+00
LADDER E_rel=-1.060529152e-18 n=1.013770 type=E1 hbar_omega=1.503626101e-17 photon=0.000000000e+00
LADDER E_rel=-1.067067427e-18 n=1.010659 type=E1 hbar_omega=5.255101407e-17 photon=0.000000000e+00
LADDER E_rel=-1.078192017e-18 n=1.005431 type=E1 hbar_omega=8.767478537e-17 photon=0.000000000e+00
LADDER E_rel=-1.060250590e-18 n=1.013903 type=E1 hbar_omega=3.817120002e-18 photon=0.000000000e+00
LADDER E_rel=-1.070244192e-18 n=1.009158 type=E1 hbar_omega=6.384657821e-17 photon=0.000000000e+00
LADDER E_rel=-1.075604678e-18 n=1.006640 type=E1 hbar_omega=8.312595754e-17 photon=0.000000000e+00
LADDER E_rel=-1.060044666e-18 n=1.014001 type=E1 hbar_omega=1.298715295e-18 photon=0.000000000e+00
LADDER E_rel=-1.072713503e-18 n=1.007996 type=E1 hbar_omega=7.180548844e-17 photon=0.000000000e+00
LADDER E_rel=-1.071653480e-18 n=1.008494 type=E1 hbar_omega=7.456357344e-17 photon=0.000000000e+00
LADDER E_rel=-1.059379288e-18 n=1.014320 type=E1 hbar_omega=6.913705330e-18 photon=0.000000000e+00
LADDER E_rel=-1.075934712e-18 n=1.006486 type=E1 hbar_omega=8.117612297e-17 photon=0.000000000e+00
LADDER E_rel=-1.067752583e-18 n=1.010335 type=E1 hbar_omega=6.440442069e-17 photon=0.000000000e+00
LADDER E_rel=-1.059184301e-18 n=1.014413 type=E1 hbar_omega=1.562069888e-17 photon=0.000000000e+00
LADDER E_rel=-1.077571291e-18 n=1.005721 type=E1 hbar_omega=8.630542815e-17 photon=0.000000000e+00
LADDER E_rel=-1.063727974e-18 n=1.012244 type=E1 hbar_omega=5.106092168e-17 photon=0.000000000e+00
LADDER E_rel=-1.059878407e-18 n=1.014081 type=E1 hbar_omega=2.651564974e-17 photon=0.000000000e+00
LADDER E_rel=-1.078362040e-18 n=1.005352 type=E1 hbar_omega=8.953510599e-17 photon=0.000000000e+00
LADDER E_rel=-1.060531484e-18 n=1.013768 type=E1 hbar_omega=3.641321216e-17 photon=0.000000000e+00
LADDER E_rel=-1.061303223e-18 n=1.013400 type=E1 hbar_omega=3.708176826e-17 photon=0.000000000e+00
LADDER E_rel=-1.078166344e-18 n=1.005443 type=E1 hbar_omega=9.066428966e-17 photon=0.000000000e+00
LADDER E_rel=-1.058514337e-18 n=1.014734 type=E1 hbar_omega=2.147350873e-17 photon=0.000000000e+00
LADDER E_rel=-1.063199192e-18 n=1.012496 type=E1 hbar_omega=4.690345319e-17 photon=0.000000000e+00
LADDER E_rel=-1.076997418e-18 n=1.005989 type=E1 hbar_omega=8.967657415e-17 photon=0.000000000e+00
LADDER E_rel=-1.057767386e-18 n=1.015092 type=E1 hbar_omega=8.840542691e-18 photon=0.000000000e+00
LADDER E_rel=-1.065861015e-18 n=1.011231 type=E1 hbar_omega=5.753494494e-17 photon=0.000000000e+00
LADDER E_rel=-1.074223383e-18 n=1.007287 type=E1 hbar_omega=8.515574509e-17 photon=0.000000000e+00
LADDER E_rel=-1.057733808e-18 n=1.015108 type=E1 hbar_omega=9.572810488e-19 photon=0.000000000e+00
LADDER E_rel=-1.069060297e-18 n=1.009716 type=E1 hbar_omega=6.818643425e-17 photon=0.000000000e+00
LADDER E_rel=-1.070564982e-18 n=1.009007 type=E1 hbar_omega=7.772085005e-17 photon=0.000000000e+00
LADDER E_rel=-1.057169870e-18 n=1.015379 type=E1 hbar_omega=3.734401420e-18 photon=0.000000000e+00
LADDER E_rel=-1.072289568e-18 n=1.008195 type=E1 hbar_omega=7.781708291e-17 photon=0.000000000e+00
LADDER E_rel=-1.066735643e-18 n=1.010816 type=E1 hbar_omega=6.843804702e-17 photon=0.000000000e+00
LADDER E_rel=-1.056683486e-18 n=1.015613 type=E1 hbar_omega=1.156313588e-17 photon=0.000000000e+00
LADDER E_rel=-1.074134982e-18 n=1.007328 type=E1 hbar_omega=8.346053982e-17 photon=0.000000000e+00
LADDER E_rel=-1.063279447e-18 n=1.012458 type=E1 hbar_omega=5.841826078e-17 photon=0.000000000e+00
LADDER E_rel=-1.056938174e-18 n=1.015490 type=E1 hbar_omega=2.140173900e-17 photon=0.000000000e+00
LADDER E_rel=-1.075373543e-18 n=1.006748 type=E1 hbar_omega=8.762826860e-17 photon=0.000000000e+00
LADDER E_rel=-1.059362705e-18 n=1.014327 type=E1 hbar_omega=4.323294659e-17 photon=0.000000000e+00
LADDER E_rel=-1.058080800e-18 n=1.014942 type=E1 hbar_omega=3.237359648e-17 photon=0.000000000e+00
LADDER E_rel=-1.075880823e-18 n=1.006511 type=E1 hbar_omega=9.050751239e-17 photon=0.000000000e+00
LADDER E_rel=-1.056787857e-18 n=1.015562 type=E1 hbar_omega=2.840982278e-17 photon=0.000000000e+00
LADDER E_rel=-1.060080987e-18 n=1.013984 type=E1 hbar_omega=4.378787995e-17 photon=0.000000000e+00
LADDER E_rel=-1.075106890e-18 n=1.006873 type=E1 hbar_omega=9.034157483e-17 photon=0.000000000e+00
LADDER E_rel=-1.055468587e-18 n=1.016197 type=E1 hbar_omega=1.417881365e-17 photon=0.000000000e+00
LADDER E_rel=-1.062366850e-18 n=1.012892 type=E1 hbar_omega=5.371766447e-17 photon=0.000000000e+00
LADDER E_rel=-1.072872140e-18 n=1.007921 type=E1 hbar_omega=8.713601171e-17 photon=0.000000000e+00
LADDER E_rel=-1.055234084e-18 n=1.016310 type=E1 hbar_omega=3.435701422e-18 photon=0.000000000e+00
LADDER E_rel=-1.065249082e-18 n=1.011521 type=E1 hbar_omega=6.396473309e-17 photon=0.000000000e+00
LADDER E_rel=-1.070528712e-18 n=1.009024 type=E1 hbar_omega=8.303644574e-17 photon=0.000000000e+00
LADDER E_rel=-1.054990044e-18 n=1.016427 type=E1 hbar_omega=1.509326950e-18 photon=0.000000000e+00
LADDER E_rel=-1.068363400e-18 n=1.010046 type=E1 hbar_omega=7.365873564e-17 photon=0.000000000e+00
LADDER E_rel=-1.065941884e-18 n=1.011192 type=E1 hbar_omega=7.278722020e-17 photon=0.000000000e+00
LADDER E_rel=-1.054323214e-18 n=1.016749 type=E1 hbar_omega=7.719278211e-18 photon=0.000000000e+00
LADDER E_rel=-1.070305137e-18 n=1.009129 type=E1 hbar_omega=7.964654988e-17 photon=0.000000000e+00
LADDER E_rel=-1.062423957e-18 n=1.012865 type=E1 hbar_omega=6.348193944e-17 photon=0.000000000e+00
LADDER E_rel=-1.054219774e-18 n=1.016799 type=E1 hbar_omega=1.689010464e-17 photon=0.000000000e+00
LADDER E_rel=-1.072513077e-18 n=1.008090 type=E1 hbar_omega=8.624998002e-17 photon=0.000000000e+00
LADDER E_rel=-1.058707507e-18 n=1.014641 type=E1 hbar_omega=5.113971930e-17 photon=0.000000000e+00
LADDER E_rel=-1.055004206e-18 n=1.016421 type=E1 hbar_omega=2.772840463e-17 photon=0.000000000e+00
LADDER E_rel=-1.073442640e-18 n=1.007653 type=E1 hbar_omega=8.997457317e-17 photon=0.000000000e+00
LADDER E_rel=-1.055279802e-18 n=1.016288 type=E1 hbar_omega=3.500669082e-17 photon=0.000000000e+00
LADDER E_rel=-1.056383515e-18 n=1.015757 type=E1 hbar_omega=3.768935446e-17 photon=0.000000000e+00
LADDER E_rel=-1.073087859e-18 n=1.007820 type=E1 hbar_omega=9.065883985e-17 photon=0.000000000e+00
LADDER E_rel=-1.053444798e-18 n=1.017173 type=E1 hbar_omega=2.107755635e-17 photon=0.000000000e+00
LADDER E_rel=-1.058818821e-18 n=1.014588 type=E1 hbar_omega=4.943302697e-17 photon=0.000000000e+00
LADDER E_rel=-1.071482028e-18 n=1.008575 type=E1 hbar_omega=8.888993197e-17 photon=0.000000000e+00
LADDER E_rel=-1.052740989e-18 n=1.017513 type=E1 hbar_omega=7.622507347e-18 photon=0.000000000e+00
LADDER E_rel=-1.061305627e-18 n=1.013399 type=E1 hbar_omega=5.909393617e-17 photon=0.000000000e+00
LADDER E_rel=-1.068734385e-18 n=1.009870 type=E1 hbar_omega=8.422748375e-17 photon=0.000000000e+00
LADDER E_rel=-1.052698384e-18 n=1.017533 type=E1 hbar_omega=7.924423139e-19 photon=0.000000000e+00
LADDER E_rel=-1.064181868e-18 n=1.012028 type=E1 hbar_omega=6.864457553e-17 photon=0.000000000e+00
LADDER E_rel=-1.065361299e-18 n=1.011468 type=E1 hbar_omega=7.732457058e-17 photon=0.000000000e+00
LADDER E_rel=-1.052092574e-18 n=1.017826 type=E1 hbar_omega=4.311317409e-18 photon=0.000000000e+00
LADDER E_rel=-1.067056616e-18 n=1.010664 type=E1 hbar_omega=7.731742045e-17 photon=0.000000000e+00
LADDER E_rel=-1.061879716e-18 n=1.013125 type=E1 hbar_omega=6.897844660e-17 photon=0.000000000e+00
LADDER E_rel=-1.051648736e-18 n=1.018041 type=E1 hbar_omega=1.198546880e-17 photon=0.000000000e+00
LADDER E_rel=-1.069413909e-18 n=1.009550 type=E1 hbar_omega=8.429278322e-17 photon=0.000000000e+00
LADDER E_rel=-1.057886384e-18 n=1.015035 type=E1 hbar_omega=5.715446378e-17 photon=0.000000000e+00
LADDER E_rel=-1.052086359e-18 n=1.017829 type=E1 hbar_omega=2.325917289e-17 photon=0.000000000e+00
LADDER E_rel=-1.070765679e-18 n=1.008912 type=E1 hbar_omega=8.888444396e-17 photon=0.000000000e+00
LADDER E_rel=-1.054278000e-18 n=1.016771 type=E1 hbar_omega=4.302635165e-17 photon=0.000000000e+00
LADDER E_rel=-1.053328507e-18 n=1.017229 type=E1 hbar_omega=3.403535729e-17 photon=0.000000000e+00
LADDER E_rel=-1.070832835e-18 n=1.008880 type=E1 hbar_omega=9.040583417e-17 photon=0.000000000e+00
LADDER E_rel=-1.051596602e-18 n=1.018066 type=E1 hbar_omega=2.702227961e-17 photon=0.000000000e+00
LADDER E_rel=-1.055262656e-18 n=1.016296 type=E1 hbar_omega=4.472842734e-17 photon=0.000000000e+00
LADDER E_rel=-1.069936738e-18 n=1.009303 type=E1 hbar_omega=9.017116036e-17 photon=0.000000000e+00
LADDER E_rel=-1.050392172e-18 n=1.018650 type=E1 hbar_omega=1.277695614e-17 photon=0.000000000e+00
LADDER E_rel=-1.058189525e-18 n=1.014890 type=E1 hbar_omega=5.663522467e-17 photon=0.000000000e+00
LADDER E_rel=-1.067839084e-18 n=1.010294 type=E1 hbar_omega=8.715403807e-17 photon=0.000000000e+00
LADDER E_rel=-1.050257376e-18 n=1.018715 type=E1 hbar_omega=2.247649842e-18 photon=0.000000000e+00
LADDER E_rel=-1.060822654e-18 n=1.013629 type=E1 hbar_omega=6.577472868e-17 photon=0.000000000e+00
LADDER E_rel=-1.064916809e-18 n=1.011679 type=E1 hbar_omega=8.178744278e-17 photon=0.000000000e+00
LADDER E_rel=-1.049893116e-18 n=1.018892 type=E1 hbar_omega=2.127750551e-18 photon=0.000000000e+00
LADDER E_rel=-1.063572436e-18 n=1.012318 type=E1 hbar_omega=7.433189591e-17 photon=0.000000000e+00
LADDER E_rel=-1.060645648e-18 n=1.013714 type=E1 hbar_omega=7.210595491e-17 photon=0.000000000e+00
LADDER E_rel=-1.049266213e-18 n=1.019196 type=E1 hbar_omega=9.045761068e-18 photon=0.000000000e+00
LADDER E_rel=-1.066030066e-18 n=1.011151 type=E1 hbar_omega=8.162598926e-17 photon=0.000000000e+00
LADDER E_rel=-1.056610161e-18 n=1.015648 type=E1 hbar_omega=6.094264876e-17 photon=0.000000000e+00
LADDER E_rel=-1.049223724e-18 n=1.019217 type=E1 hbar_omega=1.760374261e-17 photon=0.000000000e+00
LADDER E_rel=-1.067760650e-18 n=1.010331 type=E1 hbar_omega=8.702777415e-17 photon=0.000000000e+00
LADDER E_rel=-1.052726504e-18 n=1.017520 type=E1 hbar_omega=4.698123545e-17 photon=0.000000000e+00
LADDER E_rel=-1.050004348e-18 n=1.018838 type=E1 hbar_omega=2.803518954e-17 photon=0.000000000e+00
LADDER E_rel=-1.068422912e-18 n=1.010018 type=E1 hbar_omega=9.006864104e-17 photon=0.000000000e+00
LADDER E_rel=-1.049877768e-18 n=1.018899 type=E1 hbar_omega=3.243292215e-17 photon=0.000000000e+00
LADDER E_rel=-1.051762615e-18 n=1.017986 type=E1 hbar_omega=3.970920215e-17 photon=0.000000000e+00
LADDER E_rel=-1.067869737e-18 n=1.010279 type=E1 hbar_omega=9.052304952e-17 photon=0.000000000e+00
LADDER E_rel=-1.048243553e-18 n=1.019693 type=E1 hbar_omega=1.845908501e-17 photon=0.000000000e+00
LADDER E_rel=-1.054103625e-18 n=1.016855 type=E1 hbar_omega=5.063930135e-17 photon=0.000000000e+00
LADDER E_rel=-1.066184745e-18 n=1.011077 type=E1 hbar_omega=8.844033194e-17 photon=0.000000000e+00
LADDER E_rel=-1.047754912e-18 n=1.019931 type=E1 hbar_omega=5.402656180e-18 photon=0.000000000e+00
LADDER E_rel=-1.057277404e-18 n=1.015327 type=E1 hbar_omega=6.223888213e-17 photon=0.000000000e+00
LADDER E_rel=-1.063640353e-18 n=1.012286 type=E1 hbar_omega=8.411906792e-17 photon=0.000000000e+00
LADDER E_rel=-1.047642908e-18 n=1.019985 type=E1 hbar_omega=9.300559539e-19 photon=0.000000000e+00
LADDER E_rel=-1.059845216e-18 n=1.014097 type=E1 hbar_omega=7.061129496e-17 photon=0.000000000e+00
LADDER E_rel=-1.059628532e-18 n=1.014200 type=E1 hbar_omega=7.560891830e-17 photon=0.000000000e+00
LADDER E_rel=-1.046964550e-18 n=1.020316 type=E1 hbar_omega=6.165120957e-18 photon=0.000000000e+00
LADDER E_rel=-1.062320229e-18 n=1.012915 type=E1 hbar_omega=7.811850448e-17 photon=0.000000000e+00
LADDER E_rel=-1.055594514e-18 n=1.016136 type=E1 hbar_omega=6.527408971e-17 photon=0.000000000e+00
LADDER E_rel=-1.046673265e-18 n=1.020458 type=E1 hbar_omega=1.409715460e-17 photon=0.000000000e+00
LADDER E_rel=-1.065004364e-18 n=1.011637 type=E1 hbar_omega=8.595117104e-17 photon=0.000000000e+00
LADDER E_rel=-1.051426211e-18 n=1.018149 type=E1 hbar_omega=5.163165234e-17 photon=0.000000000e+00
LADDER E_rel=-1.047163861e-18 n=1.020219 type=E1 hbar_omega=2.431577512e-17 photon=0.000000000e+00
LADDER E_rel=-1.065896494e-18 n=1.011214 type=E1 hbar_omega=8.942987956e-17 photon=0.000000000e+00
LADDER E_rel=-1.048517822e-18 n=1.019560 type=E1 hbar_omega=3.904492385e-17 photon=0.000000000e+00
LADDER E_rel=-1.048845669e-18 n=1.019400 type=E1 hbar_omega=3.699514055e-17 photon=0.000000000e+00
LADDER E_rel=-1.065731069e-18 n=1.011292 type=E1 hbar_omega=9.065942880e-17 photon=0.000000000e+00
LADDER E_rel=-1.046194090e-18 n=1.020691 type=E1 hbar_omega=2.308345114e-17 photon=0.000000000e+00
LADDER E_rel=-1.050809716e-18 n=1.018447 type=E1 hbar_omega=4.710243733e-17 photon=0.000000000e+00
LADDER E_rel=-1.064517620e-18 n=1.011869 type=E1 hbar_omega=8.960752618e-17 photon=0.000000000e+00
LADDER E_rel=-1.045322633e-18 n=1.021117 type=E1 hbar_omega=9.469470138e-18 photon=0.000000000e+00
LADDER E_rel=-1.053579494e-18 n=1.017108 type=E1 hbar_omega=5.804899485e-17 photon=0.000000000e+00
LADDER E_rel=-1.061627218e-18 n=1.013245 type=E1 hbar_omega=8.483257171e-17 photon=0.000000000e+00
LADDER E_rel=-1.045288828e-18 n=1.021133 type=E1 hbar_omega=1.052057291e-18 photon=0.000000000e+00
LADDER E_rel=-1.056892787e-18 n=1.015512 type=E1 hbar_omega=6.895558978e-17 photon=0.000000000e+00
LADDER E_rel=-1.058821631e-18 n=1.014587 type=E1 hbar_omega=7.938758278e-17 photon=0.000000000e+00
LADDER E_rel=-1.044739102e-18 n=1.021402 type=E1 hbar_omega=3.532936095e-18 photon=0.000000000e+00
LADDER E_rel=-1.059241893e-18 n=1.014385 type=E1 hbar_omega=7.622893639e-17 photon=0.000000000e+00
LADDER E_rel=-1.054884536e-18 n=1.016478 type=E1 hbar_omega=7.013426022e-17 photon=0.000000000e+00
LADDER E_rel=-1.044229487e-18 n=1.021651 type=E1 hbar_omega=1.103101562e-17 photon=0.000000000e+00
LADDER E_rel=-1.061278595e-18 n=1.013412 type=E1 hbar_omega=8.238644554e-17 photon=0.000000000e+00
LADDER E_rel=-1.050457349e-18 n=1.018618 type=E1 hbar_omega=5.704989131e-17 photon=0.000000000e+00
LADDER E_rel=-1.044418436e-18 n=1.021559 type=E1 hbar_omega=2.063209885e-17 photon=0.000000000e+00
LADDER E_rel=-1.063174199e-18 n=1.012508 type=E1 hbar_omega=8.831493512e-17 photon=0.000000000e+00
LADDER E_rel=-1.047133388e-18 n=1.020233 type=E1 hbar_omega=4.434513092e-17 photon=0.000000000e+00
LADDER E_rel=-1.045494874e-18 n=1.021033 type=E1 hbar_omega=3.154422366e-17 photon=0.000000000e+00
LADDER E_rel=-1.063429477e-18 n=1.012386 type=E1 hbar_omega=9.037880520e-17 photon=0.000000000e+00
LADDER E_rel=-1.044412778e-18 n=1.021561 type=E1 hbar_omega=2.905685506e-17 photon=0.000000000e+00
LADDER E_rel=-1.047456229e-18 n=1.020076 type=E1 hbar_omega=4.303572889e-17 photon=0.000000000e+00
LADDER E_rel=-1.062370585e-18 n=1.012891 type=E1 hbar_omega=8.993264862e-17 photon=0.000000000e+00
LADDER E_rel=-1.043000096e-18 n=1.022253 type=E1 hbar_omega=1.336838096e-17 photon=0.000000000e+00
LADDER E_rel=-1.049768717e-18 n=1.018952 type=E1 hbar_omega=5.319529894e-17 photon=0.000000000e+00
LADDER E_rel=-1.060542927e-18 n=1.013763 type=E1 hbar_omega=8.735531073e-17 photon=0.000000000e+00
LADDER E_rel=-1.042821605e-18 n=1.022340 type=E1 hbar_omega=2.784889473e-18 photon=0.000000000e+00
LADDER E_rel=-1.052714719e-18 n=1.017525 type=E1 hbar_omega=6.370451709e-17 photon=0.000000000e+00
LADDER E_rel=-1.057226843e-18 n=1.015352 type=E1 hbar_omega=8.114346720e-17 photon=0.000000000e+00
LADDER E_rel=-1.042516158e-18 n=1.022490 type=E1 hbar_omega=1.814449818e-18 photon=0.000000000e+00
LADDER E_rel=-1.055923179e-18 n=1.015978 type=E1 hbar_omega=7.367380931e-17 photon=0.000000000e+00
LADDER E_rel=-1.053474437e-18 n=1.017158 type=E1 hbar_omega=7.273346906e-17 photon=0.000000000e+00
LADDER E_rel=-1.041863472e-18 n=1.022810 type=E1 hbar_omega=8.445588484e-18 photon=0.000000000e+00
LADDER E_rel=-1.058796241e-18 n=1.014599 type=E1 hbar_omega=8.206581551e-17 photon=0.000000000e+00
LADDER E_rel=-1.049022406e-18 n=1.019314 type=E1 hbar_omega=6.032556703e-17 photon=0.000000000e+00
LADDER E_rel=-1.041783226e-18 n=1.022850 type=E1 hbar_omega=1.711035332e-17 photon=0.000000000e+00
LADDER E_rel=-1.060170416e-18 n=1.013941 type=E1 hbar_omega=8.652639093e-17 photon=0.000000000e+00
LADDER E_rel=-1.045510418e-18 n=1.021025 type=E1 hbar_omega=4.786498492e-17 photon=0.000000000e+00
LADDER E_rel=-1.042628084e-18 n=1.022435 type=E1 hbar_omega=2.825976502e-17 photon=0.000000000e+00
LADDER E_rel=-1.061030992e-18 n=1.013530 type=E1 hbar_omega=9.013418320e-17 photon=0.000000000e+00
LADDER E_rel=-1.042732958e-18 n=1.022384 type=E1 hbar_omega=3.435241319e-17 photon=0.000000000e+00
LADDER E_rel=-1.044678296e-18 n=1.021432 type=E1 hbar_omega=4.118847555e-17 photon=0.000000000e+00
LADDER E_rel=-1.060570763e-18 n=1.013750 type=E1 hbar_omega=9.061711671e-17 photon=0.000000000e+00
LADDER E_rel=-1.040795390e-18 n=1.023335 type=E1 hbar_omega=1.767461932e-17 photon=0.000000000e+00
LADDER E_rel=-1.046704207e-18 n=1.020443 type=E1 hbar_omega=5.067242224e-17 photon=0.000000000e+00
LADDER E_rel=-1.058764484e-18 n=1.014614 type=E1 hbar_omega=8.841590063e-17 photon=0.000000000e+00
LADDER E_rel=-1.040346726e-18 n=1.023556 type=E1 hbar_omega=5.382795726e-18 photon=0.000000000e+00
LADDER E_rel=-1.049339678e-18 n=1.019160 type=E1 hbar_omega=6.061628803e-17 photon=0.000000000e+00
LADDER E_rel=-1.055821549e-18 n=1.016027 type=E1 hbar_omega=8.324450289e-17 photon=0.000000000e+00
LADDER E_rel=-1.040236545e-18 n=1.023610 type=E1 hbar_omega=9.207970259e-19 photon=0.000000000e+00
LADDER E_rel=-1.052333712e-18 n=1.017709 type=E1 hbar_omega=7.032299336e-17 photon=0.000000000e+00
LADDER E_rel=-1.052313518e-18 n=1.017719 type=E1 hbar_omega=7.584261617e-17 photon=0.000000000e+00
LADDER E_rel=-1.039568107e-18 n=1.023939 type=E1 hbar_omega=5.825298987e-18 photon=0.000000000e+00
LADDER E_rel=-1.055235422e-18 n=1.016309 type=E1 hbar_omega=7.895511811e-17 photon=0.000000000e+00
LADDER E_rel=-1.047863504e-18 n=1.019878 type=E1 hbar_omega=6.426501056e-17 photon=0.000000000e+00
LADDER E_rel=-1.039306531e-18 n=1.024068 type=E1 hbar_omega=1.504177008e-17 photon=0.000000000e+00
LADDER E_rel=-1.057471508e-18 n=1.015234 type=E1 hbar_omega=8.561819021e-17 photon=0.000000000e+00
LADDER E_rel=-1.044146513e-18 n=1.021692 type=E1 hbar_omega=5.216775191e-17 photon=0.000000000e+00
LADDER E_rel=-1.039805420e-18 n=1.023822 type=E1 hbar_omega=2.475793592e-17 photon=0.000000000e+00
LADDER E_rel=-1.058546037e-18 n=1.014719 type=E1 hbar_omega=8.962865690e-17 photon=0.000000000e+00
LADDER E_rel=-1.041002871e-18 n=1.023233 type=E1 hbar_omega=3.842529552e-17 photon=0.000000000e+00
LADDER E_rel=-1.041280379e-18 n=1.023097 type=E1 hbar_omega=3.620491358e-17 photon=0.000000000e+00
LADDER E_rel=-1.058356791e-18 n=1.014809 type=E1 hbar_omega=9.063410462e-17 photon=0.000000000e+00
LADDER E_rel=-1.038695647e-18 n=1.024369 type=E1 hbar_omega=2.193433086e-17 photon=0.000000000e+00
LADDER E_rel=-1.043496164e-18 n=1.022010 type=E1 hbar_omega=4.747907015e-17 photon=0.000000000e+00
LADDER E_rel=-1.057037762e-18 n=1.015442 type=E1 hbar_omega=8.949220149e-17 photon=0.000000000e+00
LADDER E_rel=-1.037917323e-18 n=1.024753 type=E1 hbar_omega=8.649052436e-18 photon=0.000000000e+00
LADDER E_rel=-1.046715942e-18 n=1.020437 type=E1 hbar_omega=5.978317314e-17 photon=0.000000000e+00
LADDER E_rel=-1.054560377e-18 n=1.016634 type=E1 hbar_omega=8.552984852e-17 photon=0.000000000e+00
LADDER E_rel=-1.037887484e-18 n=1.024768 type=E1 hbar_omega=8.910836596e-19 photon=0.000000000e+00
LADDER E_rel=-1.049510908e-18 n=1.019077 type=E1 hbar_omega=6.902885480e-17 photon=0.000000000e+00
LADDER E_rel=-1.051380272e-18 n=1.018171 type=E1 hbar_omega=7.930966298e-17 photon=0.000000000e+00
LADDER E_rel=-1.037301987e-18 n=1.025057 type=E1 hbar_omega=3.964359692e-18 photon=0.000000000e+00
LADDER E_rel=-1.052279679e-18 n=1.017736 type=E1 hbar_omega=7.739793128e-17 photon=0.000000000e+00
LADDER E_rel=-1.047021498e-18 n=1.020288 type=E1 hbar_omega=6.884072528e-17 photon=0.000000000e+00
LADDER E_rel=-1.036833518e-18 n=1.025288 type=E1 hbar_omega=1.188579988e-17 photon=0.000000000e+00
LADDER E_rel=-1.054556295e-18 n=1.016636 type=E1 hbar_omega=8.416302317e-17 photon=0.000000000e+00
LADDER E_rel=-1.043113607e-18 n=1.022197 type=E1 hbar_omega=5.729877373e-17 photon=0.000000000e+00
LADDER E_rel=-1.037234321e-18 n=1.025090 type=E1 hbar_omega=2.291187472e-17 photon=0.000000000e+00
LADDER E_rel=-1.055896008e-18 n=1.015991 type=E1 hbar_omega=8.870027053e-17 photon=0.000000000e+00
LADDER E_rel=-1.039065830e-18 n=1.024186 type=E1 hbar_omega=4.087685943e-17 photon=0.000000000e+00
LADDER E_rel=-1.038388422e-18 n=1.024520 type=E1 hbar_omega=3.334032107e-17 photon=0.000000000e+00
LADDER E_rel=-1.056010151e-18 n=1.015936 type=E1 hbar_omega=9.060669210e-17 photon=0.000000000e+00
LADDER E_rel=-1.036829216e-18 n=1.025290 type=E1 hbar_omega=2.749975699e-17 photon=0.000000000e+00
LADDER E_rel=-1.040184438e-18 n=1.023636 type=E1 hbar_omega=4.363517140e-17 photon=0.000000000e+00
LADDER E_rel=-1.054856047e-18 n=1.016492 type=E1 hbar_omega=8.977413648e-17 photon=0.000000000e+00
LADDER E_rel=-1.035564760e-18 n=1.025916 type=E1 hbar_omega=1.214535420e-17 photon=0.000000000e+00
LADDER E_rel=-1.042926774e-18 n=1.022289 type=E1 hbar_omega=5.514731677e-17 photon=0.000000000e+00
LADDER E_rel=-1.052634990e-18 n=1.017564 type=E1 hbar_omega=8.639742387e-17 photon=0.000000000e+00
LADDER E_rel=-1.035464091e-18 n=1.025966 type=E1 hbar_omega=1.889863159e-18 photon=0.000000000e+00
LADDER E_rel=-1.046406423e-18 n=1.020588 type=E1 hbar_omega=6.692590540e-17 photon=0.000000000e+00
LADDER E_rel=-1.049715009e-18 n=1.018978 type=E1 hbar_omega=8.091796098e-17 photon=0.000000000e+00
LADDER E_rel=-1.035045265e-18 n=1.026174 type=E1 hbar_omega=2.494539596e-18 photon=0.000000000e+00
LADDER E_rel=-1.049040798e-18 n=1.019305 type=E1 hbar_omega=7.508692867e-17 photon=0.000000000e+00
LADDER E_rel=-1.045531196e-18 n=1.021015 type=E1 hbar_omega=7.129506162e-17 photon=0.000000000e+00
LADDER E_rel=-1.034446636e-18 n=1.026471 type=E1 hbar_omega=9.965033435e-18 photon=0.000000000e+00
LADDER E_rel=-1.051361800e-18 n=1.018180 type=E1 hbar_omega=8.200514279e-17 photon=0.000000000e+00
LADDER E_rel=-1.041625701e-18 n=1.022927 type=E1 hbar_omega=6.038119340e-17 photon=0.000000000e+00
LADDER E_rel=-1.034519532e-18 n=1.026434 type=E1 hbar_omega=1.915388800e-17 photon=0.000000000e+00
LADDER E_rel=-1.052981610e-18 n=1.017396 type=E1 hbar_omega=8.712620927e-17 photon=0.000000000e+00
LADDER E_rel=-1.037854277e-18 n=1.024784 type=E1 hbar_omega=4.673872453e-17 photon=0.000000000e+00
LADDER E_rel=-1.035484442e-18 n=1.025956 type=E1 hbar_omega=3.005513751e-17 photon=0.000000000e+00
LADDER E_rel=-1.053600019e-18 n=1.017098 type=E1 hbar_omega=9.004231193e-17 photon=0.000000000e+00
LADDER E_rel=-1.034792815e-18 n=1.026299 type=E1 hbar_omega=3.035354902e-17 photon=0.000000000e+00
LADDER E_rel=-1.037430212e-18 n=1.024993 type=E1 hbar_omega=4.193284592e-17 photon=0.000000000e+00
LADDER E_rel=-1.053088211e-18 n=1.017345 type=E1 hbar_omega=9.055715827e-17 photon=0.000000000e+00
LADDER E_rel=-1.033307678e-18 n=1.027036 type=E1 hbar_omega=1.602493555e-17 photon=0.000000000e+00
LADDER E_rel=-1.039870413e-18 n=1.023790 type=E1 hbar_omega=5.275478049e-17 photon=0.000000000e+00
LADDER E_rel=-1.050869327e-18 n=1.018418 type=E1 hbar_omega=8.753670382e-17 photon=0.000000000e+00
LADDER E_rel=-1.032997852e-18 n=1.027190 type=E1 hbar_omega=3.751682275e-18 photon=0.000000000e+00
LADDER E_rel=-1.043050652e-18 n=1.022228 type=E1 hbar_omega=6.402790761e-17 photon=0.000000000e+00
LADDER E_rel=-1.048267188e-18 n=1.019681 type=E1 hbar_omega=8.294274744e-17 photon=0.000000000e+00
LADDER E_rel=-1.032777007e-18 n=1.027300 type=E1 hbar_omega=1.430883874e-18 photon=0.000000000e+00
LADDER E_rel=-1.045513551e-18 n=1.021023 type=E1 hbar_omega=7.195403303e-17 photon=0.000000000e+00
LADDER E_rel=-1.044311257e-18 n=1.021611 type=E1 hbar_omega=7.434291104e-17 photon=0.000000000e+00
LADDER E_rel=-1.032102093e-18 n=1.027636 type=E1 hbar_omega=7.500351153e-18 photon=0.000000000e+00
LADDER E_rel=-1.048713421e-18 n=1.019465 type=E1 hbar_omega=8.126505098e-17 photon=0.000000000e+00
LADDER E_rel=-1.040424076e-18 n=1.023518 type=E1 hbar_omega=6.419585329e-17 photon=0.000000000e+00
LADDER E_rel=-1.031993155e-18 n=1.027690 type=E1 hbar_omega=1.691919933e-17 photon=0.000000000e+00
LADDER E_rel=-1.050325810e-18 n=1.018682 type=E1 hbar_omega=8.633748654e-17 photon=0.000000000e+00
LADDER E_rel=-1.035797597e-18 n=1.025801 type=E1 hbar_omega=4.815957566e-17 photon=0.000000000e+00
LADDER E_rel=-1.032887548e-18 n=1.027245 type=E1 hbar_omega=2.851306939e-17 photon=0.000000000e+00
LADDER E_rel=-1.051101938e-18 n=1.018306 type=E1 hbar_omega=8.953399136e-17 photon=0.000000000e+00
LADDER E_rel=-1.032908582e-18 n=1.027234 type=E1 hbar_omega=3.402274455e-17 photon=0.000000000e+00
LADDER E_rel=-1.034541427e-18 n=1.026424 type=E1 hbar_omega=3.955044148e-17 photon=0.000000000e+00
LADDER E_rel=-1.050696638e-18 n=1.018502 type=E1 hbar_omega=9.052846621e-17 photon=0.000000000e+00
LADDER E_rel=-1.031055717e-18 n=1.028157 type=E1 hbar_omega=1.847002961e-17 photon=0.000000000e+00
LADDER E_rel=-1.036632303e-18 n=1.025388 type=E1 hbar_omega=4.959285371e-17 photon=0.000000000e+00
LADDER E_rel=-1.049207567e-18 n=1.019224 type=E1 hbar_omega=8.880122260e-17 photon=0.000000000e+00
LADDER E_rel=-1.030548894e-18 n=1.028410 type=E1 hbar_omega=5.963444745e-18 photon=0.000000000e+00
LADDER E_rel=-1.039454670e-18 n=1.023995 type=E1 hbar_omega=6.028043025e-17 photon=0.000000000e+00
LADDER E_rel=-1.046135178e-18 n=1.020720 type=E1 hbar_omega=8.343676366e-17 photon=0.000000000e+00
LADDER E_rel=-1.030462184e-18 n=1.028453 type=E1 hbar_omega=8.666003205e-19 photon=0.000000000e+00
LADDER E_rel=-1.042698479e-18 n=1.022401 type=E1 hbar_omega=7.071580419e-17 photon=0.000000000e+00
LADDER E_rel=-1.042385574e-18 n=1.022554 type=E1 hbar_omega=7.546435335e-17 photon=0.000000000e+00
LADDER E_rel=-1.029781362e-18 n=1.028793 type=E1 hbar_omega=6.001140704e-18 photon=0.000000000e+00
LADDER E_rel=-1.045805168e-18 n=1.020881 type=E1 hbar_omega=7.985446944e-17 photon=0.000000000e+00
LADDER E_rel=-1.038630139e-18 n=1.024401 type=E1 hbar_omega=6.596220310e-17 photon=0.000000000e+00
LADDER E_rel=-1.029502337e-18 n=1.028932 type=E1 hbar_omega=1.457548935e-17 photon=0.000000000e+00
LADDER E_rel=-1.047455331e-18 n=1.020077 type=E1 hbar_omega=8.499450938e-17 photon=0.000000000e+00
LADDER E_rel=-1.034606390e-18 n=1.026391 type=E1 hbar_omega=5.314899007e-17 photon=0.000000000e+00
LADDER E_rel=-1.029996063e-18 n=1.028686 type=E1 hbar_omega=2.452106902e-17 photon=0.000000000e+00
LADDER E_rel=-1.048742154e-18 n=1.019451 type=E1 hbar_omega=8.953683003e-17 photon=0.000000000e+00
LADDER E_rel=-1.031261316e-18 n=1.028055 type=E1 hbar_omega=3.866277761e-17 photon=0.000000000e+00
LADDER E_rel=-1.031559477e-18 n=1.027906 type=E1 hbar_omega=3.651895842e-17 photon=0.000000000e+00
LADDER E_rel=-1.048562876e-18 n=1.019538 type=E1 hbar_omega=9.064453968e-17 photon=0.000000000e+00
LADDER E_rel=-1.028895134e-18 n=1.029236 type=E1 hbar_omega=2.168831369e-17 photon=0.000000000e+00
LADDER E_rel=-1.033991852e-18 n=1.026696 type=E1 hbar_omega=4.853954130e-17 photon=0.000000000e+00
LADDER E_rel=-1.047055506e-18 n=1.020271 type=E1 hbar_omega=8.915511103e-17 photon=0.000000000e+00
LADDER E_rel=-1.028138915e-18 n=1.029614 type=E1 hbar_omega=8.377201482e-18 photon=0.000000000e+00
LADDER E_rel=-1.036568722e-18 n=1.025419 type=E1 hbar_omega=5.862472941e-17 photon=0.000000000e+00
LADDER E_rel=-1.044256715e-18 n=1.021638 type=E1 hbar_omega=8.445452818e-17 photon=0.000000000e+00
LADDER E_rel=-1.028112928e-18 n=1.029627 type=E1 hbar_omega=7.882259173e-19 photon=0.000000000e+00
LADDER E_rel=-1.039589723e-18 n=1.023928 type=E1 hbar_omega=6.863561446e-17 photon=0.000000000e+00
LADDER E_rel=-1.040745523e-18 n=1.023360 type=E1 hbar_omega=7.726120149e-17 photon=0.000000000e+00
LADDER E_rel=-1.027498770e-18 n=1.029935 type=E1 hbar_omega=4.325709234e-18 photon=0.000000000e+00
LADDER E_rel=-1.042602424e-18 n=1.022448 type=E1 hbar_omega=7.766561620e-17 photon=0.000000000e+00
LADDER E_rel=-1.037125845e-18 n=1.025144 type=E1 hbar_omega=6.851047456e-17 photon=0.000000000e+00
LADDER E_rel=-1.027090631e-18 n=1.030140 type=E1 hbar_omega=1.329400958e-17 photon=0.000000000e+00
LADDER E_rel=-1.045026290e-18 n=1.021261 type=E1 hbar_omega=8.481287967e-17 photon=0.000000000e+00
LADDER E_rel=-1.033047483e-18 n=1.027165 type=E1 hbar_omega=5.625147445e-17 photon=0.000000000e+00
LADDER E_rel=-1.027570825e-18 n=1.029899 type=E1 hbar_omega=2.398221226e-17 photon=0.000000000e+00
LADDER E_rel=-1.045962849e-18 n=1.020804 type=E1 hbar_omega=8.825097312e-17 photon=0.000000000e+00
LADDER E_rel=-1.029015375e-18 n=1.029176 type=E1 hbar_omega=3.935013966e-17 photon=0.000000000e+00
LADDER E_rel=-1.028973352e-18 n=1.029197 type=E1 hbar_omega=3.534679899e-17 photon=0.000000000e+00
LADDER E_rel=-1.046238931e-18 n=1.020669 type=E1 hbar_omega=9.057316866e-17 photon=0.000000000e+00
LADDER E_rel=-1.026724905e-18 n=1.030323 type=E1 hbar_omega=2.411255683e-17 photon=0.000000000e+00
LADDER E_rel=-1.031142600e-18 n=1.028114 type=E1 hbar_omega=4.665402225e-17 photon=0.000000000e+00
LADDER E_rel=-1.045033025e-18 n=1.021258 type=E1 hbar_omega=8.970494169e-17 photon=0.000000000e+00
LADDER E_rel=-1.025767457e-18 n=1.030804 type=E1 hbar_omega=1.030528976e-17 photon=0.000000000e+00
LADDER E_rel=-1.033430951e-18 n=1.026975 type=E1 hbar_omega=5.610095204e-17 photon=0.000000000e+00
LADDER E_rel=-1.042593906e-18 n=1.022452 type=E1 hbar_omega=8.587961802e-17 photon=0.000000000e+00
LADDER E_rel=-1.025726467e-18 n=1.030825 type=E1 hbar_omega=1.226603928e-18 photon=0.000000000e+00
LADDER E_rel=-1.037195135e-18 n=1.025110 type=E1 hbar_omega=6.854289043e-17 photon=0.000000000e+00
LADDER E_rel=-1.039387944e-18 n=1.024028 type=E1 hbar_omega=7.966177673e-17 photon=0.000000000e+00
LADDER E_rel=-1.025197897e-18 n=1.031090 type=E1 hbar_omega=3.331674866e-18 photon=0.000000000e+00
LADDER E_rel=-1.040035832e-18 n=1.023709 type=E1 hbar_omega=7.713449671e-17 photon=0.000000000e+00
LADDER E_rel=-1.034963407e-18 n=1.026214 type=E1 hbar_omega=6.909187435e-17 photon=0.000000000e+00
LADDER E_rel=-1.024666676e-18 n=1.031357 type=E1 hbar_omega=1.086199917e-17 photon=0.000000000e+00
LADDER E_rel=-1.042380132e-18 n=1.022557 type=E1 hbar_omega=8.408010286e-17 photon=0.000000000e+00
LADDER E_rel=-1.030988129e-18 n=1.028191 type=E1 hbar_omega=5.738071802e-17 photon=0.000000000e+00
LADDER E_rel=-1.024911086e-18 n=1.031235 type=E1 hbar_omega=2.118468227e-17 photon=0.000000000e+00
LADDER E_rel=-1.043337611e-18 n=1.022088 type=E1 hbar_omega=8.751190641e-17 photon=0.000000000e+00
LADDER E_rel=-1.027376047e-18 n=1.029997 type=E1 hbar_omega=4.333305746e-17 photon=0.000000000e+00
LADDER E_rel=-1.026269097e-18 n=1.030552 type=E1 hbar_omega=3.348526585e-17 photon=0.000000000e+00
LADDER E_rel=-1.043867777e-18 n=1.021828 type=E1 hbar_omega=9.031289524e-17 photon=0.000000000e+00
LADDER E_rel=-1.024664647e-18 n=1.031359 type=E1 hbar_omega=2.731769417e-17 photon=0.000000000e+00
LADDER E_rel=-1.028117065e-18 n=1.029625 type=E1 hbar_omega=4.395822151e-17 photon=0.000000000e+00
LADDER E_rel=-1.043072799e-18 n=1.022217 type=E1 hbar_omega=9.028637241e-17 photon=0.000000000e+00
LADDER E_rel=-1.023433370e-18 n=1.031979 type=E1 hbar_omega=1.296111983e-17 photon=0.000000000e+00
LADDER E_rel=-1.030934544e-18 n=1.028217 type=E1 hbar_omega=5.565380319e-17 photon=0.000000000e+00
LADDER E_rel=-1.040348919e-18 n=1.023555 type=E1 hbar_omega=8.611154670e-17 photon=0.000000000e+00
LADDER E_rel=-1.023315147e-18 n=1.032038 type=E1 hbar_omega=1.979257902e-18 photon=0.000000000e+00
LADDER E_rel=-1.033476221e-18 n=1.026952 type=E1 hbar_omega=6.464129194e-17 photon=0.000000000e+00
LADDER E_rel=-1.037349235e-18 n=1.025033 type=E1 hbar_omega=8.040756316e-17 photon=0.000000000e+00
LADDER E_rel=-1.022898584e-18 n=1.032248 type=E1 hbar_omega=2.530913485e-18 photon=0.000000000e+00
LADDER E_rel=-1.037164007e-18 n=1.025125 type=E1 hbar_omega=7.578819856e-17 photon=0.000000000e+00
LADDER E_rel=-1.033111260e-18 n=1.027134 type=E1 hbar_omega=7.052937474e-17 photon=0.000000000e+00
LADDER E_rel=-1.022299491e-18 n=1.032551 type=E1 hbar_omega=9.383682816e-18 photon=0.000000000e+00
LADDER E_rel=-1.039475996e-18 n=1.023984 type=E1 hbar_omega=8.266540626e-17 photon=0.000000000e+00
LADDER E_rel=-1.029204978e-18 n=1.029081 type=E1 hbar_omega=5.942966797e-17 photon=0.000000000e+00
LADDER E_rel=-1.022417623e-18 n=1.032491 type=E1 hbar_omega=1.969550512e-17 photon=0.000000000e+00
LADDER E_rel=-1.041021077e-18 n=1.023224 type=E1 hbar_omega=8.762614435e-17 photon=0.000000000e+00
LADDER E_rel=-1.025493774e-18 n=1.030941 type=E1 hbar_omega=4.571770585e-17 photon=0.000000000e+00
LADDER E_rel=-1.023476626e-18 n=1.031957 type=E1 hbar_omega=3.094057308e-17 photon=0.000000000e+00
LADDER E_rel=-1.041499982e-18 n=1.022989 type=E1 hbar_omega=9.026450458e-17 photon=0.000000000e+00
LADDER E_rel=-1.022539618e-18 n=1.032430 type=E1 hbar_omega=2.947045023e-17 photon=0.000000000e+00
LADDER E_rel=-1.025567203e-18 n=1.030905 type=E1 hbar_omega=4.316557509e-17 photon=0.000000000e+00
LADDER E_rel=-1.040807545e-18 n=1.023329 type=E1 hbar_omega=9.040679174e-17 photon=0.000000000e+00
LADDER E_rel=-1.021102311e-18 n=1.033156 type=E1 hbar_omega=1.430215263e-17 photon=0.000000000e+00
LADDER E_rel=-1.028157896e-18 n=1.029605 type=E1 hbar_omega=5.425715454e-17 photon=0.000000000e+00
LADDER E_rel=-1.038344968e-18 n=1.024542 type=E1 hbar_omega=8.681322855e-17 photon=0.000000000e+00
LADDER E_rel=-1.020896960e-18 n=1.033260 type=E1 hbar_omega=2.883139898e-18 photon=0.000000000e+00
LADDER E_rel=-1.031461841e-18 n=1.027955 type=E1 hbar_omega=6.566031434e-17 photon=0.000000000e+00
LADDER E_rel=-1.035600618e-18 n=1.025898 type=E1 hbar_omega=8.179662869e-17 photon=0.000000000e+00
LADDER E_rel=-1.020586678e-18 n=1.033417 type=E1 hbar_omega=1.912675227e-18 photon=0.000000000e+00
LADDER E_rel=-1.033965184e-18 n=1.026709 type=E1 hbar_omega=7.356825880e-17 photon=0.000000000e+00
LADDER E_rel=-1.031566179e-18 n=1.027903 type=E1 hbar_omega=7.276841886e-17 photon=0.000000000e+00
LADDER E_rel=-1.019935836e-18 n=1.033747 type=E1 hbar_omega=8.591916529e-18 photon=0.000000000e+00
LADDER E_rel=-1.037084088e-18 n=1.025164 type=E1 hbar_omega=8.259988298e-17 photon=0.000000000e+00
LADDER E_rel=-1.027704590e-18 n=1.029832 type=E1 hbar_omega=6.236189920e-17 photon=0.000000000e+00
LADDER E_rel=-1.019904119e-18 n=1.033763 type=E1 hbar_omega=1.785090207e-17 photon=0.000000000e+00
LADDER E_rel=-1.038546294e-18 n=1.024443 type=E1 hbar_omega=8.733224562e-17 photon=0.000000000e+00
LADDER E_rel=-1.023243368e-18 n=1.032075 type=E1 hbar_omega=4.628859472e-17 photon=0.000000000e+00
LADDER E_rel=-1.020964497e-18 n=1.033226 type=E1 hbar_omega=3.003281805e-17 photon=0.000000000e+00
LADDER E_rel=-1.039088336e-18 n=1.024175 type=E1 hbar_omega=9.004294066e-17 photon=0.000000000e+00
LADDER E_rel=-1.020534222e-18 n=1.033444 type=E1 hbar_omega=3.239980765e-17 photon=0.000000000e+00
LADDER E_rel=-1.022824086e-18 n=1.032286 type=E1 hbar_omega=4.152362235e-17 photon=0.000000000e+00
LADDER E_rel=-1.038610857e-18 n=1.024411 type=E1 hbar_omega=9.058259567e-17 photon=0.000000000e+00
LADDER E_rel=-1.018798010e-18 n=1.034324 type=E1 hbar_omega=1.615398859e-17 photon=0.000000000e+00
LADDER E_rel=-1.025112853e-18 n=1.031133 type=E1 hbar_omega=5.189314944e-17 photon=0.000000000e+00
LADDER E_rel=-1.036547275e-18 n=1.025430 type=E1 hbar_omega=8.788614219e-17 photon=0.000000000e+00
LADDER E_rel=-1.018466688e-18 n=1.034492 type=E1 hbar_omega=4.108604867e-18 photon=0.000000000e+00
LADDER E_rel=-1.028103309e-18 n=1.029632 type=E1 hbar_omega=6.273068383e-17 photon=0.000000000e+00
LADDER E_rel=-1.033221722e-18 n=1.027079 type=E1 hbar_omega=8.177098542e-17 photon=0.000000000e+00
LADDER E_rel=-1.018267866e-18 n=1.034593 type=E1 hbar_omega=1.367282389e-18 photon=0.000000000e+00
LADDER E_rel=-1.031416886e-18 n=1.027977 type=E1 hbar_omega=7.308347197e-17 photon=0.000000000e+00
LADDER E_rel=-1.029371750e-18 n=1.028998 type=E1 hbar_omega=7.323103737e-17 photon=0.000000000e+00
LADDER E_rel=-1.017581009e-18 n=1.034942 type=E1 hbar_omega=7.644131094e-18 photon=0.000000000e+00
LADDER E_rel=-1.034419123e-18 n=1.026484 type=E1 hbar_omega=8.183114494e-17 photon=0.000000000e+00
LADDER E_rel=-1.025657190e-18 n=1.030859 type=E1 hbar_omega=6.340099344e-17 photon=0.000000000e+00
LADDER E_rel=-1.017483669e-18 n=1.034992 type=E1 hbar_omega=1.705007091e-17 photon=0.000000000e+00
LADDER E_rel=-1.035880871e-18 n=1.025760 type=E1 hbar_omega=8.651803375e-17 photon=0.000000000e+00
LADDER E_rel=-1.021198110e-18 n=1.033108 type=E1 hbar_omega=4.778646406e-17 photon=0.000000000e+00
LADDER E_rel=-1.018352188e-18 n=1.034550 type=E1 hbar_omega=2.840577939e-17 photon=0.000000000e+00
LADDER E_rel=-1.036751296e-18 n=1.025329 type=E1 hbar_omega=9.018232834e-17 photon=0.000000000e+00
LADDER E_rel=-1.018391885e-18 n=1.034530 type=E1 hbar_omega=3.404733423e-17 photon=0.000000000e+00
LADDER E_rel=-1.019911066e-18 n=1.033759 type=E1 hbar_omega=3.902150381e-17 photon=0.000000000e+00
LADDER E_rel=-1.036229471e-18 n=1.025587 type=E1 hbar_omega=9.056970024e-17 photon=0.000000000e+00
LADDER E_rel=-1.016480589e-18 n=1.035502 type=E1 hbar_omega=1.734038660e-17 photon=0.000000000e+00
LADDER E_rel=-1.022633190e-18 n=1.032382 type=E1 hbar_omega=5.148683309e-17 photon=0.000000000e+00
LADDER E_rel=-1.034272437e-18 n=1.026557 type=E1 hbar_omega=8.805187981e-17 photon=0.000000000e+00
LADDER E_rel=-1.016069679e-18 n=1.035711 type=E1 hbar_omega=4.832566964e-18 photon=0.000000000e+00
LADDER E_rel=-1.025412770e-18 n=1.030982 type=E1 hbar_omega=6.175116883e-17 photon=0.000000000e+00
LADDER E_rel=-1.031155857e-18 n=1.028107 type=E1 hbar_omega=8.243686431e-17 photon=0.000000000e+00
LADDER E_rel=-1.015924240e-18 n=1.035786 type=E1 hbar_omega=1.124731930e-18 photon=0.000000000e+00
LADDER E_rel=-1.028522381e-18 n=1.029423 type=E1 hbar_omega=7.165041800e-17 photon=0.000000000e+00
LADDER E_rel=-1.027518768e-18 n=1.029925 type=E1 hbar_omega=7.457266605e-17 photon=0.000000000e+00
LADDER E_rel=-1.015224277e-18 n=1.036143 type=E1 hbar_omega=7.192168539e-18 photon=0.000000000e+00
LADDER E_rel=-1.031448650e-18 n=1.027961 type=E1 hbar_omega=8.027088683e-17 photon=0.000000000e+00
LADDER E_rel=-1.023035004e-18 n=1.032180 type=E1 hbar_omega=6.257078066e-17 photon=0.000000000e+00
LADDER E_rel=-1.015042631e-18 n=1.036235 type=E1 hbar_omega=1.582277668e-17 photon=0.000000000e+00
LADDER E_rel=-1.033566462e-18 n=1.026908 type=E1 hbar_omega=8.665699050e-17 photon=0.000000000e+00
LADDER E_rel=-1.019388293e-18 n=1.034024 type=E1 hbar_omega=5.025885733e-17 photon=0.000000000e+00
LADDER E_rel=-1.015954653e-18 n=1.035770 type=E1 hbar_omega=2.818413934e-17 photon=0.000000000e+00
LADDER E_rel=-1.034187856e-18 n=1.026599 type=E1 hbar_omega=8.941669679e-17 photon=0.000000000e+00
LADDER E_rel=-1.016057759e-18 n=1.035718 type=E1 hbar_omega=3.426897781e-17 photon=0.000000000e+00
LADDER E_rel=-1.017386010e-18 n=1.035041 type=E1 hbar_omega=3.826348579e-17 photon=0.000000000e+00
LADDER E_rel=-1.033929142e-18 n=1.026727 type=E1 hbar_omega=9.062038103e-17 photon=0.000000000e+00
LADDER E_rel=-1.014203411e-18 n=1.036664 type=E1 hbar_omega=1.909160716e-17 photon=0.000000000e+00
LADDER E_rel=-1.019870315e-18 n=1.033780 type=E1 hbar_omega=5.005678124e-17 photon=0.000000000e+00
LADDER E_rel=-1.032214108e-18 n=1.027580 type=E1 hbar_omega=8.860788037e-17 photon=0.000000000e+00
LADDER E_rel=-1.013664057e-18 n=1.036940 type=E1 hbar_omega=5.853889794e-18 photon=0.000000000e+00
LADDER E_rel=-1.023353836e-18 n=1.032019 type=E1 hbar_omega=6.268503326e-17 photon=0.000000000e+00
LADDER E_rel=-1.029405221e-18 n=1.028981 type=E1 hbar_omega=8.376602920e-17 photon=0.000000000e+00
LADDER E_rel=-1.013574097e-18 n=1.036986 type=E1 hbar_omega=9.152150880e-19 photon=0.000000000e+00
LADDER E_rel=-1.026279832e-18 n=1.030547 type=E1 hbar_omega=7.199133721e-17 photon=0.000000000e+00
LADDER E_rel=-1.025026187e-18 n=1.031177 type=E1 hbar_omega=7.424997446e-17 photon=0.000000000e+00
LADDER E_rel=-1.012872439e-18 n=1.037345 type=E1 hbar_omega=6.563908397e-18 photon=0.000000000e+00
LADDER E_rel=-1.029019363e-18 n=1.029174 type=E1 hbar_omega=8.011228711e-17 photon=0.000000000e+00
LADDER E_rel=-1.021619102e-18 n=1.032895 type=E1 hbar_omega=6.558948760e-17 photon=0.000000000e+00
LADDER E_rel=-1.012653661e-18 n=1.037457 type=E1 hbar_omega=1.548090530e-17 photon=0.000000000e+00
LADDER E_rel=-1.031047004e-18 n=1.028161 type=E1 hbar_omega=8.625596018e-17 photon=0.000000000e+00
LADDER E_rel=-1.017185175e-18 n=1.035143 type=E1 hbar_omega=5.097221367e-17 photon=0.000000000e+00
LADDER E_rel=-1.013449100e-18 n=1.037050 type=E1 hbar_omega=2.723184651e-17 photon=0.000000000e+00
LADDER E_rel=-1.031936117e-18 n=1.027718 type=E1 hbar_omega=8.983774699e-17 photon=0.000000000e+00
LADDER E_rel=-1.013835599e-18 n=1.036852 type=E1 hbar_omega=3.529746178e-17 photon=0.000000000e+00
LADDER E_rel=-1.015196618e-18 n=1.036157 type=E1 hbar_omega=3.913629173e-17 photon=0.000000000e+00
LADDER E_rel=-1.031479209e-18 n=1.027946 type=E1 hbar_omega=9.055685166e-17 photon=0.000000000e+00
LADDER E_rel=-1.011888051e-18 n=1.037849 type=E1 hbar_omega=2.004268056e-17 photon=0.000000000e+00
LADDER E_rel=-1.017612590e-18 n=1.034926 type=E1 hbar_omega=5.047216819e-17 photon=0.000000000e+00
LADDER E_rel=-1.029753230e-18 n=1.028807 type=E1 hbar_omega=8.844777872e-17 photon=0.000000000e+00
LADDER E_rel=-1.011281240e-18 n=1.038161 type=E1 hbar_omega=6.253359050e-18 photon=0.000000000e+00
LADDER E_rel=-1.020932231e-18 n=1.033242 type=E1 hbar_omega=6.253243105e-17 photon=0.000000000e+00
LADDER E_rel=-1.027077106e-18 n=1.030147 type=E1 hbar_omega=8.385648420e-17 photon=0.000000000e+00
LADDER E_rel=-1.011208547e-18 n=1.038198 type=E1 hbar_omega=8.343185452e-19 photon=0.000000000e+00
LADDER E_rel=-1.023656464e-18 n=1.031866 type=E1 hbar_omega=7.130154899e-17 photon=0.000000000e+00
LADDER E_rel=-1.022898841e-18 n=1.032248 type=E1 hbar_omega=7.487813615e-17 photon=0.000000000e+00
LADDER E_rel=-1.010526694e-18 n=1.038548 type=E1 hbar_omega=5.802249701e-18 photon=0.000000000e+00
LADDER E_rel=-1.026244228e-18 n=1.030564 type=E1 hbar_omega=7.906777191e-17 photon=0.000000000e+00
LADDER E_rel=-1.018747672e-18 n=1.034349 type=E1 hbar_omega=6.402930959e-17 photon=0.000000000e+00
LADDER E_rel=-1.010241168e-18 n=1.038695 type=E1 hbar_omega=1.467030022e-17 photon=0.000000000e+00
LADDER E_rel=-1.028271418e-18 n=1.029548 type=E1 hbar_omega=8.518942164e-17 photon=0.000000000e+00
LADDER E_rel=-1.015246089e-18 n=1.036131 type=E1 hbar_omega=5.276409808e-17 photon=0.000000000e+00
LADDER E_rel=-1.010853315e-18 n=1.038380 type=E1 hbar_omega=2.554918832e-17 photon=0.000000000e+00
LADDER E_rel=-1.029361609e-18 n=1.029003 type=E1 hbar_omega=8.914842662e-17 photon=0.000000000e+00
LADDER E_rel=-1.011761430e-18 n=1.037914 type=E1 hbar_omega=3.724783269e-17 photon=0.000000000e+00
LADDER E_rel=-1.012802525e-18 n=1.037381 type=E1 hbar_omega=3.904049218e-17 photon=0.000000000e+00
LADDER E_rel=-1.029114386e-18 n=1.029126 type=E1 hbar_omega=9.056396180e-17 photon=0.000000000e+00
LADDER E_rel=-1.009516758e-18 n=1.039068 type=E1 hbar_omega=2.008679627e-17 photon=0.000000000e+00
LADDER E_rel=-1.015056358e-18 n=1.036228 type=E1 hbar_omega=4.979900791e-17 photon=0.000000000e+00
LADDER E_rel=-1.027521241e-18 n=1.029924 type=E1 hbar_omega=8.869550774e-17 photon=0.000000000e+00
LADDER E_rel=-1.008891946e-18 n=1.039389 type=E1 hbar_omega=6.879587208e-18 photon=0.000000000e+00
LADDER E_rel=-1.018142272e-18 n=1.034657 type=E1 hbar_omega=6.126674617e-17 photon=0.000000000e+00
LADDER E_rel=-1.025068434e-18 n=1.031155 type=E1 hbar_omega=8.462168827e-17 photon=0.000000000e+00
LADDER E_rel=-1.008838586e-18 n=1.039417 type=E1 hbar_omega=7.890925955e-19 photon=0.000000000e+00
LADDER E_rel=-1.020647126e-18 n=1.033386 type=E1 hbar_omega=6.955046449e-17 photon=0.000000000e+00
LADDER E_rel=-1.021136526e-18 n=1.033139 type=E1 hbar_omega=7.642589594e-17 photon=0.000000000e+00
LADDER E_rel=-1.008151646e-18 n=1.039771 type=E1 hbar_omega=5.886033210e-18 photon=0.000000000e+00
LADDER E_rel=-1.024033801e-18 n=1.031676 type=E1 hbar_omega=7.948406158e-17 photon=0.000000000e+00
LADDER E_rel=-1.017120958e-18 n=1.035176 type=E1 hbar_omega=6.633865726e-17 photon=0.000000000e+00
LADDER E_rel=-1.007867351e-18 n=1.039917 type=E1 hbar_omega=1.463977919e-17 photon=0.000000000e+00
LADDER E_rel=-1.025885996e-18 n=1.030744 type=E1 hbar_omega=8.515306251e-17 photon=0.000000000e+00
LADDER E_rel=-1.012886117e-18 n=1.037338 type=E1 hbar_omega=5.281410681e-17 photon=0.000000000e+00
LADDER E_rel=-1.008428533e-18 n=1.039628 type=E1 hbar_omega=2.512680542e-17 photon=0.000000000e+00
LADDER E_rel=-1.027181583e-18 n=1.030094 type=E1 hbar_omega=8.979766530e-17 photon=0.000000000e+00
LADDER E_rel=-1.009106338e-18 n=1.039279 type=E1 hbar_omega=3.540848186e-17 photon=0.000000000e+00
LADDER E_rel=-1.010208578e-18 n=1.038712 type=E1 hbar_omega=3.796530513e-17 photon=0.000000000e+00
LADDER E_rel=-1.026836051e-18 n=1.030267 type=E1 hbar_omega=9.063083280e-17 photon=0.000000000e+00
LADDER E_rel=-1.007185427e-18 n=1.040269 type=E1 hbar_omega=2.070220591e-17 photon=0.000000000e+00
LADDER E_rel=-1.012989974e-18 n=1.037285 type=E1 hbar_omega=5.091438823e-17 photon=0.000000000e+00
LADDER E_rel=-1.025502697e-18 n=1.030937 type=E1 hbar_omega=8.929360138e-17 photon=0.000000000e+00
LADDER E_rel=-1.006525855e-18 n=1.040610 type=E1 hbar_omega=6.671509172e-18 photon=0.000000000e+00
LADDER E_rel=-1.015950434e-18 n=1.035772 type=E1 hbar_omega=6.181771647e-17 photon=0.000000000e+00
LADDER E_rel=-1.022535701e-18 n=1.032432 type=E1 hbar_omega=8.428639058e-17 photon=0.000000000e+00
LADDER E_rel=-1.006468790e-18 n=1.040640 type=E1 hbar_omega=7.741213666e-19 photon=0.000000000e+00
LADDER E_rel=-1.018260427e-18 n=1.034597 type=E1 hbar_omega=6.951036750e-17 photon=0.000000000e+00
LADDER E_rel=-1.018775287e-18 n=1.034335 type=E1 hbar_omega=7.645373099e-17 photon=0.000000000e+00
LADDER E_rel=-1.005781006e-18 n=1.040995 type=E1 hbar_omega=5.777156812e-18 photon=0.000000000e+00
LADDER E_rel=-1.021466086e-18 n=1.032972 type=E1 hbar_omega=7.898297813e-17 photon=0.000000000e+00
LADDER E_rel=-1.014028016e-18 n=1.036754 type=E1 hbar_omega=6.411448803e-17 photon=0.000000000e+00
LADDER E_rel=-1.005529272e-18 n=1.041126 type=E1 hbar_omega=1.537123576e-17 photon=0.000000000e+00
LADDER E_rel=-1.023887035e-18 n=1.031750 type=E1 hbar_omega=8.613894473e-17 photon=0.000000000e+00
LADDER E_rel=-1.010109215e-18 n=1.038763 type=E1 hbar_omega=5.115141580e-17 photon=0.000000000e+00
LADDER E_rel=-1.006148248e-18 n=1.040805 type=E1 hbar_omega=2.587218784e-17 photon=0.000000000e+00
LADDER E_rel=-1.024665789e-18 n=1.031358 type=E1 hbar_omega=8.930455498e-17 photon=0.000000000e+00
LADDER E_rel=-1.006948674e-18 n=1.040392 type=E1 hbar_omega=3.682695491e-17 photon=0.000000000e+00
LADDER E_rel=-1.007935507e-18 n=1.039882 type=E1 hbar_omega=3.845332434e-17 photon=0.000000000e+00
LADDER E_rel=-1.024423076e-18 n=1.031480 type=E1 hbar_omega=9.060500696e-17 photon=0.000000000e+00
LADDER E_rel=-1.004792291e-18 n=1.041507 type=E1 hbar_omega=2.040432506e-17 photon=0.000000000e+00
LADDER E_rel=-1.010608072e-18 n=1.038506 type=E1 hbar_omega=5.088542760e-17 photon=0.000000000e+00
LADDER E_rel=-1.023132994e-18 n=1.032130 type=E1 hbar_omega=8.929944927e-17 photon=0.000000000e+00
LADDER E_rel=-1.004151787e-18 n=1.041840 type=E1 hbar_omega=6.671261703e-18 photon=0.000000000e+00
LADDER E_rel=-1.013373821e-18 n=1.037088 type=E1 hbar_omega=6.119008026e-17 photon=0.000000000e+00
LADDER E_rel=-1.020342533e-18 n=1.033541 type=E1 hbar_omega=8.465706996e-17 photon=0.000000000e+00
LADDER E_rel=-1.004096455e-18 n=1.041868 type=E1 hbar_omega=7.794508097e-19 photon=0.000000000e+00
LADDER E_rel=-1.016487976e-18 n=1.035498 type=E1 hbar_omega=7.116668680e-17 photon=0.000000000e+00
LADDER E_rel=-1.015818676e-18 n=1.035839 type=E1 hbar_omega=7.497978417e-17 photon=0.000000000e+00
LADDER E_rel=-1.003400937e-18 n=1.042229 type=E1 hbar_omega=5.968239112e-18 photon=0.000000000e+00
LADDER E_rel=-1.019447858e-18 n=1.033994 type=E1 hbar_omega=7.989879255e-17 photon=0.000000000e+00
LADDER E_rel=-1.012203322e-18 n=1.037688 type=E1 hbar_omega=6.582031651e-17 photon=0.000000000e+00
LADDER E_rel=-1.003169093e-18 n=1.042350 type=E1 hbar_omega=1.560513398e-17 photon=0.000000000e+00
LADDER E_rel=-1.020993028e-18 n=1.033211 type=E1 hbar_omega=8.476524972e-17 photon=0.000000000e+00
LADDER E_rel=-1.007612356e-18 n=1.040049 type=E1 hbar_omega=5.062457743e-17 photon=0.000000000e+00
LADDER E_rel=-1.003771467e-18 n=1.042037 type=E1 hbar_omega=2.584253973e-17 photon=0.000000000e+00
LADDER E_rel=-1.022290226e-18 n=1.032556 type=E1 hbar_omega=8.929335338e-17 photon=0.000000000e+00
LADDER E_rel=-1.004578816e-18 n=1.041618 type=E1 hbar_omega=3.684711075e-17 photon=0.000000000e+00
LADDER E_rel=-1.005446381e-18 n=1.041169 type=E1 hbar_omega=3.788627740e-17 photon=0.000000000e+00
LADDER E_rel=-1.022095818e-18 n=1.032654 type=E1 hbar_omega=9.063183900e-17 photon=0.000000000e+00
LADDER E_rel=-1.002440758e-18 n=1.042728 type=E1 hbar_omega=2.072791402e-17 photon=0.000000000e+00
LADDER E_rel=-1.007905199e-18 n=1.039898 type=E1 hbar_omega=4.966804298e-17 photon=0.000000000e+00
LADDER E_rel=-1.020428600e-18 n=1.033497 type=E1 hbar_omega=8.873255918e-17 photon=0.000000000e+00
LADDER E_rel=-1.001788490e-18 n=1.043068 type=E1 hbar_omega=6.368333656e-18 photon=0.000000000e+00
LADDER E_rel=-1.011370692e-18 n=1.038115 type=E1 hbar_omega=6.231820651e-17 photon=0.000000000e+00
LADDER E_rel=-1.017640601e-18 n=1.034912 type=E1 hbar_omega=8.396916128e-17 photon=0.000000000e+00
LADDER E_rel=-1.001718382e-18 n=1.043104 type=E1 hbar_omega=8.105284280e-19 photon=0.000000000e+00
LADDER E_rel=-1.014299358e-18 n=1.036615 type=E1 hbar_omega=7.166829857e-17 photon=0.000000000e+00
LADDER E_rel=-1.014253550e-18 n=1.036638 type=E1 hbar_omega=7.700671219e-17 photon=0.000000000e+00
LADDER E_rel=-1.001027609e-18 n=1.043464 type=E1 hbar_omega=5.951197722e-18 photon=0.000000000e+00
LADDER E_rel=-1.017051236e-18 n=1.035212 type=E1 hbar_omega=7.983857968e-17 photon=0.000000000e+00
LADDER E_rel=-1.009850953e-18 n=1.038896 type=E1 hbar_omega=6.588603147e-17 photon=0.000000000e+00
LADDER E_rel=-1.000779674e-18 n=1.043593 type=E1 hbar_omega=1.530457761e-17 photon=0.000000000e+00
LADDER E_rel=-1.019115904e-18 n=1.034162 type=E1 hbar_omega=8.606792046e-17 photon=0.000000000e+00
LADDER E_rel=-1.005388457e-18 n=1.041199 type=E1 hbar_omega=5.125759201e-17 photon=0.000000000e+00
LADDER E_rel=-1.001548362e-18 n=1.043193 type=E1 hbar_omega=2.697139974e-17 photon=0.000000000e+00
LADDER E_rel=-1.020053067e-18 n=1.033687 type=E1 hbar_omega=8.975475425e-17 photon=0.000000000e+00
LADDER E_rel=-1.002002753e-18 n=1.042956 type=E1 hbar_omega=3.551630960e-17 photon=0.000000000e+00
LADDER E_rel=-1.003266921e-18 n=1.042299 type=E1 hbar_omega=3.882860083e-17 photon=0.000000000e+00
LADDER E_rel=-1.019642458e-18 n=1.033895 type=E1 hbar_omega=9.057616115e-17 photon=0.000000000e+00
LADDER E_rel=-1.000030006e-18 n=1.043984 type=E1 hbar_omega=2.016627604e-17 photon=0.000000000e+00
LADDER E_rel=-1.005659154e-18 n=1.041058 type=E1 hbar_omega=5.014614263e-17 photon=0.000000000e+00
LADDER E_rel=-1.017951506e-18 n=1.034754 type=E1 hbar_omega=8.855344338e-17 photon=0.000000000e+00
LADDER E_rel=-9.994292751e-19 n=1.044298 type=E1 hbar_omega=5.809696226e-18 photon=0.000000000e+00
LADDER E_rel=-1.008962954e-18 n=1.039353 type=E1 hbar_omega=6.221510903e-17 photon=0.000000000e+00
LADDER E_rel=-1.015294947e-18 n=1.036107 type=E1 hbar_omega=8.402782246e-17 photon=0.000000000e+00
LADDER E_rel=-9.993387445e-19 n=1.044345 type=E1 hbar_omega=9.232903963e-19 photon=0.000000000e+00
LADDER E_rel=-1.011686089e-18 n=1.037953 type=E1 hbar_omega=7.101164247e-17 photon=0.000000000e+00
LADDER E_rel=-1.011122434e-18 n=1.038242 type=E1 hbar_omega=7.510626802e-17 photon=0.000000000e+00
LADDER E_rel=-9.986282423e-19 n=1.044717 type=E1 hbar_omega=6.793336586e-18 photon=0.000000000e+00
LADDER E_rel=-1.014286943e-18 n=1.036621 type=E1 hbar_omega=7.882154669e-17 photon=0.000000000e+00
LADDER E_rel=-1.006962623e-18 n=1.040384 type=E1 hbar_omega=6.428243405e-17 photon=0.000000000e+00
LADDER E_rel=-9.984320769e-19 n=1.044820 type=E1 hbar_omega=1.577154174e-17 photon=0.000000000e+00
LADDER E_rel=-1.016958357e-18 n=1.035259 type=E1 hbar_omega=8.663918870e-17 photon=0.000000000e+00
LADDER E_rel=-1.002774218e-18 n=1.042555 type=E1 hbar_omega=5.022969119e-17 photon=0.000000000e+00
LADDER E_rel=-9.992233346e-19 n=1.044406 type=E1 hbar_omega=2.731201182e-17 photon=0.000000000e+00
LADDER E_rel=-1.017713497e-18 n=1.034875 type=E1 hbar_omega=8.987400084e-17 photon=0.000000000e+00
LADDER E_rel=-9.995720300e-19 n=1.044224 type=E1 hbar_omega=3.511870647e-17 photon=0.000000000e+00
LADDER E_rel=-1.000878375e-18 n=1.043542 type=E1 hbar_omega=3.874017316e-17 photon=0.000000000e+00
LADDER E_rel=-1.017280360e-18 n=1.035095 type=E1 hbar_omega=9.058166938e-17 photon=0.000000000e+00
LADDER E_rel=-9.975772740e-19 n=1.045267 type=E1 hbar_omega=1.876024936e-17 photon=0.000000000e+00
LADDER E_rel=-1.003912193e-18 n=1.041964 type=E1 hbar_omega=5.238006151e-17 photon=0.000000000e+00
LADDER E_rel=-1.015728206e-18 n=1.035886 type=E1 hbar_omega=8.880402792e-17 photon=0.000000000e+00
LADDER E_rel=-9.970877634e-19 n=1.045524 type=E1 hbar_omega=5.061922362e-18 photon=0.000000000e+00
LADDER E_rel=-1.006153132e-18 n=1.040803 type=E1 hbar_omega=6.087127996e-17 photon=0.000000000e+00
LADDER E_rel=-1.012432015e-18 n=1.037570 type=E1 hbar_omega=8.297589307e-17 photon=0.000000000e+00
LADDER E_rel=-9.969548409e-19 n=1.045593 type=E1 hbar_omega=1.058104465e-18 photon=0.000000000e+00
LADDER E_rel=-1.009657547e-18 n=1.038995 type=E1 hbar_omega=7.195017505e-17 photon=0.000000000e+00
LADDER E_rel=-1.008413058e-18 n=1.039636 type=E1 hbar_omega=7.423860836e-17 photon=0.000000000e+00
LADDER E_rel=-9.962522204e-19 n=1.045962 type=E1 hbar_omega=6.862917764e-18 photon=0.000000000e+00
LADDER E_rel=-1.012906752e-18 n=1.037327 type=E1 hbar_omega=8.138707403e-17 photon=0.000000000e+00
LADDER E_rel=-1.004472882e-18 n=1.041673 type=E1 hbar_omega=6.391591708e-17 photon=0.000000000e+00
LADDER E_rel=-9.961312678e-19 n=1.046025 type=E1 hbar_omega=1.700297932e-17 photon=0.000000000e+00
LADDER E_rel=-1.014539373e-18 n=1.036492 type=E1 hbar_omega=8.651744340e-17 photon=0.000000000e+00
LADDER E_rel=-1.000449433e-18 n=1.043766 type=E1 hbar_omega=5.044282350e-17 photon=0.000000000e+00
LADDER E_rel=-9.970585213e-19 n=1.045539 type=E1 hbar_omega=2.879106187e-17 photon=0.000000000e+00
LADDER E_rel=-1.015281676e-18 n=1.036113 type=E1 hbar_omega=8.966411768e-17 photon=0.000000000e+00
LADDER E_rel=-9.969664809e-19 n=1.045587 type=E1 hbar_omega=3.351335961e-17 photon=0.000000000e+00
LADDER E_rel=-9.987738870e-19 n=1.044641 type=E1 hbar_omega=4.003053632e-17 photon=0.000000000e+00
LADDER E_rel=-1.014767607e-18 n=1.036376 type=E1 hbar_omega=9.044738624e-17 photon=0.000000000e+00
LADDER E_rel=-9.951006056e-19 n=1.046567 type=E1 hbar_omega=1.675910828e-17 photon=0.000000000e+00
LADDER E_rel=-1.001772637e-18 n=1.043076 type=E1 hbar_omega=5.322535598e-17 photon=0.000000000e+00
LADDER E_rel=-1.013171702e-18 n=1.037192 type=E1 hbar_omega=8.849573000e-17 photon=0.000000000e+00
LADDER E_rel=-9.947407924e-19 n=1.046756 type=E1 hbar_omega=4.241204074e-18 photon=0.000000000e+00
LADDER E_rel=-1.004839986e-18 n=1.041483 type=E1 hbar_omega=6.409253809e-17 photon=0.000000000e+00
LADDER E_rel=-1.009976627e-18 n=1.038831 type=E1 hbar_omega=8.281162875e-17 photon=0.000000000e+00
LADDER E_rel=-9.945453270e-19 n=1.046859 type=E1 hbar_omega=1.381472410e-18 photon=0.000000000e+00
LADDER E_rel=-1.008160056e-18 n=1.039766 type=E1 hbar_omega=7.432316585e-17 photon=0.000000000e+00
LADDER E_rel=-1.006153675e-18 n=1.040803 type=E1 hbar_omega=7.455052830e-17 photon=0.000000000e+00
LADDER E_rel=-9.938507132e-19 n=1.047225 type=E1 hbar_omega=7.908486094e-18 photon=0.000000000e+00
LADDER E_rel=-1.010245913e-18 n=1.038692 type=E1 hbar_omega=8.065934691e-17 photon=0.000000000e+00
LADDER E_rel=-1.001504180e-18 n=1.043216 type=E1 hbar_omega=6.200528671e-17 photon=0.000000000e+00
LADDER E_rel=-9.937945074e-19 n=1.047255 type=E1 hbar_omega=1.764644328e-17 photon=0.000000000e+00
LADDER E_rel=-1.012409119e-18 n=1.037582 type=E1 hbar_omega=8.719020829e-17 photon=0.000000000e+00
LADDER E_rel=-9.971850620e-19 n=1.045473 type=E1 hbar_omega=4.646238428e-17 photon=0.000000000e+00
LADDER E_rel=-9.947583587e-19 n=1.046747 type=E1 hbar_omega=2.931830178e-17 photon=0.000000000e+00
LADDER E_rel=-1.012952120e-18 n=1.037304 type=E1 hbar_omega=8.984465256e-17 photon=0.000000000e+00
LADDER E_rel=-9.942352755e-19 n=1.047022 type=E1 hbar_omega=3.081995858e-17 photon=0.000000000e+00
LADDER E_rel=-9.964202171e-19 n=1.045874 type=E1 hbar_omega=4.014131638e-17 photon=0.000000000e+00
LADDER E_rel=-1.012376649e-18 n=1.037599 type=E1 hbar_omega=9.043103877e-17 photon=0.000000000e+00
LADDER E_rel=-9.926729405e-19 n=1.047846 type=E1 hbar_omega=1.547408180e-17 photon=0.000000000e+00
LADDER E_rel=-9.992524144e-19 n=1.044391 type=E1 hbar_omega=5.272650461e-17 photon=0.000000000e+00
LADDER E_rel=-1.010237431e-18 n=1.038697 type=E1 hbar_omega=8.747869063e-17 photon=0.000000000e+00
LADDER E_rel=-9.924035880e-19 n=1.047988 type=E1 hbar_omega=3.420308262e-18 photon=0.000000000e+00
LADDER E_rel=-1.002090660e-18 n=1.042910 type=E1 hbar_omega=6.298019877e-17 photon=0.000000000e+00
LADDER E_rel=-1.007019912e-18 n=1.040355 type=E1 hbar_omega=8.153087426e-17 photon=0.000000000e+00
LADDER E_rel=-9.921262354e-19 n=1.048135 type=E1 hbar_omega=1.842014720e-18 photon=0.000000000e+00
LADDER E_rel=-1.005196169e-18 n=1.041298 type=E1 hbar_omega=7.274783143e-17 photon=0.000000000e+00
LADDER E_rel=-1.003364250e-18 n=1.042248 type=E1 hbar_omega=7.347332670e-17 photon=0.000000000e+00
LADDER E_rel=-9.914645312e-19 n=1.048484 type=E1 hbar_omega=8.765089203e-18 photon=0.000000000e+00
LADDER E_rel=-1.008051272e-18 n=1.039823 type=E1 hbar_omega=8.112604517e-17 photon=0.000000000e+00
LADDER E_rel=-9.989446139e-19 n=1.044551 type=E1 hbar_omega=6.139595293e-17 photon=0.000000000e+00
LADDER E_rel=-9.915288603e-19 n=1.048450 type=E1 hbar_omega=1.912772214e-17 photon=0.000000000e+00
LADDER E_rel=-1.010032505e-18 n=1.038802 type=E1 hbar_omega=8.718923399e-17 photon=0.000000000e+00
LADDER E_rel=-9.948064441e-19 n=1.046722 type=E1 hbar_omega=4.645531262e-17 photon=0.000000000e+00
LADDER E_rel=-9.926502467e-19 n=1.047858 type=E1 hbar_omega=3.104770357e-17 photon=0.000000000e+00
LADDER E_rel=-1.010670398e-18 n=1.038474 type=E1 hbar_omega=9.029636260e-17 photon=0.000000000e+00
LADDER E_rel=-9.916636851e-19 n=1.048379 type=E1 hbar_omega=2.920158884e-17 photon=0.000000000e+00
LADDER E_rel=-9.943837139e-19 n=1.046944 type=E1 hbar_omega=4.168132469e-17 photon=0.000000000e+00
LADDER E_rel=-1.009797793e-18 n=1.038923 type=E1 hbar_omega=9.017405150e-17 photon=0.000000000e+00
LADDER E_rel=-9.902428674e-19 n=1.049131 type=E1 hbar_omega=1.370282097e-17 photon=0.000000000e+00
LADDER E_rel=-9.971899175e-19 n=1.045470 type=E1 hbar_omega=5.382212713e-17 photon=0.000000000e+00
LADDER E_rel=-1.007589711e-18 n=1.040061 type=E1 hbar_omega=8.696650621e-17 photon=0.000000000e+00
LADDER E_rel=-9.900895851e-19 n=1.049212 type=E1 hbar_omega=2.316487736e-18 photon=0.000000000e+00
LADDER E_rel=-1.000871357e-18 n=1.043546 type=E1 hbar_omega=6.638623639e-17 photon=0.000000000e+00
LADDER E_rel=-1.004494223e-18 n=1.041662 type=E1 hbar_omega=8.120166973e-17 photon=0.000000000e+00
LADDER E_rel=-9.896954602e-19 n=1.049421 type=E1 hbar_omega=2.453097161e-18 photon=0.000000000e+00
LADDER E_rel=-1.003761048e-18 n=1.042042 type=E1 hbar_omega=7.526429403e-17 photon=0.000000000e+00
LADDER E_rel=-1.000059978e-18 n=1.043969 type=E1 hbar_omega=7.097016605e-17 photon=0.000000000e+00
LADDER E_rel=-9.890843119e-19 n=1.049745 type=E1 hbar_omega=1.014994619e-17 photon=0.000000000e+00
LADDER E_rel=-1.006269467e-18 n=1.040743 type=E1 hbar_omega=8.266495298e-17 photon=0.000000000e+00
LADDER E_rel=-9.959557235e-19 n=1.046118 type=E1 hbar_omega=5.931311827e-17 photon=0.000000000e+00
LADDER E_rel=-9.892158388e-19 n=1.049675 type=E1 hbar_omega=1.993866638e-17 photon=0.000000000e+00
LADDER E_rel=-1.007903335e-18 n=1.039899 type=E1 hbar_omega=8.788427601e-17 photon=0.000000000e+00
LADDER E_rel=-9.916286452e-19 n=1.048398 type=E1 hbar_omega=4.246132931e-17 photon=0.000000000e+00
LADDER E_rel=-9.903892294e-19 n=1.049053 type=E1 hbar_omega=3.176003359e-17 photon=0.000000000e+00
LADDER E_rel=-1.008306939e-18 n=1.039691 type=E1 hbar_omega=9.042551376e-17 photon=0.000000000e+00
LADDER E_rel=-9.890112723e-19 n=1.049784 type=E1 hbar_omega=2.664040599e-17 photon=0.000000000e+00
LADDER E_rel=-9.927153944e-19 n=1.047824 type=E1 hbar_omega=4.471200933e-17 photon=0.000000000e+00
LADDER E_rel=-1.007377455e-18 n=1.040170 type=E1 hbar_omega=9.011594594e-17 photon=0.000000000e+00
LADDER E_rel=-9.878277667e-19 n=1.050413 type=E1 hbar_omega=1.163280162e-17 photon=0.000000000e+00
LADDER E_rel=-9.956025517e-19 n=1.046303 type=E1 hbar_omega=5.648617327e-17 photon=0.000000000e+00
LADDER E_rel=-1.004512579e-18 n=1.041652 type=E1 hbar_omega=8.559397593e-17 photon=0.000000000e+00
LADDER E_rel=-9.877658954e-19 n=1.050445 type=E1 hbar_omega=1.476914589e-18 photon=0.000000000e+00
LADDER E_rel=-9.991935639e-19 n=1.044421 type=E1 hbar_omega=6.837892502e-17 photon=0.000000000e+00
LADDER E_rel=-1.001457421e-18 n=1.043240 type=E1 hbar_omega=7.969265183e-17 photon=0.000000000e+00
LADDER E_rel=-9.872571738e-19 n=1.050716 type=E1 hbar_omega=3.215965231e-18 photon=0.000000000e+00
LADDER E_rel=-1.001851349e-18 n=1.043035 type=E1 hbar_omega=7.649891857e-17 photon=0.000000000e+00
LADDER E_rel=-9.972143657e-19 n=1.045457 type=E1 hbar_omega=6.966168015e-17 photon=0.000000000e+00
LADDER E_rel=-9.867196401e-19 n=1.051002 type=E1 hbar_omega=1.129942426e-17 photon=0.000000000e+00
LADDER E_rel=-1.004101607e-18 n=1.041866 type=E1 hbar_omega=8.320546327e-17 photon=0.000000000e+00
LADDER E_rel=-9.925807459e-19 n=1.047895 type=E1 hbar_omega=5.569040383e-17 photon=0.000000000e+00
LADDER E_rel=-9.869981457e-19 n=1.050854 type=E1 hbar_omega=2.167119941e-17 photon=0.000000000e+00
LADDER E_rel=-1.005548146e-18 n=1.041116 type=E1 hbar_omega=8.794928897e-17 photon=0.000000000e+00
LADDER E_rel=-9.892229334e-19 n=1.049672 type=E1 hbar_omega=4.231991727e-17 photon=0.000000000e+00
LADDER E_rel=-9.883433313e-19 n=1.050139 type=E1 hbar_omega=3.370144764e-17 photon=0.000000000e+00
LADDER E_rel=-1.005894936e-18 n=1.040936 type=E1 hbar_omega=9.062175624e-17 photon=0.000000000e+00
LADDER E_rel=-9.864830477e-19 n=1.051128 type=E1 hbar_omega=2.510647424e-17 photon=0.000000000e+00
LADDER E_rel=-9.907618051e-19 n=1.048856 type=E1 hbar_omega=4.644518115e-17 photon=0.000000000e+00
LADDER E_rel=-1.004724271e-18 n=1.041543 type=E1 hbar_omega=8.971418908e-17 photon=0.000000000e+00
LADDER E_rel=-9.854375962e-19 n=1.051686 type=E1 hbar_omega=9.472188013e-18 photon=0.000000000e+00
LADDER E_rel=-9.935872224e-19 n=1.047364 type=E1 hbar_omega=5.768607434e-17 photon=0.000000000e+00
LADDER E_rel=-1.001795116e-18 n=1.043064 type=E1 hbar_omega=8.491359669e-17 photon=0.000000000e+00
LADDER E_rel=-9.854219771e-19 n=1.051694 type=E1 hbar_omega=8.389721383e-19 photon=0.000000000e+00
LADDER E_rel=-9.970007185e-19 n=1.045569 type=E1 hbar_omega=6.891074246e-17 photon=0.000000000e+00
LADDER E_rel=-9.979126131e-19 n=1.045091 type=E1 hbar_omega=7.690755838e-17 photon=0.000000000e+00
LADDER E_rel=-9.847940783e-19 n=1.052029 type=E1 hbar_omega=4.446492431e-18 photon=0.000000000e+00
LADDER E_rel=-1.000382697e-18 n=1.043800 type=E1 hbar_omega=7.888346450e-17 photon=0.000000000e+00
LADDER E_rel=-9.939083891e-19 n=1.047195 type=E1 hbar_omega=6.697571878e-17 photon=0.000000000e+00
LADDER E_rel=-9.843781663e-19 n=1.052251 type=E1 hbar_omega=1.309229951e-17 photon=0.000000000e+00
LADDER E_rel=-1.002265369e-18 n=1.042820 type=E1 hbar_omega=8.462851296e-17 photon=0.000000000e+00
LADDER E_rel=-9.896447293e-19 n=1.049448 type=E1 hbar_omega=5.355979074e-17 photon=0.000000000e+00
LADDER E_rel=-9.849143602e-19 n=1.051965 type=E1 hbar_omega=2.442605131e-17 photon=0.000000000e+00
LADDER E_rel=-1.003383167e-18 n=1.042239 type=E1 hbar_omega=8.857972759e-17 photon=0.000000000e+00
LADDER E_rel=-9.861604866e-19 n=1.051300 type=E1 hbar_omega=3.848321896e-17 photon=0.000000000e+00
LADDER E_rel=-9.865751294e-19 n=1.051079 type=E1 hbar_omega=3.694998651e-17 photon=0.000000000e+00
LADDER E_rel=-1.003474717e-18 n=1.042191 type=E1 hbar_omega=9.064077701e-17 photon=0.000000000e+00
LADDER E_rel=-9.839074052e-19 n=1.052503 type=E1 hbar_omega=2.281651270e-17 photon=0.000000000e+00
LADDER E_rel=-9.892119702e-19 n=1.049677 type=E1 hbar_omega=4.962817964e-17 photon=0.000000000e+00
LADDER E_rel=-1.001744068e-18 n=1.043091 type=E1 hbar_omega=8.872027611e-17 photon=0.000000000e+00
LADDER E_rel=-9.830807438e-19 n=1.052946 type=E1 hbar_omega=7.412208489e-18 photon=0.000000000e+00
LADDER E_rel=-9.920507823e-19 n=1.048174 type=E1 hbar_omega=6.035978840e-17 photon=0.000000000e+00
LADDER E_rel=-9.995039253e-19 n=1.044259 type=E1 hbar_omega=8.509588314e-17 photon=0.000000000e+00
LADDER E_rel=-9.830528165e-19 n=1.052961 type=E1 hbar_omega=7.208183202e-19 photon=0.000000000e+00
LADDER E_rel=-9.953084084e-19 n=1.046458 type=E1 hbar_omega=7.082256228e-17 photon=0.000000000e+00
LADDER E_rel=-9.948605526e-19 n=1.046693 type=E1 hbar_omega=7.522923749e-17 photon=0.000000000e+00
LADDER E_rel=-9.823413955e-19 n=1.053342 type=E1 hbar_omega=5.945148844e-18 photon=0.000000000e+00
LADDER E_rel=-9.984123356e-19 n=1.044830 type=E1 hbar_omega=7.994835912e-17 photon=0.000000000e+00
LADDER E_rel=-9.911015023e-19 n=1.048676 type=E1 hbar_omega=6.569066471e-17 photon=0.000000000e+00
LADDER E_rel=-9.821138523e-19 n=1.053464 type=E1 hbar_omega=1.577800558e-17 photon=0.000000000e+00
LADDER E_rel=-1.000050291e-18 n=1.043974 type=E1 hbar_omega=8.506318221e-17 photon=0.000000000e+00
LADDER E_rel=-9.864215610e-19 n=1.051161 type=E1 hbar_omega=5.008105527e-17 photon=0.000000000e+00
LADDER E_rel=-9.827801396e-19 n=1.053107 type=E1 hbar_omega=2.641039290e-17 photon=0.000000000e+00
LADDER E_rel=-1.001310983e-18 n=1.043316 type=E1 hbar_omega=8.955594316e-17 photon=0.000000000e+00
LADDER E_rel=-9.833886047e-19 n=1.052781 type=E1 hbar_omega=3.604183011e-17 photon=0.000000000e+00
LADDER E_rel=-9.846108974e-19 n=1.052127 type=E1 hbar_omega=3.900864746e-17 photon=0.000000000e+00
LADDER E_rel=-1.000929824e-18 n=1.043515 type=E1 hbar_omega=9.055084374e-17 photon=0.000000000e+00
LADDER E_rel=-9.812408645e-19 n=1.053932 type=E1 hbar_omega=1.854730809e-17 photon=0.000000000e+00
LADDER E_rel=-9.872975807e-19 n=1.050695 type=E1 hbar_omega=5.135152325e-17 photon=0.000000000e+00
LADDER E_rel=-9.989825620e-19 n=1.044532 type=E1 hbar_omega=8.805109299e-17 photon=0.000000000e+00
LADDER E_rel=-9.807571955e-19 n=1.054192 type=E1 hbar_omega=5.168418496e-18 photon=0.000000000e+00
LADDER E_rel=-9.900215180e-19 n=1.049248 type=E1 hbar_omega=6.146122868e-17 photon=0.000000000e+00
LADDER E_rel=-9.959123677e-19 n=1.046140 type=E1 hbar_omega=8.254684899e-17 photon=0.000000000e+00
LADDER E_rel=-9.806228111e-19 n=1.054264 type=E1 hbar_omega=1.141407161e-18 photon=0.000000000e+00
LADDER E_rel=-9.930773829e-19 n=1.047633 type=E1 hbar_omega=7.125200632e-17 photon=0.000000000e+00
LADDER E_rel=-9.923178341e-19 n=1.048033 type=E1 hbar_omega=7.483348132e-17 photon=0.000000000e+00
LADDER E_rel=-9.799075893e-19 n=1.054649 type=E1 hbar_omega=7.633162987e-18 photon=0.000000000e+00
LADDER E_rel=-9.959697404e-19 n=1.046110 type=E1 hbar_omega=7.980142025e-17 photon=0.000000000e+00
LADDER E_rel=-9.878712890e-19 n=1.050389 type=E1 hbar_omega=6.303308021e-17 photon=0.000000000e+00
LADDER E_rel=-9.798808591e-19 n=1.054663 type=E1 hbar_omega=1.815164841e-17 photon=0.000000000e+00
LADDER E_rel=-9.981158460e-19 n=1.044985 type=E1 hbar_omega=8.625054905e-17 photon=0.000000000e+00
LADDER E_rel=-9.835914709e-19 n=1.052672 type=E1 hbar_omega=4.811383606e-17 photon=0.000000000e+00
LADDER E_rel=-9.808391916e-19 n=1.054148 type=E1 hbar_omega=2.953677327e-17 photon=0.000000000e+00
LADDER E_rel=-9.990237757e-19 n=1.044510 type=E1 hbar_omega=8.992110500e-17 photon=0.000000000e+00
LADDER E_rel=-9.805179882e-19 n=1.054321 type=E1 hbar_omega=3.265571350e-17 photon=0.000000000e+00
LADDER E_rel=-9.829779127e-19 n=1.053001 type=E1 hbar_omega=4.242400321e-17 photon=0.000000000e+00
LADDER E_rel=-9.984665132e-19 n=1.044801 type=E1 hbar_omega=9.047242737e-17 photon=0.000000000e+00
LADDER E_rel=-9.787231512e-19 n=1.055287 type=E1 hbar_omega=1.559974046e-17 photon=0.000000000e+00
LADDER E_rel=-9.858131324e-19 n=1.051485 type=E1 hbar_omega=5.449747952e-17 photon=0.000000000e+00
LADDER E_rel=-9.965548150e-19 n=1.045803 type=E1 hbar_omega=8.797225106e-17 photon=0.000000000e+00
LADDER E_rel=-9.784730186e-19 n=1.055422 type=E1 hbar_omega=3.018264138e-18 photon=0.000000000e+00
LADDER E_rel=-9.884738478e-19 n=1.050069 type=E1 hbar_omega=6.398020644e-17 photon=0.000000000e+00
LADDER E_rel=-9.927347070e-19 n=1.047813 type=E1 hbar_omega=8.077872578e-17 photon=0.000000000e+00
LADDER E_rel=-9.781486010e-19 n=1.055597 type=E1 hbar_omega=2.122085874e-18 photon=0.000000000e+00
LADDER E_rel=-9.923255340e-19 n=1.048029 type=E1 hbar_omega=7.562950613e-17 photon=0.000000000e+00
LADDER E_rel=-9.883350045e-19 n=1.050143 type=E1 hbar_omega=7.055506688e-17 photon=0.000000000e+00
LADDER E_rel=-9.775038683e-19 n=1.055945 type=E1 hbar_omega=9.371274337e-18 photon=0.000000000e+00
LADDER E_rel=-9.947658728e-19 n=1.046743 type=E1 hbar_omega=8.284793449e-17 photon=0.000000000e+00
LADDER E_rel=-9.842929867e-19 n=1.052297 type=E1 hbar_omega=5.901569954e-17 photon=0.000000000e+00
LADDER E_rel=-9.776381610e-19 n=1.055872 type=E1 hbar_omega=1.996400079e-17 photon=0.000000000e+00
LADDER E_rel=-9.963422125e-19 n=1.045915 type=E1 hbar_omega=8.792473390e-17 photon=0.000000000e+00
LADDER E_rel=-9.805315788e-19 n=1.054313 type=E1 hbar_omega=4.493428001e-17 photon=0.000000000e+00
LADDER E_rel=-9.787936459e-19 n=1.055249 type=E1 hbar_omega=3.167206836e-17 photon=0.000000000e+00
LADDER E_rel=-9.967284244e-19 n=1.045712 type=E1 hbar_omega=9.041372935e-17 photon=0.000000000e+00
LADDER E_rel=-9.776335298e-19 n=1.055875 type=E1 hbar_omega=2.857619361e-17 photon=0.000000000e+00
LADDER E_rel=-9.810693653e-19 n=1.054024 type=E1 hbar_omega=4.444461411e-17 photon=0.000000000e+00
LADDER E_rel=-9.958308597e-19 n=1.046183 type=E1 hbar_omega=9.015822443e-17 photon=0.000000000e+00
LADDER E_rel=-9.762462679e-19 n=1.056625 type=E1 hbar_omega=1.168320132e-17 photon=0.000000000e+00
LADDER E_rel=-9.838807951e-19 n=1.052517 type=E1 hbar_omega=5.602133555e-17 photon=0.000000000e+00
LADDER E_rel=-9.930476308e-19 n=1.047648 type=E1 hbar_omega=8.582309359e-17 photon=0.000000000e+00
LADDER E_rel=-9.761909061e-19 n=1.056655 type=E1 hbar_omega=1.392747079e-18 photon=0.000000000e+00
LADDER E_rel=-9.873920719e-19 n=1.050644 type=E1 hbar_omega=6.775483096e-17 photon=0.000000000e+00
LADDER E_rel=-9.900726765e-19 n=1.049221 type=E1 hbar_omega=8.014634734e-17 photon=0.000000000e+00
LADDER E_rel=-9.756625981e-19 n=1.056941 type=E1 hbar_omega=3.392806038e-18 photon=0.000000000e+00
LADDER E_rel=-9.900004744e-19 n=1.049259 type=E1 hbar_omega=7.578599312e-17 photon=0.000000000e+00
LADDER E_rel=-9.858888719e-19 n=1.051445 type=E1 hbar_omega=7.038370117e-17 photon=0.000000000e+00
LADDER E_rel=-9.751467325e-19 n=1.057220 type=E1 hbar_omega=1.192456808e-17 photon=0.000000000e+00
LADDER E_rel=-9.930061503e-19 n=1.047670 type=E1 hbar_omega=8.446347546e-17 photon=0.000000000e+00
LADDER E_rel=-9.812431822e-19 n=1.053931 type=E1 hbar_omega=5.661610547e-17 photon=0.000000000e+00
LADDER E_rel=-9.755189374e-19 n=1.057019 type=E1 hbar_omega=2.269169807e-17 photon=0.000000000e+00
LADDER E_rel=-9.942101662e-19 n=1.047036 type=E1 hbar_omega=8.864909847e-17 photon=0.000000000e+00
LADDER E_rel=-9.773522902e-19 n=1.056027 type=E1 hbar_omega=4.075653550e-17 photon=0.000000000e+00
LADDER E_rel=-9.769940154e-19 n=1.056220 type=E1 hbar_omega=3.499345399e-17 photon=0.000000000e+00
LADDER E_rel=-9.943410483e-19 n=1.046967 type=E1 hbar_omega=9.053864344e-17 photon=0.000000000e+00
LADDER E_rel=-9.748083925e-19 n=1.057404 type=E1 hbar_omega=2.410599663e-17 photon=0.000000000e+00
LADDER E_rel=-9.795255494e-19 n=1.054855 type=E1 hbar_omega=4.781119491e-17 photon=0.000000000e+00
LADDER E_rel=-9.928916102e-19 n=1.047731 type=E1 hbar_omega=8.931418737e-17 photon=0.000000000e+00
LADDER E_rel=-9.738592113e-19 n=1.057919 type=E1 hbar_omega=8.402208969e-18 photon=0.000000000e+00
LADDER E_rel=-9.823864758e-19 n=1.053318 type=E1 hbar_omega=5.891995319e-17 photon=0.000000000e+00
LADDER E_rel=-9.898456156e-19 n=1.049341 type=E1 hbar_omega=8.415641515e-17 photon=0.000000000e+00
LADDER E_rel=-9.738526226e-19 n=1.057923 type=E1 hbar_omega=6.926908718e-19 photon=0.000000000e+00
LADDER E_rel=-9.857670962e-19 n=1.051510 type=E1 hbar_omega=6.989071274e-17 photon=0.000000000e+00
LADDER E_rel=-9.859732810e-19 n=1.051400 type=E1 hbar_omega=7.602988625e-17 photon=0.000000000e+00
LADDER E_rel=-9.731575231e-19 n=1.058300 type=E1 hbar_omega=5.367786235e-18 photon=0.000000000e+00
LADDER E_rel=-9.890520028e-19 n=1.049762 type=E1 hbar_omega=7.954761408e-17 photon=0.000000000e+00
LADDER E_rel=-9.820441007e-19 n=1.053501 type=E1 hbar_omega=6.614829482e-17 photon=0.000000000e+00
LADDER E_rel=-9.728403757e-19 n=1.058473 type=E1 hbar_omega=1.447063477e-17 photon=0.000000000e+00
LADDER E_rel=-9.908272092e-19 n=1.048821 type=E1 hbar_omega=8.501619023e-17 photon=0.000000000e+00
LADDER E_rel=-9.778908623e-19 n=1.055736 type=E1 hbar_omega=5.290660183e-17 photon=0.000000000e+00
LADDER E_rel=-9.736024897e-19 n=1.058059 type=E1 hbar_omega=2.663234922e-17 photon=0.000000000e+00
LADDER E_rel=-9.921340150e-19 n=1.048131 type=E1 hbar_omega=8.965053819e-17 photon=0.000000000e+00
LADDER E_rel=-9.741335868e-19 n=1.057770 type=E1 hbar_omega=3.572727038e-17 photon=0.000000000e+00
LADDER E_rel=-9.755477580e-19 n=1.057003 type=E1 hbar_omega=3.969168782e-17 photon=0.000000000e+00
LADDER E_rel=-9.918717670e-19 n=1.048269 type=E1 hbar_omega=9.063762969e-17 photon=0.000000000e+00
LADDER E_rel=-9.720886583e-19 n=1.058882 type=E1 hbar_omega=1.955913360e-17 photon=0.000000000e+00
LADDER E_rel=-9.776136436e-19 n=1.055886 type=E1 hbar_omega=4.961381877e-17 photon=0.000000000e+00
LADDER E_rel=-9.901463346e-19 n=1.049182 type=E1 hbar_omega=8.870926128e-17 photon=0.000000000e+00
LADDER E_rel=-9.715405229e-19 n=1.059181 type=E1 hbar_omega=5.394410311e-18 photon=0.000000000e+00
LADDER E_rel=-9.813618002e-19 n=1.053867 type=E1 hbar_omega=6.312111103e-17 photon=0.000000000e+00
LADDER E_rel=-9.870977488e-19 n=1.050801 type=E1 hbar_omega=8.339639900e-17 photon=0.000000000e+00
LADDER E_rel=-9.714188500e-19 n=1.059247 type=E1 hbar_omega=1.114225908e-18 photon=0.000000000e+00
LADDER E_rel=-9.845792232e-19 n=1.052144 type=E1 hbar_omega=7.317127906e-17 photon=0.000000000e+00
LADDER E_rel=-9.824107650e-19 n=1.053305 type=E1 hbar_omega=7.300487797e-17 photon=0.000000000e+00
LADDER E_rel=-9.706990202e-19 n=1.059640 type=E1 hbar_omega=7.514973141e-18 photon=0.000000000e+00
LADDER E_rel=-9.874890414e-19 n=1.050593 type=E1 hbar_omega=8.167684445e-17 photon=0.000000000e+00
LADDER E_rel=-9.787903101e-19 n=1.055251 type=E1 hbar_omega=6.345009191e-17 photon=0.000000000e+00
LADDER E_rel=-9.706661699e-19 n=1.059658 type=E1 hbar_omega=1.810984481e-17 photon=0.000000000e+00
LADDER E_rel=-9.888991481e-19 n=1.049843 type=E1 hbar_omega=8.622776725e-17 photon=0.000000000e+00
LADDER E_rel=-9.743812595e-19 n=1.057636 type=E1 hbar_omega=4.811944521e-17 photon=0.000000000e+00
LADDER E_rel=-9.716672470e-19 n=1.059112 type=E1 hbar_omega=2.978525246e-17 photon=0.000000000e+00
LADDER E_rel=-9.898354794e-19 n=1.049347 type=E1 hbar_omega=8.999907019e-17 photon=0.000000000e+00
LADDER E_rel=-9.710015558e-19 n=1.059475 type=E1 hbar_omega=3.024123104e-17 photon=0.000000000e+00
LADDER E_rel=-9.739293538e-19 n=1.057881 type=E1 hbar_omega=4.312472427e-17 photon=0.000000000e+00
LADDER E_rel=-9.891743672e-19 n=1.049697 type=E1 hbar_omega=9.037505130e-17 photon=0.000000000e+00
LADDER E_rel=-9.694994741e-19 n=1.060295 type=E1 hbar_omega=1.526346141e-17 photon=0.000000000e+00
LADDER E_rel=-9.769523313e-19 n=1.056243 type=E1 hbar_omega=5.568316091e-17 photon=0.000000000e+00
LADDER E_rel=-9.870613395e-19 n=1.050820 type=E1 hbar_omega=8.744963559e-17 photon=0.000000000e+00
LADDER E_rel=-9.692892004e-19 n=1.060410 type=E1 hbar_omega=2.523901363e-18 photon=0.000000000e+00
LADDER E_rel=-9.797977045e-19 n=1.054708 type=E1 hbar_omega=6.555489390e-17 photon=0.000000000e+00
LADDER E_rel=-9.839529501e-19 n=1.052479 type=E1 hbar_omega=8.174864623e-17 photon=0.000000000e+00
LADDER E_rel=-9.689096068e-19 n=1.060618 type=E1 hbar_omega=2.394014743e-18 photon=0.000000000e+00
LADDER E_rel=-9.827876508e-19 n=1.053103 type=E1 hbar_omega=7.477293711e-17 photon=0.000000000e+00
LADDER E_rel=-9.794285285e-19 n=1.054907 type=E1 hbar_omega=7.140994688e-17 photon=0.000000000e+00
LADDER E_rel=-9.682890138e-19 n=1.060958 type=E1 hbar_omega=1.002647375e-17 photon=0.000000000e+00
LADDER E_rel=-9.854044155e-19 n=1.051703 type=E1 hbar_omega=8.246553392e-17 photon=0.000000000e+00
LADDER E_rel=-9.744253092e-19 n=1.057612 type=E1 hbar_omega=5.666490960e-17 photon=0.000000000e+00
LADDER E_rel=-9.685669563e-19 n=1.060805 type=E1 hbar_omega=2.150598403e-17 photon=0.000000000e+00
LADDER E_rel=-9.871078949e-19 n=1.050796 type=E1 hbar_omega=8.785805729e-17 photon=0.000000000e+00
LADDER E_rel=-9.708299973e-19 n=1.059568 type=E1 hbar_omega=4.243663002e-17 photon=0.000000000e+00
LADDER E_rel=-9.700166679e-19 n=1.060012 type=E1 hbar_omega=3.418400542e-17 photon=0.000000000e+00
LADDER E_rel=-9.875177780e-19 n=1.050577 type=E1 hbar_omega=9.044074340e-17 photon=0.000000000e+00
LADDER E_rel=-9.681978196e-19 n=1.061008 type=E1 hbar_omega=2.647018654e-17 photon=0.000000000e+00
LADDER E_rel=-9.719942268e-19 n=1.058934 type=E1 hbar_omega=4.502214952e-17 photon=0.000000000e+00
LADDER E_rel=-9.865295487e-19 n=1.051104 type=E1 hbar_omega=9.003300839e-17 photon=0.000000000e+00
LADDER E_rel=-9.670223284e-19 n=1.061652 type=E1 hbar_omega=1.060328201e-17 photon=0.000000000e+00
LADDER E_rel=-9.749770203e-19 n=1.057312 type=E1 hbar_omega=5.705192169e-17 photon=0.000000000e+00
LADDER E_rel=-9.835413248e-19 n=1.052699 type=E1 hbar_omega=8.523758423e-17 photon=0.000000000e+00
LADDER E_rel=-9.670076653e-19 n=1.061660 type=E1 hbar_omega=8.533399037e-19 photon=0.000000000e+00
LADDER E_rel=-9.786680081e-19 n=1.055317 type=E1 hbar_omega=6.914719518e-17 photon=0.000000000e+00
LADDER E_rel=-9.803750539e-19 n=1.054398 type=E1 hbar_omega=7.903114517e-17 photon=0.000000000e+00
LADDER E_rel=-9.663647545e-19 n=1.062013 type=E1 hbar_omega=4.560990218e-18 photon=0.000000000e+00
LADDER E_rel=-9.813797577e-19 n=1.053858 type=E1 hbar_omega=7.736428628e-17 photon=0.000000000e+00
LADDER E_rel=-9.751177245e-19 n=1.057236 type=E1 hbar_omega=6.586332494e-17 photon=0.000000000e+00
LADDER E_rel=-9.659770235e-19 n=1.062227 type=E1 hbar_omega=1.380715527e-17 photon=0.000000000e+00
LADDER E_rel=-9.836090787e-19 n=1.052663 type=E1 hbar_omega=8.401508374e-17 photon=0.000000000e+00
LADDER E_rel=-9.714401700e-19 n=1.059235 type=E1 hbar_omega=5.443062178e-17 photon=0.000000000e+00
LADDER E_rel=-9.664684651e-19 n=1.061956 type=E1 hbar_omega=2.429491299e-17 photon=0.000000000e+00
LADDER E_rel=-9.852524950e-19 n=1.051784 type=E1 hbar_omega=8.949670768e-17 photon=0.000000000e+00
LADDER E_rel=-9.677375915e-19 n=1.061260 type=E1 hbar_omega=3.852971246e-17 photon=0.000000000e+00
LADDER E_rel=-9.682500553e-19 n=1.060979 type=E1 hbar_omega=3.749573215e-17 photon=0.000000000e+00
LADDER E_rel=-9.850068622e-19 n=1.051916 type=E1 hbar_omega=9.063004659e-17 photon=0.000000000e+00
LADDER E_rel=-9.653257762e-19 n=1.062585 type=E1 hbar_omega=2.079521390e-17 photon=0.000000000e+00
LADDER E_rel=-9.711769962e-19 n=1.059379 type=E1 hbar_omega=5.109724028e-17 photon=0.000000000e+00
LADDER E_rel=-9.835861034e-19 n=1.052675 type=E1 hbar_omega=8.918664250e-17 photon=0.000000000e+00
LADDER E_rel=-9.646766943e-19 n=1.062942 type=E1 hbar_omega=6.049165139e-18 photon=0.000000000e+00
LADDER E_rel=-9.743767001e-19 n=1.057638 type=E1 hbar_omega=6.269351679e-17 photon=0.000000000e+00
LADDER E_rel=-9.803766942e-19 n=1.054397 type=E1 hbar_omega=8.365449190e-17 photon=0.000000000e+00
LADDER E_rel=-9.645927356e-19 n=1.062988 type=E1 hbar_omega=9.281391511e-19 photon=0.000000000e+00
LADDER E_rel=-9.769266882e-19 n=1.056257 type=E1 hbar_omega=7.097443818e-17 photon=0.000000000e+00
LADDER E_rel=-9.763475380e-19 n=1.056570 type=E1 hbar_omega=7.503939188e-17 photon=0.000000000e+00
LADDER E_rel=-9.638614422e-19 n=1.063392 type=E1 hbar_omega=7.218005343e-18 photon=0.000000000e+00
LADDER E_rel=-9.802633266e-19 n=1.054458 type=E1 hbar_omega=8.068856199e-17 photon=0.000000000e+00
LADDER E_rel=-9.714603386e-19 n=1.059224 type=E1 hbar_omega=6.186586569e-17 photon=0.000000000e+00
LADDER E_rel=-9.637134498e-19 n=1.063473 type=E1 hbar_omega=1.652942467e-17 photon=0.000000000e+00
LADDER E_rel=-9.819918185e-19 n=1.053529 type=E1 hbar_omega=8.605980611e-17 photon=0.000000000e+00
LADDER E_rel=-9.675928896e-19 n=1.061339 type=E1 hbar_omega=4.838268021e-17 photon=0.000000000e+00
LADDER E_rel=-9.645741138e-19 n=1.062999 type=E1 hbar_omega=2.813842363e-17 photon=0.000000000e+00
LADDER E_rel=-9.830205573e-19 n=1.052978 type=E1 hbar_omega=9.013843209e-17 photon=0.000000000e+00
LADDER E_rel=-9.643493494e-19 n=1.063123 type=E1 hbar_omega=3.181408927e-17 photon=0.000000000e+00
LADDER E_rel=-9.668176682e-19 n=1.061765 type=E1 hbar_omega=4.196785758e-17 photon=0.000000000e+00
LADDER E_rel=-9.824562316e-19 n=1.053280 type=E1 hbar_omega=9.051251470e-17 photon=0.000000000e+00
LADDER E_rel=-9.626712690e-19 n=1.064049 type=E1 hbar_omega=1.574017777e-17 photon=0.000000000e+00
LADDER E_rel=-9.700387676e-19 n=1.060000 type=E1 hbar_omega=5.544773552e-17 photon=0.000000000e+00
LADDER E_rel=-9.802695029e-19 n=1.054454 type=E1 hbar_omega=8.754302691e-17 photon=0.000000000e+00
LADDER E_rel=-9.624341028e-19 n=1.064180 type=E1 hbar_omega=2.718496522e-18 photon=0.000000000e+00
LADDER E_rel=-9.732246646e-19 n=1.058264 type=E1 hbar_omega=6.633726994e-17 photon=0.000000000e+00
LADDER E_rel=-9.768516815e-19 n=1.056297 type=E1 hbar_omega=8.117154743e-17 photon=0.000000000e+00
LADDER E_rel=-9.620749126e-19 n=1.064378 type=E1 hbar_omega=2.315222400e-18 photon=0.000000000e+00
LADDER E_rel=-9.765412262e-19 n=1.056465 type=E1 hbar_omega=7.634102281e-17 photon=0.000000000e+00
LADDER E_rel=-9.719922313e-19 n=1.058935 type=E1 hbar_omega=6.975295683e-17 photon=0.000000000e+00
LADDER E_rel=-9.614437095e-19 n=1.064728 type=E1 hbar_omega=9.967349938e-18 photon=0.000000000e+00
LADDER E_rel=-9.785183813e-19 n=1.055397 type=E1 hbar_omega=8.235406702e-17 photon=0.000000000e+00
LADDER E_rel=-9.676155183e-19 n=1.061327 type=E1 hbar_omega=5.679435934e-17 photon=0.000000000e+00
LADDER E_rel=-9.617679764e-19 n=1.064548 type=E1 hbar_omega=2.198086949e-17 photon=0.000000000e+00
LADDER E_rel=-9.803877301e-19 n=1.054391 type=E1 hbar_omega=8.820924390e-17 photon=0.000000000e+00
LADDER E_rel=-9.638432982e-19 n=1.063402 type=E1 hbar_omega=4.168287324e-17 photon=0.000000000e+00
LADDER E_rel=-9.630073965e-19 n=1.063863 type=E1 hbar_omega=3.329292078e-17 photon=0.000000000e+00
LADDER E_rel=-9.806500933e-19 n=1.054250 type=E1 hbar_omega=9.059687947e-17 photon=0.000000000e+00
LADDER E_rel=-9.612349685e-19 n=1.064843 type=E1 hbar_omega=2.528683657e-17 photon=0.000000000e+00
LADDER E_rel=-9.651212434e-19 n=1.062697 type=E1 hbar_omega=4.492238209e-17 photon=0.000000000e+00
LADDER E_rel=-9.792187581e-19 n=1.055020 type=E1 hbar_omega=8.931247362e-17 photon=0.000000000e+00
LADDER E_rel=-9.601727354e-19 n=1.065432 type=E1 hbar_omega=9.809677088e-18 photon=0.000000000e+00
LADDER E_rel=-9.684135767e-19 n=1.060889 type=E1 hbar_omega=5.797814885e-17 photon=0.000000000e+00
LADDER E_rel=-9.764259508e-19 n=1.056528 type=E1 hbar_omega=8.469068930e-17 photon=0.000000000e+00
LADDER E_rel=-9.601657035e-19 n=1.065436 type=E1 hbar_omega=7.767076796e-19 photon=0.000000000e+00
LADDER E_rel=-9.714503985e-19 n=1.059230 type=E1 hbar_omega=6.810613560e-17 photon=0.000000000e+00
LADDER E_rel=-9.728951459e-19 n=1.058443 type=E1 hbar_omega=7.751387572e-17 photon=0.000000000e+00
LADDER E_rel=-9.594977043e-19 n=1.065807 type=E1 hbar_omega=4.938230253e-18 photon=0.000000000e+00
LADDER E_rel=-9.745044919e-19 n=1.057569 type=E1 hbar_omega=7.728685022e-17 photon=0.000000000e+00
LADDER E_rel=-9.682920228e-19 n=1.060956 type=E1 hbar_omega=6.592845805e-17 photon=0.000000000e+00
LADDER E_rel=-9.591439092e-19 n=1.066004 type=E1 hbar_omega=1.414551301e-17 photon=0.000000000e+00
LADDER E_rel=-9.769799428e-19 n=1.056228 type=E1 hbar_omega=8.457354966e-17 photon=0.000000000e+00
LADDER E_rel=-9.643709293e-19 n=1.063111 type=E1 hbar_omega=5.355513488e-17 photon=0.000000000e+00
LADDER E_rel=-9.597689157e-19 n=1.065656 type=E1 hbar_omega=2.548211394e-17 photon=0.000000000e+00
LADDER E_rel=-9.783111096e-19 n=1.055509 type=E1 hbar_omega=8.916990176e-17 photon=0.000000000e+00
LADDER E_rel=-9.606450251e-19 n=1.065170 type=E1 hbar_omega=3.699801758e-17 photon=0.000000000e+00
LADDER E_rel=-9.613828661e-19 n=1.064762 type=E1 hbar_omega=3.737836706e-17 photon=0.000000000e+00
LADDER E_rel=-9.781715213e-19 n=1.055585 type=E1 hbar_omega=9.063049462e-17 photon=0.000000000e+00
LADDER E_rel=-9.583917099e-19 n=1.066422 type=E1 hbar_omega=1.934573607e-17 photon=0.000000000e+00
LADDER E_rel=-9.645746827e-19 n=1.062998 type=E1 hbar_omega=5.195471838e-17 photon=0.000000000e+00
LADDER E_rel=-9.765757844e-19 n=1.056447 type=E1 hbar_omega=8.889892800e-17 photon=0.000000000e+00
LADDER E_rel=-9.578691294e-19 n=1.066713 type=E1 hbar_omega=5.042208662e-18 photon=0.000000000e+00
LADDER E_rel=-9.671615567e-19 n=1.061576 type=E1 hbar_omega=6.156287857e-17 photon=0.000000000e+00
LADDER E_rel=-9.729650814e-19 n=1.058405 type=E1 hbar_omega=8.242504406e-17 photon=0.000000000e+00
LADDER E_rel=-9.577287594e-19 n=1.066791 type=E1 hbar_omega=1.174305567e-18 photon=0.000000000e+00
LADDER E_rel=-9.710528658e-19 n=1.059447 type=E1 hbar_omega=7.359388482e-17 photon=0.000000000e+00
LADDER E_rel=-9.685560320e-19 n=1.060811 type=E1 hbar_omega=7.255315349e-17 photon=0.000000000e+00
LADDER E_rel=-9.570016824e-19 n=1.067196 type=E1 hbar_omega=8.046242129e-18 photon=0.000000000e+00
LADDER E_rel=-9.736650677e-19 n=1.058025 type=E1 hbar_omega=8.131615659e-17 photon=0.000000000e+00
LADDER E_rel=-9.643664553e-19 n=1.063113 type=E1 hbar_omega=6.103021707e-17 photon=0.000000000e+00
LADDER E_rel=-9.570310206e-19 n=1.067180 type=E1 hbar_omega=1.884347525e-17 photon=0.000000000e+00
LADDER E_rel=-9.754998850e-19 n=1.057029 type=E1 hbar_omega=8.699711331e-17 photon=0.000000000e+00
LADDER E_rel=-9.603815697e-19 n=1.065316 type=E1 hbar_omega=4.669077785e-17 photon=0.000000000e+00
LADDER E_rel=-9.580355683e-19 n=1.066620 type=E1 hbar_omega=3.016558714e-17 photon=0.000000000e+00
LADDER E_rel=-9.761733836e-19 n=1.056664 type=E1 hbar_omega=9.010854489e-17 photon=0.000000000e+00
LADDER E_rel=-9.572588043e-19 n=1.067053 type=E1 hbar_omega=2.980897062e-17 photon=0.000000000e+00
LADDER E_rel=-9.601432254e-19 n=1.065449 type=E1 hbar_omega=4.270579832e-17 photon=0.000000000e+00
LADDER E_rel=-9.751571105e-19 n=1.057215 type=E1 hbar_omega=8.991955833e-17 photon=0.000000000e+00
LADDER E_rel=-9.557541428e-19 n=1.067892 type=E1 hbar_omega=1.319128587e-17 photon=0.000000000e+00
LADDER E_rel=-9.628399455e-19 n=1.063956 type=E1 hbar_omega=5.424917022e-17 photon=0.000000000e+00
LADDER E_rel=-9.729819290e-19 n=1.058396 type=E1 hbar_omega=8.669742057e-17 photon=0.000000000e+00
LADDER E_rel=-9.556626823e-19 n=1.067943 type=E1 hbar_omega=1.608042920e-18 photon=0.000000000e+00
LADDER E_rel=-9.663073233e-19 n=1.062045 type=E1 hbar_omega=6.612217689e-17 photon=0.000000000e+00
LADDER E_rel=-9.691107214e-19 n=1.060508 type=E1 hbar_omega=7.910141608e-17 photon=0.000000000e+00
LADDER E_rel=-9.551576408e-19 n=1.068226 type=E1 hbar_omega=3.223909393e-18 photon=0.000000000e+00
LADDER E_rel=-9.699428390e-19 n=1.060053 type=E1 hbar_omega=7.698255066e-17 photon=0.000000000e+00
LADDER E_rel=-9.648966668e-19 n=1.062821 type=E1 hbar_omega=6.903707088e-17 photon=0.000000000e+00
LADDER E_rel=-9.546393668e-19 n=1.068516 type=E1 hbar_omega=1.239318938e-17 photon=0.000000000e+00
LADDER E_rel=-9.721273263e-19 n=1.058861 type=E1 hbar_omega=8.351209481e-17 photon=0.000000000e+00
LADDER E_rel=-9.603313927e-19 n=1.065344 type=E1 hbar_omega=5.513371307e-17 photon=0.000000000e+00
LADDER E_rel=-9.550982475e-19 n=1.068259 type=E1 hbar_omega=2.358167524e-17 photon=0.000000000e+00
LADDER E_rel=-9.738696274e-19 n=1.057913 type=E1 hbar_omega=8.917113794e-17 photon=0.000000000e+00
LADDER E_rel=-9.565951544e-19 n=1.067423 type=E1 hbar_omega=3.939275993e-17 photon=0.000000000e+00
LADDER E_rel=-9.567204492e-19 n=1.067353 type=E1 hbar_omega=3.626997489e-17 photon=0.000000000e+00
LADDER E_rel=-9.737904733e-19 n=1.057956 type=E1 hbar_omega=9.062236675e-17 photon=0.000000000e+00
LADDER E_rel=-9.542090922e-19 n=1.068756 type=E1 hbar_omega=2.312665387e-17 photon=0.000000000e+00
LADDER E_rel=-9.594211389e-19 n=1.065850 type=E1 hbar_omega=4.937687885e-17 photon=0.000000000e+00
LADDER E_rel=-9.720569869e-19 n=1.058899 type=E1 hbar_omega=8.876954959e-17 photon=0.000000000e+00
LADDER E_rel=-9.533559544e-19 n=1.069235 type=E1 hbar_omega=7.390987544e-18 photon=0.000000000e+00
LADDER E_rel=-9.624047869e-19 n=1.064196 type=E1 hbar_omega=6.060132094e-17 photon=0.000000000e+00
LADDER E_rel=-9.696869915e-19 n=1.060193 type=E1 hbar_omega=8.489842650e-17 photon=0.000000000e+00
LADDER E_rel=-9.533280345e-19 n=1.069250 type=E1 hbar_omega=7.273106257e-19 photon=0.000000000e+00
LADDER E_rel=-9.658352733e-19 n=1.062304 type=E1 hbar_omega=7.150364108e-17 photon=0.000000000e+00
LADDER E_rel=-9.648610036e-19 n=1.062841 type=E1 hbar_omega=7.452442349e-17 photon=0.000000000e+00
LADDER E_rel=-9.525867734e-19 n=1.069666 type=E1 hbar_omega=6.654056831e-18 photon=0.000000000e+00
LADDER E_rel=-9.690490464e-19 n=1.060541 type=E1 hbar_omega=8.087457859e-17 photon=0.000000000e+00
LADDER E_rel=-9.609678686e-19 n=1.064991 type=E1 hbar_omega=6.443599633e-17 photon=0.000000000e+00
LADDER E_rel=-9.524184285e-19 n=1.069761 type=E1 hbar_omega=1.646778412e-17 photon=0.000000000e+00
LADDER E_rel=-9.706883744e-19 n=1.059646 type=E1 hbar_omega=8.601632576e-17 photon=0.000000000e+00
LADDER E_rel=-9.563091402e-19 n=1.067582 type=E1 hbar_omega=4.841571805e-17 photon=0.000000000e+00
LADDER E_rel=-9.532358895e-19 n=1.069302 type=E1 hbar_omega=2.781056885e-17 photon=0.000000000e+00
LADDER E_rel=-9.717153421e-19 n=1.059085 type=E1 hbar_omega=9.005538686e-17 photon=0.000000000e+00
LADDER E_rel=-9.530924199e-19 n=1.069382 type=E1 hbar_omega=3.208328997e-17 photon=0.000000000e+00
LADDER E_rel=-9.553625590e-19 n=1.068111 type=E1 hbar_omega=4.125326829e-17 photon=0.000000000e+00
LADDER E_rel=-9.709234847e-19 n=1.059517 type=E1 hbar_omega=9.022229511e-17 photon=0.000000000e+00
LADDER E_rel=-9.513870881e-19 n=1.070340 type=E1 hbar_omega=1.601808216e-17 photon=0.000000000e+00
LADDER E_rel=-9.584068029e-19 n=1.066413 type=E1 hbar_omega=5.430936525e-17 photon=0.000000000e+00
LADDER E_rel=-9.692294612e-19 n=1.060443 type=E1 hbar_omega=8.800868670e-17 photon=0.000000000e+00
LADDER E_rel=-9.511354080e-19 n=1.070482 type=E1 hbar_omega=2.779074188e-18 photon=0.000000000e+00
LADDER E_rel=-9.614252141e-19 n=1.064738 type=E1 hbar_omega=6.487501126e-17 photon=0.000000000e+00
LADDER E_rel=-9.650633629e-19 n=1.062729 type=E1 hbar_omega=8.004691538e-17 photon=0.000000000e+00
LADDER E_rel=-9.507705791e-19 n=1.070687 type=E1 hbar_omega=2.370998592e-18 photon=0.000000000e+00
LADDER E_rel=-9.646392817e-19 n=1.062963 type=E1 hbar_omega=7.474703761e-17 photon=0.000000000e+00
LADDER E_rel=-9.612770020e-19 n=1.064820 type=E1 hbar_omega=7.138184093e-17 photon=0.000000000e+00
LADDER E_rel=-9.501434969e-19 n=1.071041 type=E1 hbar_omega=1.017199918e-17 photon=0.000000000e+00
LADDER E_rel=-9.674297523e-19 n=1.061429 type=E1 hbar_omega=8.289247068e-17 photon=0.000000000e+00
LADDER E_rel=-9.568872354e-19 n=1.067260 type=E1 hbar_omega=5.885941154e-17 photon=0.000000000e+00
LADDER E_rel=-9.504873063e-19 n=1.070847 type=E1 hbar_omega=2.220430458e-17 photon=0.000000000e+00
LADDER E_rel=-9.691464468e-19 n=1.060488 type=E1 hbar_omega=8.837674618e-17 photon=0.000000000e+00
LADDER E_rel=-9.524658201e-19 n=1.069734 type=E1 hbar_omega=4.127878849e-17 photon=0.000000000e+00
LADDER E_rel=-9.517078945e-19 n=1.070160 type=E1 hbar_omega=3.330659175e-17 photon=0.000000000e+00
LADDER E_rel=-9.693495644e-19 n=1.060377 type=E1 hbar_omega=9.059721656e-17 photon=0.000000000e+00
LADDER E_rel=-9.499262514e-19 n=1.071163 type=E1 hbar_omega=2.521905358e-17 photon=0.000000000e+00
LADDER E_rel=-9.544477699e-19 n=1.068623 type=E1 hbar_omega=4.743643875e-17 photon=0.000000000e+00
LADDER E_rel=-9.679692303e-19 n=1.061133 type=E1 hbar_omega=8.939764709e-17 photon=0.000000000e+00
LADDER E_rel=-9.488700903e-19 n=1.071759 type=E1 hbar_omega=9.116994849e-18 photon=0.000000000e+00
LADDER E_rel=-9.578317220e-19 n=1.066733 type=E1 hbar_omega=6.025191229e-17 photon=0.000000000e+00
LADDER E_rel=-9.653208724e-19 n=1.062587 type=E1 hbar_omega=8.509048197e-17 photon=0.000000000e+00
LADDER E_rel=-9.488769541e-19 n=1.071755 type=E1 hbar_omega=6.706746571e-19 photon=0.000000000e+00
LADDER E_rel=-9.607979503e-19 n=1.065086 type=E1 hbar_omega=6.992221705e-17 photon=0.000000000e+00
LADDER E_rel=-9.609522315e-19 n=1.065000 type=E1 hbar_omega=7.593245266e-17 photon=0.000000000e+00
LADDER E_rel=-9.481611530e-19 n=1.072160 type=E1 hbar_omega=5.593996789e-18 photon=0.000000000e+00
LADDER E_rel=-9.636780617e-19 n=1.063493 type=E1 hbar_omega=7.852799004e-17 photon=0.000000000e+00
LADDER E_rel=-9.565119939e-19 n=1.067469 type=E1 hbar_omega=6.446079371e-17 photon=0.000000000e+00
LADDER E_rel=-9.479216051e-19 n=1.072295 type=E1 hbar_omega=1.583703038e-17 photon=0.000000000e+00
LADDER E_rel=-9.659351029e-19 n=1.062250 type=E1 hbar_omega=8.524023937e-17 photon=0.000000000e+00
LADDER E_rel=-9.521334758e-19 n=1.069921 type=E1 hbar_omega=4.967609686e-17 photon=0.000000000e+00
LADDER E_rel=-9.488005868e-19 n=1.071798 type=E1 hbar_omega=2.798131513e-17 photon=0.000000000e+00
LADDER E_rel=-9.670793873e-19 n=1.061621 type=E1 hbar_omega=8.939229916e-17 photon=0.000000000e+00
LADDER E_rel=-9.489035284e-19 n=1.071740 type=E1 hbar_omega=3.407667908e-17 photon=0.000000000e+00
LADDER E_rel=-9.506821091e-19 n=1.070737 type=E1 hbar_omega=4.024954359e-17 photon=0.000000000e+00
LADDER E_rel=-9.665945430e-19 n=1.061887 type=E1 hbar_omega=9.038441112e-17 photon=0.000000000e+00
LADDER E_rel=-9.470036869e-19 n=1.072815 type=E1 hbar_omega=1.776297296e-17 photon=0.000000000e+00
LADDER E_rel=-9.532426883e-19 n=1.069298 type=E1 hbar_omega=5.185216441e-17 photon=0.000000000e+00
LADDER E_rel=-9.646513876e-19 n=1.062956 type=E1 hbar_omega=8.778740696e-17 photon=0.000000000e+00
LADDER E_rel=-9.466261408e-19 n=1.073029 type=E1 hbar_omega=3.694124776e-18 photon=0.000000000e+00
LADDER E_rel=-9.566845051e-19 n=1.067373 type=E1 hbar_omega=6.404241104e-17 photon=0.000000000e+00
LADDER E_rel=-9.608705637e-19 n=1.065045 type=E1 hbar_omega=8.065419964e-17 photon=0.000000000e+00
LADDER E_rel=-9.463518788e-19 n=1.073184 type=E1 hbar_omega=1.928021506e-18 photon=0.000000000e+00
LADDER E_rel=-9.604451224e-19 n=1.065281 type=E1 hbar_omega=7.544492623e-17 photon=0.000000000e+00
LADDER E_rel=-9.565538636e-19 n=1.067446 type=E1 hbar_omega=7.065091190e-17 photon=0.000000000e+00
LADDER E_rel=-9.456831504e-19 n=1.073563 type=E1 hbar_omega=1.000126091e-17 photon=0.000000000e+00
LADDER E_rel=-9.628231485e-19 n=1.063965 type=E1 hbar_omega=8.250935903e-17 photon=0.000000000e+00
LADDER E_rel=-9.525769938e-19 n=1.069672 type=E1 hbar_omega=5.938184454e-17 photon=0.000000000e+00
LADDER E_rel=-9.459165488e-19 n=1.073431 type=E1 hbar_omega=2.109503774e-17 photon=0.000000000e+00
LADDER E_rel=-9.644070095e-19 n=1.063091 type=E1 hbar_omega=8.758210541e-17 photon=0.000000000e+00
LADDER E_rel=-9.483073356e-19 n=1.072077 type=E1 hbar_omega=4.290079895e-17 photon=0.000000000e+00
LADDER E_rel=-9.472034137e-19 n=1.072702 type=E1 hbar_omega=3.306157191e-17 photon=0.000000000e+00
LADDER E_rel=-9.648965140e-19 n=1.062821 type=E1 hbar_omega=9.058042378e-17 photon=0.000000000e+00
LADDER E_rel=-9.454798088e-19 n=1.073679 type=E1 hbar_omega=2.538338299e-17 photon=0.000000000e+00
LADDER E_rel=-9.495838806e-19 n=1.071356 type=E1 hbar_omega=4.584155778e-17 photon=0.000000000e+00
LADDER E_rel=-9.637828050e-19 n=1.063435 type=E1 hbar_omega=8.982431505e-17 photon=0.000000000e+00
LADDER E_rel=-9.444084019e-19 n=1.074288 type=E1 hbar_omega=9.516384317e-18 photon=0.000000000e+00
LADDER E_rel=-9.524070954e-19 n=1.069767 type=E1 hbar_omega=5.718618619e-17 photon=0.000000000e+00
LADDER E_rel=-9.608737161e-19 n=1.065044 type=E1 hbar_omega=8.511621348e-17 photon=0.000000000e+00
LADDER E_rel=-9.444112368e-19 n=1.074286 type=E1 hbar_omega=7.234479250e-19 photon=0.000000000e+00
LADDER E_rel=-9.558449148e-19 n=1.067842 type=E1 hbar_omega=6.855408770e-17 photon=0.000000000e+00
LADDER E_rel=-9.569589822e-19 n=1.067220 type=E1 hbar_omega=7.709658175e-17 photon=0.000000000e+00
LADDER E_rel=-9.437186266e-19 n=1.074680 type=E1 hbar_omega=5.159504561e-18 photon=0.000000000e+00
LADDER E_rel=-9.592783219e-19 n=1.065929 type=E1 hbar_omega=7.868696813e-17 photon=0.000000000e+00
LADDER E_rel=-9.529048082e-19 n=1.069488 type=E1 hbar_omega=6.707623310e-17 photon=0.000000000e+00
LADDER E_rel=-9.434292722e-19 n=1.074845 type=E1 hbar_omega=1.532522449e-17 photon=0.000000000e+00
LADDER E_rel=-9.618538900e-19 n=1.064501 type=E1 hbar_omega=8.624881438e-17 photon=0.000000000e+00
LADDER E_rel=-9.479146030e-19 n=1.072299 type=E1 hbar_omega=5.073462754e-17 photon=0.000000000e+00
LADDER E_rel=-9.440969943e-19 n=1.074465 type=E1 hbar_omega=2.623729176e-17 photon=0.000000000e+00
LADDER E_rel=-9.626541308e-19 n=1.064058 type=E1 hbar_omega=8.952008954e-17 photon=0.000000000e+00
LADDER E_rel=-9.443884794e-19 n=1.074299 type=E1 hbar_omega=3.371903278e-17 photon=0.000000000e+00
LADDER E_rel=-9.460381704e-19 n=1.073362 type=E1 hbar_omega=3.943258077e-17 photon=0.000000000e+00
LADDER E_rel=-9.622200500e-19 n=1.064298 type=E1 hbar_omega=9.048689765e-17 photon=0.000000000e+00
LADDER E_rel=-9.425556494e-19 n=1.075343 type=E1 hbar_omega=1.816352036e-17 photon=0.000000000e+00
LADDER E_rel=-9.489728649e-19 n=1.071701 type=E1 hbar_omega=5.255136177e-17 photon=0.000000000e+00
LADDER E_rel=-9.600158298e-19 n=1.065519 type=E1 hbar_omega=8.747380528e-17 photon=0.000000000e+00
LADDER E_rel=-9.421475929e-19 n=1.075576 type=E1 hbar_omega=3.908970427e-18 photon=0.000000000e+00
LADDER E_rel=-9.519978975e-19 n=1.069997 type=E1 hbar_omega=6.338357471e-17 photon=0.000000000e+00
LADDER E_rel=-9.566120483e-19 n=1.067413 type=E1 hbar_omega=8.112119730e-17 photon=0.000000000e+00
LADDER E_rel=-9.418953073e-19 n=1.075720 type=E1 hbar_omega=1.830797231e-18 photon=0.000000000e+00
LADDER E_rel=-9.553019577e-19 n=1.068145 type=E1 hbar_omega=7.364317036e-17 photon=0.000000000e+00
LADDER E_rel=-9.527494031e-19 n=1.069575 type=E1 hbar_omega=7.245849568e-17 photon=0.000000000e+00
LADDER E_rel=-9.412182442e-19 n=1.076107 type=E1 hbar_omega=9.872989680e-18 photon=0.000000000e+00
LADDER E_rel=-9.582468943e-19 n=1.066502 type=E1 hbar_omega=8.221752029e-17 photon=0.000000000e+00
LADDER E_rel=-9.482243906e-19 n=1.072124 type=E1 hbar_omega=5.976937353e-17 photon=0.000000000e+00
LADDER E_rel=-9.413590593e-19 n=1.076026 type=E1 hbar_omega=2.009618939e-17 photon=0.000000000e+00
LADDER E_rel=-9.601236786e-19 n=1.065459 type=E1 hbar_omega=8.809010540e-17 photon=0.000000000e+00
LADDER E_rel=-9.441438746e-19 n=1.074438 type=E1 hbar_omega=4.445004878e-17 photon=0.000000000e+00
LADDER E_rel=-9.427116448e-19 n=1.075254 type=E1 hbar_omega=3.290408088e-17 photon=0.000000000e+00
LADDER E_rel=-9.604372290e-19 n=1.065286 type=E1 hbar_omega=9.056809850e-17 photon=0.000000000e+00
LADDER E_rel=-9.410244840e-19 n=1.076218 type=E1 hbar_omega=2.548180991e-17 photon=0.000000000e+00
LADDER E_rel=-9.454626617e-19 n=1.073689 type=E1 hbar_omega=4.720263878e-17 photon=0.000000000e+00
LADDER E_rel=-9.590830613e-19 n=1.066037 type=E1 hbar_omega=8.945613378e-17 photon=0.000000000e+00
LADDER E_rel=-9.399412185e-19 n=1.076838 type=E1 hbar_omega=9.904104397e-18 photon=0.000000000e+00
LADDER E_rel=-9.479605108e-19 n=1.072273 type=E1 hbar_omega=5.724413560e-17 photon=0.000000000e+00
LADDER E_rel=-9.563893755e-19 n=1.067538 type=E1 hbar_omega=8.507431022e-17 photon=0.000000000e+00
LADDER E_rel=-9.399496576e-19 n=1.076833 type=E1 hbar_omega=6.973066494e-19 photon=0.000000000e+00
LADDER E_rel=-9.519538871e-19 n=1.070022 type=E1 hbar_omega=7.014546661e-17 photon=0.000000000e+00
LADDER E_rel=-9.529281511e-19 n=1.069475 type=E1 hbar_omega=7.814549317e-17 photon=0.000000000e+00
LADDER E_rel=-9.392540081e-19 n=1.077231 type=E1 hbar_omega=5.194815322e-18 photon=0.000000000e+00
LADDER E_rel=-9.549046579e-19 n=1.068367 type=E1 hbar_omega=7.891541531e-17 photon=0.000000000e+00
LADDER E_rel=-9.483478585e-19 n=1.072054 type=E1 hbar_omega=6.679471417e-17 photon=0.000000000e+00
LADDER E_rel=-9.389429395e-19 n=1.077410 type=E1 hbar_omega=1.484531730e-17 photon=0.000000000e+00
LADDER E_rel=-9.571639558e-19 n=1.067106 type=E1 hbar_omega=8.564277719e-17 photon=0.000000000e+00
LADDER E_rel=-9.436969865e-19 n=1.074693 type=E1 hbar_omega=5.176157600e-17 photon=0.000000000e+00
LADDER E_rel=-9.396723255e-19 n=1.076992 type=E1 hbar_omega=2.654478020e-17 photon=0.000000000e+00
LADDER E_rel=-9.582262234e-19 n=1.066514 type=E1 hbar_omega=8.964542349e-17 photon=0.000000000e+00
LADDER E_rel=-9.398721094e-19 n=1.076877 type=E1 hbar_omega=3.335102339e-17 photon=0.000000000e+00
LADDER E_rel=-9.419798057e-19 n=1.075672 type=E1 hbar_omega=4.127706454e-17 photon=0.000000000e+00
LADDER E_rel=-9.578383275e-19 n=1.066730 type=E1 hbar_omega=9.056121693e-17 photon=0.000000000e+00
LADDER E_rel=-9.380480486e-19 n=1.077924 type=E1 hbar_omega=1.721916952e-17 photon=0.000000000e+00
LADDER E_rel=-9.447100389e-19 n=1.074116 type=E1 hbar_omega=5.324609213e-17 photon=0.000000000e+00
LADDER E_rel=-9.560671125e-19 n=1.067717 type=E1 hbar_omega=8.840867691e-17 photon=0.000000000e+00
LADDER E_rel=-9.377180470e-19 n=1.078113 type=E1 hbar_omega=3.290550602e-18 photon=0.000000000e+00
LADDER E_rel=-9.483078670e-19 n=1.072077 type=E1 hbar_omega=6.566146019e-17 photon=0.000000000e+00
LADDER E_rel=-9.523609121e-19 n=1.069793 type=E1 hbar_omega=8.160088938e-17 photon=0.000000000e+00
LADDER E_rel=-9.374128072e-19 n=1.078289 type=E1 hbar_omega=2.007518654e-18 photon=0.000000000e+00
LADDER E_rel=-9.511356665e-19 n=1.070482 type=E1 hbar_omega=7.444154093e-17 photon=0.000000000e+00
LADDER E_rel=-9.479849803e-19 n=1.072259 type=E1 hbar_omega=7.165136228e-17 photon=0.000000000e+00
LADDER E_rel=-9.367469046e-19 n=1.078672 type=E1 hbar_omega=9.719449693e-18 photon=0.000000000e+00
LADDER E_rel=-9.536359896e-19 n=1.069078 type=E1 hbar_omega=8.185348699e-17 photon=0.000000000e+00
LADDER E_rel=-9.430822890e-19 n=1.075043 type=E1 hbar_omega=5.738828447e-17 photon=0.000000000e+00
LADDER E_rel=-9.369415522e-19 n=1.078560 type=E1 hbar_omega=2.066437660e-17 photon=0.000000000e+00
LADDER E_rel=-9.557999667e-19 n=1.067867 type=E1 hbar_omega=8.850422541e-17 photon=0.000000000e+00
LADDER E_rel=-9.390105498e-19 n=1.077371 type=E1 hbar_omega=4.094681126e-17 photon=0.000000000e+00
LADDER E_rel=-9.386198858e-19 n=1.077595 type=E1 hbar_omega=3.501355351e-17 photon=0.000000000e+00
LADDER E_rel=-9.559710410e-19 n=1.067771 type=E1 hbar_omega=9.054269892e-17 photon=0.000000000e+00
LADDER E_rel=-9.365697196e-19 n=1.078774 type=E1 hbar_omega=2.567918237e-17 photon=0.000000000e+00
LADDER E_rel=-9.405608703e-19 n=1.076483 type=E1 hbar_omega=4.550785182e-17 photon=0.000000000e+00
LADDER E_rel=-9.543888612e-19 n=1.068656 type=E1 hbar_omega=8.909174958e-17 photon=0.000000000e+00
LADDER E_rel=-9.354722163e-19 n=1.079407 type=E1 hbar_omega=8.851458438e-18 photon=0.000000000e+00
LADDER E_rel=-9.443624385e-19 n=1.074314 type=E1 hbar_omega=6.004593236e-17 photon=0.000000000e+00
LADDER E_rel=-9.519641437e-19 n=1.070016 type=E1 hbar_omega=8.518195572e-17 photon=0.000000000e+00
LADDER E_rel=-9.354755466e-19 n=1.079405 type=E1 hbar_omega=6.475994064e-19 photon=0.000000000e+00
LADDER E_rel=-9.479470647e-19 n=1.072281 type=E1 hbar_omega=7.144363192e-17 photon=0.000000000e+00
LADDER E_rel=-9.479873705e-19 n=1.072258 type=E1 hbar_omega=7.702711103e-17 photon=0.000000000e+00
LADDER E_rel=-9.347513756e-19 n=1.079823 type=E1 hbar_omega=5.644784780e-18 photon=0.000000000e+00
LADDER E_rel=-9.504121930e-19 n=1.070889 type=E1 hbar_omega=7.888665181e-17 photon=0.000000000e+00
LADDER E_rel=-9.429561193e-19 n=1.075115 type=E1 hbar_omega=6.399220482e-17 photon=0.000000000e+00
LADDER E_rel=-9.344901690e-19 n=1.079974 type=E1 hbar_omega=1.548803130e-17 photon=0.000000000e+00
LADDER E_rel=-9.529925932e-19 n=1.069438 type=E1 hbar_omega=8.647011379e-17 photon=0.000000000e+00
LADDER E_rel=-9.388673965e-19 n=1.077453 type=E1 hbar_omega=5.030848097e-17 photon=0.000000000e+00
LADDER E_rel=-9.354918355e-19 n=1.079395 type=E1 hbar_omega=2.870603667e-17 photon=0.000000000e+00
LADDER E_rel=-9.537535879e-19 n=1.069012 type=E1 hbar_omega=8.968037564e-17 photon=0.000000000e+00
LADDER E_rel=-9.353719029e-19 n=1.079465 type=E1 hbar_omega=3.323345074e-17 photon=0.000000000e+00
LADDER E_rel=-9.372381565e-19 n=1.078389 type=E1 hbar_omega=4.012029093e-17 photon=0.000000000e+00
LADDER E_rel=-9.531924055e-19 n=1.069326 type=E1 hbar_omega=9.039429955e-17 photon=0.000000000e+00
LADDER E_rel=-9.334845281e-19 n=1.080555 type=E1 hbar_omega=1.526059832e-17 photon=0.000000000e+00
LADDER E_rel=-9.403005029e-19 n=1.076632 type=E1 hbar_omega=5.350826722e-17 photon=0.000000000e+00
LADDER E_rel=-9.508289754e-19 n=1.070654 type=E1 hbar_omega=8.701734413e-17 photon=0.000000000e+00
LADDER E_rel=-9.332843425e-19 n=1.080671 type=E1 hbar_omega=2.427294246e-18 photon=0.000000000e+00
LADDER E_rel=-9.434288511e-19 n=1.074845 type=E1 hbar_omega=6.450889692e-17 photon=0.000000000e+00
LADDER E_rel=-9.472918945e-19 n=1.072651 type=E1 hbar_omega=8.027668292e-17 photon=0.000000000e+00
LADDER E_rel=-9.328638987e-19 n=1.080915 type=E1 hbar_omega=2.754016975e-18 photon=0.000000000e+00
LADDER E_rel=-9.467900590e-19 n=1.072936 type=E1 hbar_omega=7.480754310e-17 photon=0.000000000e+00
LADDER E_rel=-9.433606423e-19 n=1.074884 type=E1 hbar_omega=7.126745843e-17 photon=0.000000000e+00
LADDER E_rel=-9.322788348e-19 n=1.081254 type=E1 hbar_omega=1.120161006e-17 photon=0.000000000e+00
LADDER E_rel=-9.496895022e-19 n=1.071297 type=E1 hbar_omega=8.322723657e-17 photon=0.000000000e+00
LADDER E_rel=-9.380845499e-19 n=1.077903 type=E1 hbar_omega=5.546804593e-17 photon=0.000000000e+00
LADDER E_rel=-9.326628642e-19 n=1.081031 type=E1 hbar_omega=2.270091809e-17 photon=0.000000000e+00
LADDER E_rel=-9.513909287e-19 n=1.070338 type=E1 hbar_omega=8.871384142e-17 photon=0.000000000e+00
LADDER E_rel=-9.344401853e-19 n=1.080003 type=E1 hbar_omega=4.044862385e-17 photon=0.000000000e+00
LADDER E_rel=-9.344865863e-19 n=1.079976 type=E1 hbar_omega=3.680418214e-17 photon=0.000000000e+00
LADDER E_rel=-9.514271070e-19 n=1.070318 type=E1 hbar_omega=9.062859600e-17 photon=0.000000000e+00
LADDER E_rel=-9.318329333e-19 n=1.081512 type=E1 hbar_omega=2.266791275e-17 photon=0.000000000e+00
LADDER E_rel=-9.370027937e-19 n=1.078525 type=E1 hbar_omega=4.907060544e-17 photon=0.000000000e+00
LADDER E_rel=-9.497720669e-19 n=1.071250 type=E1 hbar_omega=8.884838862e-17 photon=0.000000000e+00
LADDER E_rel=-9.310304483e-19 n=1.081978 type=E1 hbar_omega=6.834747064e-18 photon=0.000000000e+00
LADDER E_rel=-9.406481715e-19 n=1.076433 type=E1 hbar_omega=6.236946315e-17 photon=0.000000000e+00
LADDER E_rel=-9.468214255e-19 n=1.072918 type=E1 hbar_omega=8.378845292e-17 photon=0.000000000e+00
LADDER E_rel=-9.309766278e-19 n=1.082010 type=E1 hbar_omega=8.245552173e-19 photon=0.000000000e+00
LADDER E_rel=-9.437756580e-19 n=1.074648 type=E1 hbar_omega=7.226066241e-17 photon=0.000000000e+00
LADDER E_rel=-9.422250211e-19 n=1.075532 type=E1 hbar_omega=7.375649279e-17 photon=0.000000000e+00
LADDER E_rel=-9.302299050e-19 n=1.082444 type=E1 hbar_omega=7.181333568e-18 photon=0.000000000e+00
LADDER E_rel=-9.466705394e-19 n=1.073003 type=E1 hbar_omega=8.076548458e-17 photon=0.000000000e+00
LADDER E_rel=-9.377655849e-19 n=1.078086 type=E1 hbar_omega=6.165579678e-17 photon=0.000000000e+00
LADDER E_rel=-9.301257467e-19 n=1.082504 type=E1 hbar_omega=1.728889793e-17 photon=0.000000000e+00
LADDER E_rel=-9.487098308e-19 n=1.071850 type=E1 hbar_omega=8.697511984e-17 photon=0.000000000e+00
LADDER E_rel=-9.335782385e-19 n=1.080501 type=E1 hbar_omega=4.663631509e-17 photon=0.000000000e+00
LADDER E_rel=-9.313012413e-19 n=1.081821 type=E1 hbar_omega=3.056682454e-17 photon=0.000000000e+00
LADDER E_rel=-9.494052103e-19 n=1.071457 type=E1 hbar_omega=9.021702229e-17 photon=0.000000000e+00
LADDER E_rel=-9.304000039e-19 n=1.082345 type=E1 hbar_omega=2.929306702e-17 photon=0.000000000e+00
LADDER E_rel=-9.336139268e-19 n=1.080480 type=E1 hbar_omega=4.384460117e-17 photon=0.000000000e+00
LADDER E_rel=-9.485904210e-19 n=1.071917 type=E1 hbar_omega=9.023123747e-17 photon=0.000000000e+00
LADDER E_rel=-9.289455829e-19 n=1.083192 type=E1 hbar_omega=1.268565117e-17 photon=0.000000000e+00
LADDER E_rel=-9.366158383e-19 n=1.078747 type=E1 hbar_omega=5.617507587e-17 photon=0.000000000e+00
LADDER E_rel=-9.464313932e-19 n=1.073139 type=E1 hbar_omega=8.716192656e-17 photon=0.000000000e+00
LADDER E_rel=-9.288848644e-19 n=1.083227 type=E1 hbar_omega=1.339256439e-18 photon=0.000000000e+00
LADDER E_rel=-9.403970723e-19 n=1.076577 type=E1 hbar_omega=6.864930156e-17 photon=0.000000000e+00
LADDER E_rel=-9.424101386e-19 n=1.075426 type=E1 hbar_omega=7.933453592e-17 photon=0.000000000e+00
LADDER E_rel=-9.283101301e-19 n=1.083563 type=E1 hbar_omega=3.787697999e-18 photon=0.000000000e+00
LADDER E_rel=-9.432227225e-19 n=1.074963 type=E1 hbar_omega=7.719860500e-17 photon=0.000000000e+00
LADDER E_rel=-9.379780238e-19 n=1.077964 type=E1 hbar_omega=6.871799753e-17 photon=0.000000000e+00
LADDER E_rel=-9.278317268e-19 n=1.083842 type=E1 hbar_omega=1.265406699e-17 photon=0.000000000e+00
LADDER E_rel=-9.455425735e-19 n=1.073643 type=E1 hbar_omega=8.408303488e-17 photon=0.000000000e+00
LADDER E_rel=-9.332749458e-19 n=1.080677 type=E1 hbar_omega=5.419592878e-17 photon=0.000000000e+00
LADDER E_rel=-9.283798276e-19 n=1.083522 type=E1 hbar_omega=2.445977014e-17 photon=0.000000000e+00
LADDER E_rel=-9.471890749e-19 n=1.072710 type=E1 hbar_omega=8.960356854e-17 photon=0.000000000e+00
LADDER E_rel=-9.291806450e-19 n=1.083055 type=E1 hbar_omega=3.570016720e-17 photon=0.000000000e+00
LADDER E_rel=-9.302443613e-19 n=1.082435 type=E1 hbar_omega=3.800122264e-17 photon=0.000000000e+00
LADDER E_rel=-9.468607496e-19 n=1.072896 type=E1 hbar_omega=9.059808951e-17 photon=0.000000000e+00
LADDER E_rel=-9.270975650e-19 n=1.084271 type=E1 hbar_omega=1.886465192e-17 photon=0.000000000e+00
LADDER E_rel=-9.333155615e-19 n=1.080653 type=E1 hbar_omega=5.198015967e-17 photon=0.000000000e+00
LADDER E_rel=-9.452894787e-19 n=1.073787 type=E1 hbar_omega=8.885163428e-17 photon=0.000000000e+00
LADDER E_rel=-9.266194092e-19 n=1.084551 type=E1 hbar_omega=4.603524107e-18 photon=0.000000000e+00
LADDER E_rel=-9.366620717e-19 n=1.078721 type=E1 hbar_omega=6.386830476e-17 photon=0.000000000e+00
LADDER E_rel=-9.418780080e-19 n=1.075730 type=E1 hbar_omega=8.281118936e-17 photon=0.000000000e+00
LADDER E_rel=-9.264251757e-19 n=1.084664 type=E1 hbar_omega=1.524125036e-18 photon=0.000000000e+00
LADDER E_rel=-9.403189195e-19 n=1.076621 type=E1 hbar_omega=7.501441337e-17 photon=0.000000000e+00
LADDER E_rel=-9.377119516e-19 n=1.078117 type=E1 hbar_omega=7.368673834e-17 photon=0.000000000e+00
LADDER E_rel=-9.257142383e-19 n=1.085081 type=E1 hbar_omega=8.928403474e-18 photon=0.000000000e+00
LADDER E_rel=-9.426368722e-19 n=1.075297 type=E1 hbar_omega=8.193493550e-17 photon=0.000000000e+00
LADDER E_rel=-9.328164972e-19 n=1.080942 type=E1 hbar_omega=6.010259754e-17 photon=0.000000000e+00
LADDER E_rel=-9.258824598e-19 n=1.084982 type=E1 hbar_omega=2.040800061e-17 photon=0.000000000e+00
LADDER E_rel=-9.447137101e-19 n=1.074114 type=E1 hbar_omega=8.834447572e-17 photon=0.000000000e+00
LADDER E_rel=-9.285176676e-19 n=1.083441 type=E1 hbar_omega=4.383418552e-17 photon=0.000000000e+00
LADDER E_rel=-9.274379808e-19 n=1.084072 type=E1 hbar_omega=3.419976623e-17 photon=0.000000000e+00
LADDER E_rel=-9.449481975e-19 n=1.073981 type=E1 hbar_omega=9.045099454e-17 photon=0.000000000e+00
LADDER E_rel=-9.255913618e-19 n=1.085153 type=E1 hbar_omega=2.624016369e-17 photon=0.000000000e+00
LADDER E_rel=-9.298736436e-19 n=1.082651 type=E1 hbar_omega=4.686682361e-17 photon=0.000000000e+00
LADDER E_rel=-9.436339223e-19 n=1.074728 type=E1 hbar_omega=8.953528015e-17 photon=0.000000000e+00
LADDER E_rel=-9.244399983e-19 n=1.085828 type=E1 hbar_omega=9.194605641e-18 photon=0.000000000e+00
LADDER E_rel=-9.326595117e-19 n=1.081033 type=E1 hbar_omega=5.791060061e-17 photon=0.000000000e+00
LADDER E_rel=-9.406811521e-19 n=1.076414 type=E1 hbar_omega=8.465736685e-17 photon=0.000000000e+00
LADDER E_rel=-9.244501177e-19 n=1.085822 type=E1 hbar_omega=6.402806916e-19 photon=0.000000000e+00
LADDER E_rel=-9.360047730e-19 n=1.079100 type=E1 hbar_omega=6.891665644e-17 photon=0.000000000e+00
LADDER E_rel=-9.368417728e-19 n=1.078617 type=E1 hbar_omega=7.673584229e-17 photon=0.000000000e+00
LADDER E_rel=-9.237274164e-19 n=1.086247 type=E1 hbar_omega=5.585356052e-18 photon=0.000000000e+00
LADDER E_rel=-9.393078420e-19 n=1.077201 type=E1 hbar_omega=7.867775593e-17 photon=0.000000000e+00
LADDER E_rel=-9.319970822e-19 n=1.081417 type=E1 hbar_omega=6.420486053e-17 photon=0.000000000e+00
LADDER E_rel=-9.235115016e-19 n=1.086374 type=E1 hbar_omega=1.641055086e-17 photon=0.000000000e+00
LADDER E_rel=-9.417987869e-19 n=1.075775 type=E1 hbar_omega=8.602449270e-17 photon=0.000000000e+00
LADDER E_rel=-9.273803959e-19 n=1.084106 type=E1 hbar_omega=4.829978203e-17 photon=0.000000000e+00
LADDER E_rel=-9.243121818e-19 n=1.085903 type=E1 hbar_omega=2.768418013e-17 photon=0.000000000e+00
LADDER E_rel=-9.428153337e-19 n=1.075195 type=E1 hbar_omega=9.003690704e-17 photon=0.000000000e+00
LADDER E_rel=-9.241803957e-19 n=1.085981 type=E1 hbar_omega=3.204274654e-17 photon=0.000000000e+00
LADDER E_rel=-9.263958624e-19 n=1.084681 type=E1 hbar_omega=4.096756665e-17 photon=0.000000000e+00
LADDER E_rel=-9.420536243e-19 n=1.075630 type=E1 hbar_omega=9.025188561e-17 photon=0.000000000e+00
LADDER E_rel=-9.224421351e-19 n=1.087004 type=E1 hbar_omega=1.485214961e-17 photon=0.000000000e+00
LADDER E_rel=-9.293782814e-19 n=1.082940 type=E1 hbar_omega=5.387936223e-17 photon=0.000000000e+00
LADDER E_rel=-9.396982452e-19 n=1.076977 type=E1 hbar_omega=8.682049746e-17 photon=0.000000000e+00
LADDER E_rel=-9.222777253e-19 n=1.087100 type=E1 hbar_omega=2.074150634e-18 photon=0.000000000e+00
LADDER E_rel=-9.333411270e-19 n=1.080638 type=E1 hbar_omega=6.723477316e-17 photon=0.000000000e+00
LADDER E_rel=-9.363205755e-19 n=1.078918 type=E1 hbar_omega=8.041261483e-17 photon=0.000000000e+00
LADDER E_rel=-9.218205384e-19 n=1.087370 type=E1 hbar_omega=2.905288965e-18 photon=0.000000000e+00
LADDER E_rel=-9.364753127e-19 n=1.078828 type=E1 hbar_omega=7.669011027e-17 photon=0.000000000e+00
LADDER E_rel=-9.316110069e-19 n=1.081641 type=E1 hbar_omega=6.925517556e-17 photon=0.000000000e+00
LADDER E_rel=-9.212530591e-19 n=1.087705 type=E1 hbar_omega=1.168800300e-17 photon=0.000000000e+00
LADDER E_rel=-9.390464025e-19 n=1.077350 type=E1 hbar_omega=8.422961368e-17 photon=0.000000000e+00
LADDER E_rel=-9.266578676e-19 n=1.084528 type=E1 hbar_omega=5.395199982e-17 photon=0.000000000e+00
LADDER E_rel=-9.216881055e-19 n=1.087448 type=E1 hbar_omega=2.325665899e-17 photon=0.000000000e+00
LADDER E_rel=-9.404673600e-19 n=1.076536 type=E1 hbar_omega=8.904213495e-17 photon=0.000000000e+00
LADDER E_rel=-9.232577791e-19 n=1.086523 type=E1 hbar_omega=3.960677301e-17 photon=0.000000000e+00
LADDER E_rel=-9.235018032e-19 n=1.086380 type=E1 hbar_omega=3.706642018e-17 photon=0.000000000e+00
LADDER E_rel=-9.403753482e-19 n=1.076589 type=E1 hbar_omega=9.062558937e-17 photon=0.000000000e+00
LADDER E_rel=-9.206649481e-19 n=1.088052 type=E1 hbar_omega=2.085528716e-17 photon=0.000000000e+00
LADDER E_rel=-9.258896002e-19 n=1.084978 type=E1 hbar_omega=4.878652563e-17 photon=0.000000000e+00
LADDER E_rel=-9.387865504e-19 n=1.077500 type=E1 hbar_omega=8.893266270e-17 photon=0.000000000e+00
LADDER E_rel=-9.200352514e-19 n=1.088424 type=E1 hbar_omega=5.410704943e-18 photon=0.000000000e+00
LADDER E_rel=-9.293035339e-19 n=1.082983 type=E1 hbar_omega=6.144316620e-17 photon=0.000000000e+00
LADDER E_rel=-9.351461303e-19 n=1.079595 type=E1 hbar_omega=8.241935142e-17 photon=0.000000000e+00
LADDER E_rel=-9.199053756e-19 n=1.088501 type=E1 hbar_omega=1.207849827e-18 photon=0.000000000e+00
LADDER E_rel=-9.332289949e-19 n=1.080703 type=E1 hbar_omega=7.357962501e-17 photon=0.000000000e+00
LADDER E_rel=-9.306968575e-19 n=1.082172 type=E1 hbar_omega=7.245731142e-17 photon=0.000000000e+00
LADDER E_rel=-9.191623903e-19 n=1.088941 type=E1 hbar_omega=8.714130996e-18 photon=0.000000000e+00
LADDER E_rel=-9.358636019e-19 n=1.079181 type=E1 hbar_omega=8.136383898e-17 photon=0.000000000e+00
LADDER E_rel=-9.264806153e-19 n=1.084632 type=E1 hbar_omega=6.084259303e-17 photon=0.000000000e+00
LADDER E_rel=-9.193289779e-19 n=1.088842 type=E1 hbar_omega=2.040615035e-17 photon=0.000000000e+00
LADDER E_rel=-9.377032264e-19 n=1.078122 type=E1 hbar_omega=8.705991716e-17 photon=0.000000000e+00
LADDER E_rel=-9.219556718e-19 n=1.087290 type=E1 hbar_omega=4.378980564e-17 photon=0.000000000e+00
LADDER E_rel=-9.205802854e-19 n=1.088102 type=E1 hbar_omega=3.248808532e-17 photon=0.000000000e+00
LADDER E_rel=-9.383910009e-19 n=1.077727 type=E1 hbar_omega=9.053128103e-17 photon=0.000000000e+00
LADDER E_rel=-9.191712634e-19 n=1.088936 type=E1 hbar_omega=2.757250493e-17 photon=0.000000000e+00
LADDER E_rel=-9.230049531e-19 n=1.086672 type=E1 hbar_omega=4.561961704e-17 photon=0.000000000e+00
LADDER E_rel=-9.372865901e-19 n=1.078361 type=E1 hbar_omega=8.985324147e-17 photon=0.000000000e+00
LADDER E_rel=-9.178818416e-19 n=1.089700 type=E1 hbar_omega=1.028380929e-17 photon=0.000000000e+00
LADDER E_rel=-9.259602621e-19 n=1.084937 type=E1 hbar_omega=5.743773299e-17 photon=0.000000000e+00
LADDER E_rel=-9.342567506e-19 n=1.080109 type=E1 hbar_omega=8.491974209e-17 photon=0.000000000e+00
LADDER E_rel=-9.178961139e-19 n=1.089692 type=E1 hbar_omega=6.614495012e-19 photon=0.000000000e+00
LADDER E_rel=-9.295708239e-19 n=1.082828 type=E1 hbar_omega=6.924763810e-17 photon=0.000000000e+00
LADDER E_rel=-9.301671924e-19 n=1.082480 type=E1 hbar_omega=7.643467877e-17 photon=0.000000000e+00
LADDER E_rel=-9.171844591e-19 n=1.090115 type=E1 hbar_omega=5.293397935e-18 photon=0.000000000e+00
LADDER E_rel=-9.331148652e-19 n=1.080769 type=E1 hbar_omega=7.961258473e-17 photon=0.000000000e+00
LADDER E_rel=-9.259859454e-19 n=1.084922 type=E1 hbar_omega=6.589477893e-17 photon=0.000000000e+00
LADDER E_rel=-9.169312796e-19 n=1.090265 type=E1 hbar_omega=1.595954962e-17 photon=0.000000000e+00
LADDER E_rel=-9.350435948e-19 n=1.079654 type=E1 hbar_omega=8.548729775e-17 photon=0.000000000e+00
LADDER E_rel=-9.210212714e-19 n=1.087842 type=E1 hbar_omega=4.916899510e-17 photon=0.000000000e+00
LADDER E_rel=-9.177385827e-19 n=1.089786 type=E1 hbar_omega=2.753880937e-17 photon=0.000000000e+00
LADDER E_rel=-9.362557451e-19 n=1.078955 type=E1 hbar_omega=8.999868922e-17 photon=0.000000000e+00
LADDER E_rel=-9.176416359e-19 n=1.089843 type=E1 hbar_omega=3.215494399e-17 photon=0.000000000e+00
LADDER E_rel=-9.199634850e-19 n=1.088467 type=E1 hbar_omega=4.150979805e-17 photon=0.000000000e+00
LADDER E_rel=-9.354226314e-19 n=1.079435 type=E1 hbar_omega=9.014525333e-17 photon=0.000000000e+00
LADDER E_rel=-9.158803485e-19 n=1.090891 type=E1 hbar_omega=1.459972028e-17 photon=0.000000000e+00
LADDER E_rel=-9.232323811e-19 n=1.086538 type=E1 hbar_omega=5.525980192e-17 photon=0.000000000e+00
LADDER E_rel=-9.335339905e-19 n=1.080527 type=E1 hbar_omega=8.755415744e-17 photon=0.000000000e+00
LADDER E_rel=-9.157298485e-19 n=1.090980 type=E1 hbar_omega=2.000538233e-18 photon=0.000000000e+00
LADDER E_rel=-9.265149017e-19 n=1.084612 type=E1 hbar_omega=6.645474656e-17 photon=0.000000000e+00
LADDER E_rel=-9.300157758e-19 n=1.082568 type=E1 hbar_omega=8.097781779e-17 photon=0.000000000e+00
LADDER E_rel=-9.152484676e-19 n=1.091267 type=E1 hbar_omega=3.142515908e-18 photon=0.000000000e+00
LADDER E_rel=-9.299236100e-19 n=1.082622 type=E1 hbar_omega=7.669202636e-17 photon=0.000000000e+00
LADDER E_rel=-9.250498271e-19 n=1.085470 type=E1 hbar_omega=6.923358319e-17 photon=0.000000000e+00
LADDER E_rel=-9.147025418e-19 n=1.091593 type=E1 hbar_omega=1.194251817e-17 photon=0.000000000e+00
LADDER E_rel=-9.326803646e-19 n=1.081021 type=E1 hbar_omega=8.471704600e-17 photon=0.000000000e+00
LADDER E_rel=-9.206392301e-19 n=1.088067 type=E1 hbar_omega=5.601372098e-17 photon=0.000000000e+00
LADDER E_rel=-9.152388347e-19 n=1.091273 type=E1 hbar_omega=2.422087198e-17 photon=0.000000000e+00
LADDER E_rel=-9.340557565e-19 n=1.080225 type=E1 hbar_omega=8.951516739e-17 photon=0.000000000e+00
LADDER E_rel=-9.164758216e-19 n=1.090536 type=E1 hbar_omega=3.828733317e-17 photon=0.000000000e+00
LADDER E_rel=-9.168373963e-19 n=1.090321 type=E1 hbar_omega=3.652551223e-17 photon=0.000000000e+00
LADDER E_rel=-9.338498449e-19 n=1.080344 type=E1 hbar_omega=9.062329385e-17 photon=0.000000000e+00
LADDER E_rel=-9.140307961e-19 n=1.091994 type=E1 hbar_omega=1.964375187e-17 photon=0.000000000e+00
LADDER E_rel=-9.201746330e-19 n=1.088342 type=E1 hbar_omega=5.186525812e-17 photon=0.000000000e+00
LADDER E_rel=-9.321977015e-19 n=1.081301 type=E1 hbar_omega=8.887512220e-17 photon=0.000000000e+00
LADDER E_rel=-9.134950599e-19 n=1.092314 type=E1 hbar_omega=4.968709337e-18 photon=0.000000000e+00
LADDER E_rel=-9.230545429e-19 n=1.086643 type=E1 hbar_omega=6.237043538e-17 photon=0.000000000e+00
LADDER E_rel=-9.282975630e-19 n=1.083570 type=E1 hbar_omega=8.176990539e-17 photon=0.000000000e+00
LADDER E_rel=-9.133300631e-19 n=1.092412 type=E1 hbar_omega=1.415784877e-18 photon=0.000000000e+00
LADDER E_rel=-9.262423071e-19 n=1.084771 type=E1 hbar_omega=7.241677925e-17 photon=0.000000000e+00
LADDER E_rel=-9.245568809e-19 n=1.085760 type=E1 hbar_omega=7.355950012e-17 photon=0.000000000e+00
LADDER E_rel=-9.126046959e-19 n=1.092847 type=E1 hbar_omega=9.350809033e-18 photon=0.000000000e+00
LADDER E_rel=-9.299872363e-19 n=1.082585 type=E1 hbar_omega=8.310408770e-17 photon=0.000000000e+00
LADDER E_rel=-9.192312790e-19 n=1.088900 type=E1 hbar_omega=5.843341874e-17 photon=0.000000000e+00
LADDER E_rel=-9.127863503e-19 n=1.092738 type=E1 hbar_omega=2.054233112e-17 photon=0.000000000e+00
LADDER E_rel=-9.316498471e-19 n=1.081619 type=E1 hbar_omega=8.845940748e-17 photon=0.000000000e+00
LADDER E_rel=-9.153492309e-19 n=1.091207 type=E1 hbar_omega=4.352615804e-17 photon=0.000000000e+00
LADDER E_rel=-9.141643340e-19 n=1.091914 type=E1 hbar_omega=3.329690475e-17 photon=0.000000000e+00
LADDER E_rel=-9.318145225e-19 n=1.081523 type=E1 hbar_omega=9.059589653e-17 photon=0.000000000e+00
LADDER E_rel=-9.123659481e-19 n=1.092990 type=E1 hbar_omega=2.503731685e-17 photon=0.000000000e+00
LADDER E_rel=-9.168775293e-19 n=1.090297 type=E1 hbar_omega=4.731536896e-17 photon=0.000000000e+00
LADDER E_rel=-9.304373806e-19 n=1.082323 type=E1 hbar_omega=8.939199749e-17 photon=0.000000000e+00
LADDER E_rel=-9.113362531e-19 n=1.093607 type=E1 hbar_omega=8.354789980e-18 photon=0.000000000e+00
LADDER E_rel=-9.202080654e-19 n=1.088322 type=E1 hbar_omega=5.998698121e-17 photon=0.000000000e+00
LADDER E_rel=-9.278256753e-19 n=1.083845 type=E1 hbar_omega=8.517035331e-17 photon=0.000000000e+00
LADDER E_rel=-9.113423221e-19 n=1.093603 type=E1 hbar_omega=6.435822693e-19 photon=0.000000000e+00
LADDER E_rel=-9.231218570e-19 n=1.086603 type=E1 hbar_omega=6.954095881e-17 photon=0.000000000e+00
LADDER E_rel=-9.235033338e-19 n=1.086379 type=E1 hbar_omega=7.616329363e-17 photon=0.000000000e+00
LADDER E_rel=-9.105801017e-19 n=1.094061 type=E1 hbar_omega=6.468110623e-18 photon=0.000000000e+00
LADDER E_rel=-9.268703462e-19 n=1.084404 type=E1 hbar_omega=8.041609778e-17 photon=0.000000000e+00
LADDER E_rel=-9.182110401e-19 n=1.089505 type=E1 hbar_omega=6.203690416e-17 photon=0.000000000e+00
LADDER E_rel=-9.104161338e-19 n=1.094159 type=E1 hbar_omega=1.675046533e-17 photon=0.000000000e+00
LADDER E_rel=-9.288469331e-19 n=1.083249 type=E1 hbar_omega=8.644877936e-17 photon=0.000000000e+00
LADDER E_rel=-9.140934342e-19 n=1.091956 type=E1 hbar_omega=4.752048911e-17 photon=0.000000000e+00
LADDER E_rel=-9.114327265e-19 n=1.093549 type=E1 hbar_omega=2.931354016e-17 photon=0.000000000e+00
LADDER E_rel=-9.296693750e-19 n=1.082770 type=E1 hbar_omega=8.989796566e-17 photon=0.000000000e+00
LADDER E_rel=-9.108496802e-19 n=1.093899 type=E1 hbar_omega=3.034692345e-17 photon=0.000000000e+00
LADDER E_rel=-9.141004370e-19 n=1.091952 type=E1 hbar_omega=4.450726168e-17 photon=0.000000000e+00
LADDER E_rel=-9.288216582e-19 n=1.083264 type=E1 hbar_omega=9.009144223e-17 photon=0.000000000e+00
LADDER E_rel=-9.092666151e-19 n=1.094851 type=E1 hbar_omega=1.238849429e-17 photon=0.000000000e+00
LADDER E_rel=-9.169779224e-19 n=1.090237 type=E1 hbar_omega=5.628274042e-17 photon=0.000000000e+00
LADDER E_rel=-9.259411340e-19 n=1.084948 type=E1 hbar_omega=8.555324819e-17 photon=0.000000000e+00
LADDER E_rel=-9.092273922e-19 n=1.094874 type=E1 hbar_omega=1.170504476e-18 photon=0.000000000e+00
LADDER E_rel=-9.205591459e-19 n=1.088115 type=E1 hbar_omega=6.816807155e-17 photon=0.000000000e+00
LADDER E_rel=-9.228850691e-19 n=1.086743 type=E1 hbar_omega=7.966595692e-17 photon=0.000000000e+00
LADDER E_rel=-9.086071008e-19 n=1.095248 type=E1 hbar_omega=4.314265662e-18 photon=0.000000000e+00
LADDER E_rel=-9.241511340e-19 n=1.085998 type=E1 hbar_omega=7.874283773e-17 photon=0.000000000e+00
LADDER E_rel=-9.176907739e-19 n=1.089814 type=E1 hbar_omega=6.690364122e-17 photon=0.000000000e+00
LADDER E_rel=-9.082137499e-19 n=1.095485 type=E1 hbar_omega=1.422617098e-17 photon=0.000000000e+00
LADDER E_rel=-9.261748243e-19 n=1.084811 type=E1 hbar_omega=8.485985593e-17 photon=0.000000000e+00
LADDER E_rel=-9.132828092e-19 n=1.092441 type=E1 hbar_omega=5.293095624e-17 photon=0.000000000e+00
LADDER E_rel=-9.090024902e-19 n=1.095010 type=E1 hbar_omega=2.679640286e-17 photon=0.000000000e+00
LADDER E_rel=-9.275660251e-19 n=1.083997 type=E1 hbar_omega=8.976368832e-17 photon=0.000000000e+00
LADDER E_rel=-9.094222558e-19 n=1.094757 type=E1 hbar_omega=3.513847102e-17 photon=0.000000000e+00
LADDER E_rel=-9.111220361e-19 n=1.093735 type=E1 hbar_omega=4.058586929e-17 photon=0.000000000e+00
LADDER E_rel=-9.271920079e-19 n=1.084216 type=E1 hbar_omega=9.059366387e-17 photon=0.000000000e+00
LADDER E_rel=-9.073516066e-19 n=1.096005 type=E1 hbar_omega=1.743640642e-17 photon=0.000000000e+00
LADDER E_rel=-9.143065011e-19 n=1.091829 type=E1 hbar_omega=5.428115764e-17 photon=0.000000000e+00
LADDER E_rel=-9.251182814e-19 n=1.085430 type=E1 hbar_omega=8.795758029e-17 photon=0.000000000e+00
LADDER E_rel=-9.070336497e-19 n=1.096198 type=E1 hbar_omega=2.929686722e-18 photon=0.000000000e+00
LADDER E_rel=-9.175567667e-19 n=1.089894 type=E1 hbar_omega=6.551936293e-17 photon=0.000000000e+00
LADDER E_rel=-9.216741570e-19 n=1.087456 type=E1 hbar_omega=8.163352618e-17 photon=0.000000000e+00
LADDER E_rel=-9.066724981e-19 n=1.096416 type=E1 hbar_omega=2.400783204e-18 photon=0.000000000e+00
LADDER E_rel=-9.209840897e-19 n=1.087864 type=E1 hbar_omega=7.589457531e-17 photon=0.000000000e+00
LADDER E_rel=-9.167052069e-19 n=1.090400 type=E1 hbar_omega=7.006238873e-17 photon=0.000000000e+00
LADDER E_rel=-9.060592746e-19 n=1.096787 type=E1 hbar_omega=1.162444084e-17 photon=0.000000000e+00
LADDER E_rel=-9.238355373e-19 n=1.086184 type=E1 hbar_omega=8.416834029e-17 photon=0.000000000e+00
LADDER E_rel=-9.122248780e-19 n=1.093074 type=E1 hbar_omega=5.683839552e-17 photon=0.000000000e+00
LADDER E_rel=-9.065373308e-19 n=1.096498 type=E1 hbar_omega=2.364801898e-17 photon=0.000000000e+00
LADDER E_rel=-9.253470834e-19 n=1.085296 type=E1 hbar_omega=8.926034419e-17 photon=0.000000000e+00
LADDER E_rel=-9.079559539e-19 n=1.095641 type=E1 hbar_omega=3.897972558e-17 photon=0.000000000e+00
LADDER E_rel=-9.080549050e-19 n=1.095581 type=E1 hbar_omega=3.577840144e-17 photon=0.000000000e+00
LADDER E_rel=-9.252467538e-19 n=1.085355 type=E1 hbar_omega=9.059853955e-17 photon=0.000000000e+00
LADDER E_rel=-9.055198856e-19 n=1.097113 type=E1 hbar_omega=2.158953528e-17 photon=0.000000000e+00
LADDER E_rel=-9.112968838e-19 n=1.093630 type=E1 hbar_omega=5.099645686e-17 photon=0.000000000e+00
LADDER E_rel=-9.237271195e-19 n=1.086247 type=E1 hbar_omega=8.914991282e-17 photon=0.000000000e+00
LADDER E_rel=-9.048398726e-19 n=1.097526 type=E1 hbar_omega=5.485464406e-18 photon=0.000000000e+00
LADDER E_rel=-9.141342558e-19 n=1.091932 type=E1 hbar_omega=6.151046625e-17 photon=0.000000000e+00
LADDER E_rel=-9.199194968e-19 n=1.088493 type=E1 hbar_omega=8.233993621e-17 photon=0.000000000e+00
LADDER E_rel=-9.047150939e-19 n=1.097601 type=E1 hbar_omega=1.214619771e-18 photon=0.000000000e+00
LADDER E_rel=-9.183277214e-19 n=1.089436 type=E1 hbar_omega=7.434694787e-17 photon=0.000000000e+00
LADDER E_rel=-9.161975661e-19 n=1.090702 type=E1 hbar_omega=7.428084834e-17 photon=0.000000000e+00
LADDER E_rel=-9.039659902e-19 n=1.098056 type=E1 hbar_omega=9.111530894e-18 photon=0.000000000e+00
LADDER E_rel=-9.211300794e-19 n=1.087777 type=E1 hbar_omega=8.253609659e-17 photon=0.000000000e+00
LADDER E_rel=-9.108115755e-19 n=1.093922 type=E1 hbar_omega=5.920746780e-17 photon=0.000000000e+00
LADDER E_rel=-9.041004311e-19 n=1.097974 type=E1 hbar_omega=2.005481359e-17 photon=0.000000000e+00
LADDER E_rel=-9.228948107e-19 n=1.086737 type=E1 hbar_omega=8.812415723e-17 photon=0.000000000e+00
LADDER E_rel=-9.068484513e-19 n=1.096309 type=E1 hbar_omega=4.424609001e-17 photon=0.000000000e+00
LADDER E_rel=-9.054008895e-19 n=1.097186 type=E1 hbar_omega=3.259363263e-17 photon=0.000000000e+00
LADDER E_rel=-9.231952428e-19 n=1.086560 type=E1 hbar_omega=9.054347296e-17 photon=0.000000000e+00
LADDER E_rel=-9.037705125e-19 n=1.098175 type=E1 hbar_omega=2.553283130e-17 photon=0.000000000e+00
LADDER E_rel=-9.080193657e-19 n=1.095602 type=E1 hbar_omega=4.647070759e-17 photon=0.000000000e+00
LADDER E_rel=-9.219416006e-19 n=1.087299 type=E1 hbar_omega=8.962213066e-17 photon=0.000000000e+00
LADDER E_rel=-9.026911601e-19 n=1.098831 type=E1 hbar_omega=8.530528295e-18 photon=0.000000000e+00
LADDER E_rel=-9.112738268e-19 n=1.093644 type=E1 hbar_omega=5.907636168e-17 photon=0.000000000e+00
LADDER E_rel=-9.185738799e-19 n=1.089290 type=E1 hbar_omega=8.391006342e-17 photon=0.000000000e+00
LADDER E_rel=-9.026991700e-19 n=1.098826 type=E1 hbar_omega=6.410970546e-19 photon=0.000000000e+00
LADDER E_rel=-9.151836236e-19 n=1.091306 type=E1 hbar_omega=7.147553804e-17 photon=0.000000000e+00
LADDER E_rel=-9.151645637e-19 n=1.091317 type=E1 hbar_omega=7.691587768e-17 photon=0.000000000e+00
LADDER E_rel=-9.019264797e-19 n=1.099297 type=E1 hbar_omega=6.846944383e-18 photon=0.000000000e+00
LADDER E_rel=-9.179493183e-19 n=1.089660 type=E1 hbar_omega=7.969064186e-17 photon=0.000000000e+00
LADDER E_rel=-9.098375337e-19 n=1.094507 type=E1 hbar_omega=6.291348746e-17 photon=0.000000000e+00
LADDER E_rel=-9.018379637e-19 n=1.099351 type=E1 hbar_omega=1.769900637e-17 photon=0.000000000e+00
LADDER E_rel=-9.205742872e-19 n=1.088106 type=E1 hbar_omega=8.743853415e-17 photon=0.000000000e+00
LADDER E_rel=-9.056355590e-19 n=1.097043 type=E1 hbar_omega=4.835408818e-17 photon=0.000000000e+00
LADDER E_rel=-9.030255857e-19 n=1.098628 type=E1 hbar_omega=3.079754797e-17 photon=0.000000000e+00
LADDER E_rel=-9.211116951e-19 n=1.087788 type=E1 hbar_omega=9.027850268e-17 photon=0.000000000e+00
LADDER E_rel=-9.020450003e-19 n=1.099225 type=E1 hbar_omega=2.893076022e-17 photon=0.000000000e+00
LADDER E_rel=-9.052370490e-19 n=1.097285 type=E1 hbar_omega=4.357863443e-17 photon=0.000000000e+00
LADDER E_rel=-9.203065630e-19 n=1.088264 type=E1 hbar_omega=9.025739488e-17 photon=0.000000000e+00
LADDER E_rel=-9.006169195e-19 n=1.100096 type=E1 hbar_omega=1.172970291e-17 photon=0.000000000e+00
LADDER E_rel=-9.089475345e-19 n=1.095043 type=E1 hbar_omega=5.826794129e-17 photon=0.000000000e+00
LADDER E_rel=-9.175675772e-19 n=1.089887 type=E1 hbar_omega=8.608569415e-17 photon=0.000000000e+00
LADDER E_rel=-9.006043222e-19 n=1.100103 type=E1 hbar_omega=8.781864355e-19 photon=0.000000000e+00
LADDER E_rel=-9.125856966e-19 n=1.092858 type=E1 hbar_omega=7.003547358e-17 photon=0.000000000e+00
LADDER E_rel=-9.135954220e-19 n=1.092254 type=E1 hbar_omega=7.813977741e-17 photon=0.000000000e+00
LADDER E_rel=-8.999291884e-19 n=1.100516 type=E1 hbar_omega=4.948694876e-18 photon=0.000000000e+00
LADDER E_rel=-9.151760254e-19 n=1.091310 type=E1 hbar_omega=7.787507687e-17 photon=0.000000000e+00
LADDER E_rel=-9.084446922e-19 n=1.095346 type=E1 hbar_omega=6.506658294e-17 photon=0.000000000e+00
LADDER E_rel=-8.996064382e-19 n=1.100713 type=E1 hbar_omega=1.498056962e-17 photon=0.000000000e+00
LADDER E_rel=-9.179461269e-19 n=1.089662 type=E1 hbar_omega=8.593472527e-17 photon=0.000000000e+00
LADDER E_rel=-9.042039930e-19 n=1.097911 type=E1 hbar_omega=5.113189098e-17 photon=0.000000000e+00
LADDER E_rel=-9.005377837e-19 n=1.100144 type=E1 hbar_omega=2.805074672e-17 photon=0.000000000e+00
LADDER E_rel=-9.188457434e-19 n=1.089129 type=E1 hbar_omega=8.946498370e-17 photon=0.000000000e+00
LADDER E_rel=-9.005782559e-19 n=1.100119 type=E1 hbar_omega=3.371277488e-17 photon=0.000000000e+00
LADDER E_rel=-9.028361249e-19 n=1.098743 type=E1 hbar_omega=4.217764127e-17 photon=0.000000000e+00
LADDER E_rel=-9.183990289e-19 n=1.089394 type=E1 hbar_omega=9.045636132e-17 photon=0.000000000e+00
LADDER E_rel=-8.986255138e-19 n=1.101314 type=E1 hbar_omega=1.541006788e-17 photon=0.000000000e+00
LADDER E_rel=-9.052912767e-19 n=1.097252 type=E1 hbar_omega=5.300558996e-17 photon=0.000000000e+00
LADDER E_rel=-9.160655877e-19 n=1.090780 type=E1 hbar_omega=8.719641142e-17 photon=0.000000000e+00
LADDER E_rel=-8.984528959e-19 n=1.101420 type=E1 hbar_omega=1.946019911e-18 photon=0.000000000e+00
LADDER E_rel=-9.094818768e-19 n=1.094721 type=E1 hbar_omega=6.715863611e-17 photon=0.000000000e+00
LADDER E_rel=-9.124890470e-19 n=1.092916 type=E1 hbar_omega=8.041507115e-17 photon=0.000000000e+00
LADDER E_rel=-8.979650887e-19 n=1.101719 type=E1 hbar_omega=3.178183724e-18 photon=0.000000000e+00
LADDER E_rel=-9.128611097e-19 n=1.092693 type=E1 hbar_omega=7.725403903e-17 photon=0.000000000e+00
LADDER E_rel=-9.075368322e-19 n=1.095894 type=E1 hbar_omega=6.856609397e-17 photon=0.000000000e+00
LADDER E_rel=-8.974518349e-19 n=1.102034 type=E1 hbar_omega=1.319637290e-17 photon=0.000000000e+00
LADDER E_rel=-9.155431078e-19 n=1.091091 type=E1 hbar_omega=8.508813207e-17 photon=0.000000000e+00
LADDER E_rel=-9.024610684e-19 n=1.098971 type=E1 hbar_omega=5.253083329e-17 photon=0.000000000e+00
LADDER E_rel=-8.979927893e-19 n=1.101702 type=E1 hbar_omega=2.455304104e-17 photon=0.000000000e+00
LADDER E_rel=-9.168206889e-19 n=1.090331 type=E1 hbar_omega=8.967010590e-17 photon=0.000000000e+00
LADDER E_rel=-8.987358193e-19 n=1.101246 type=E1 hbar_omega=3.539253959e-17 photon=0.000000000e+00
LADDER E_rel=-9.001614330e-19 n=1.100374 type=E1 hbar_omega=3.950590564e-17 photon=0.000000000e+00
LADDER E_rel=-9.165412555e-19 n=1.090497 type=E1 hbar_omega=9.062221196e-17 photon=0.000000000e+00
LADDER E_rel=-8.966489204e-19 n=1.102527 type=E1 hbar_omega=1.793865484e-17 photon=0.000000000e+00
LADDER E_rel=-9.030057858e-19 n=1.098640 type=E1 hbar_omega=5.229002491e-17 photon=0.000000000e+00
LADDER E_rel=-9.141563321e-19 n=1.091919 type=E1 hbar_omega=8.751860771e-17 photon=0.000000000e+00
LADDER E_rel=-8.962710075e-19 n=1.102760 type=E1 hbar_omega=3.571191849e-18 photon=0.000000000e+00
LADDER E_rel=-9.068897316e-19 n=1.096285 type=E1 hbar_omega=6.569562211e-17 photon=0.000000000e+00
LADDER E_rel=-9.108796771e-19 n=1.093881 type=E1 hbar_omega=8.148444931e-17 photon=0.000000000e+00
LADDER E_rel=-8.959642629e-19 n=1.102948 type=E1 hbar_omega=2.174250809e-18 photon=0.000000000e+00
LADDER E_rel=-9.100541487e-19 n=1.094377 type=E1 hbar_omega=7.536051906e-17 photon=0.000000000e+00
LADDER E_rel=-9.061652243e-19 n=1.096723 type=E1 hbar_omega=7.059093367e-17 photon=0.000000000e+00
LADDER E_rel=-8.953183423e-19 n=1.103346 type=E1 hbar_omega=1.113136357e-17 photon=0.000000000e+00
LADDER E_rel=-9.127455702e-19 n=1.092762 type=E1 hbar_omega=8.323475220e-17 photon=0.000000000e+00
LADDER E_rel=-9.010903831e-19 n=1.099807 type=E1 hbar_omega=5.533222063e-17 photon=0.000000000e+00
LADDER E_rel=-8.956539920e-19 n=1.103139 type=E1 hbar_omega=2.226241797e-17 photon=0.000000000e+00
LADDER E_rel=-9.143692374e-19 n=1.091792 type=E1 hbar_omega=8.849745565e-17 photon=0.000000000e+00
LADDER E_rel=-8.975428218e-19 n=1.101978 type=E1 hbar_omega=4.081686634e-17 photon=0.000000000e+00
LADDER E_rel=-8.973056022e-19 n=1.102124 type=E1 hbar_omega=3.568043650e-17 photon=0.000000000e+00
LADDER E_rel=-9.145216037e-19 n=1.091701 type=E1 hbar_omega=9.059340883e-17 photon=0.000000000e+00
LADDER E_rel=-8.947897383e-19 n=1.103672 type=E1 hbar_omega=2.160326246e-17 photon=0.000000000e+00
LADDER E_rel=-9.003101393e-19 n=1.100283 type=E1 hbar_omega=5.007264558e-17 photon=0.000000000e+00
LADDER E_rel=-9.125807066e-19 n=1.092861 type=E1 hbar_omega=8.843377968e-17 photon=0.000000000e+00
LADDER E_rel=-8.941022584e-19 n=1.104096 type=E1 hbar_omega=5.601804334e-18 photon=0.000000000e+00
LADDER E_rel=-9.038023202e-19 n=1.098155 type=E1 hbar_omega=6.272658044e-17 photon=0.000000000e+00
LADDER E_rel=-9.097180488e-19 n=1.094579 type=E1 hbar_omega=8.348807905e-17 photon=0.000000000e+00
LADDER E_rel=-8.939712661e-19 n=1.104177 type=E1 hbar_omega=1.293917264e-18 photon=0.000000000e+00
LADDER E_rel=-9.077208420e-19 n=1.095783 type=E1 hbar_omega=7.468771226e-17 photon=0.000000000e+00
LADDER E_rel=-9.053225854e-19 n=1.097233 type=E1 hbar_omega=7.392105496e-17 photon=0.000000000e+00
LADDER E_rel=-8.932314854e-19 n=1.104634 type=E1 hbar_omega=8.966916140e-18 photon=0.000000000e+00
LADDER E_rel=-9.102696049e-19 n=1.094247 type=E1 hbar_omega=8.220506719e-17 photon=0.000000000e+00
LADDER E_rel=-9.001979762e-19 n=1.100352 type=E1 hbar_omega=5.962979182e-17 photon=0.000000000e+00
LADDER E_rel=-8.934481063e-19 n=1.104500 type=E1 hbar_omega=2.095364078e-17 photon=0.000000000e+00
LADDER E_rel=-9.119664765e-19 n=1.093229 type=E1 hbar_omega=8.756696860e-17 photon=0.000000000e+00
LADDER E_rel=-8.958227653e-19 n=1.103035 type=E1 hbar_omega=4.274578084e-17 photon=0.000000000e+00
LADDER E_rel=-8.947754168e-19 n=1.103681 type=E1 hbar_omega=3.321740661e-17 photon=0.000000000e+00
LADDER E_rel=-9.124460491e-19 n=1.092942 type=E1 hbar_omega=9.059151871e-17 photon=0.000000000e+00
LADDER E_rel=-8.929867734e-19 n=1.104786 type=E1 hbar_omega=2.500050822e-17 photon=0.000000000e+00
LADDER E_rel=-8.972749986e-19 n=1.102143 type=E1 hbar_omega=4.642154239e-17 photon=0.000000000e+00
LADDER E_rel=-9.112145427e-19 n=1.093680 type=E1 hbar_omega=8.962491514e-17 photon=0.000000000e+00
LADDER E_rel=-8.919681655e-19 n=1.105416 type=E1 hbar_omega=7.861512160e-18 photon=0.000000000e+00
LADDER E_rel=-9.012236183e-19 n=1.099725 type=E1 hbar_omega=6.119288752e-17 photon=0.000000000e+00
LADDER E_rel=-9.080939362e-19 n=1.095557 type=E1 hbar_omega=8.443212678e-17 photon=0.000000000e+00
LADDER E_rel=-8.919462321e-19 n=1.105430 type=E1 hbar_omega=7.751233974e-19 photon=0.000000000e+00
LADDER E_rel=-9.048788945e-19 n=1.097502 type=E1 hbar_omega=7.263049809e-17 photon=0.000000000e+00
LADDER E_rel=-9.040069231e-19 n=1.098031 type=E1 hbar_omega=7.585786470e-17 photon=0.000000000e+00
LADDER E_rel=-8.911769865e-19 n=1.105907 type=E1 hbar_omega=7.525879054e-18 photon=0.000000000e+00
LADDER E_rel=-9.073276519e-19 n=1.096020 type=E1 hbar_omega=7.996925529e-17 photon=0.000000000e+00
LADDER E_rel=-8.989887017e-19 n=1.101092 type=E1 hbar_omega=6.253504740e-17 photon=0.000000000e+00
LADDER E_rel=-8.911931043e-19 n=1.105897 type=E1 hbar_omega=1.890200825e-17 photon=0.000000000e+00
LADDER E_rel=-9.097538779e-19 n=1.094557 type=E1 hbar_omega=8.719181896e-17 photon=0.000000000e+00
LADDER E_rel=-8.944139220e-19 n=1.103904 type=E1 hbar_omega=4.609344706e-17 photon=0.000000000e+00
LADDER E_rel=-8.924810685e-19 n=1.105099 type=E1 hbar_omega=3.196265981e-17 photon=0.000000000e+00
LADDER E_rel=-9.103936638e-19 n=1.094173 type=E1 hbar_omega=9.047516846e-17 photon=0.000000000e+00
LADDER E_rel=-8.911909295e-19 n=1.105898 type=E1 hbar_omega=2.786354156e-17 photon=0.000000000e+00
LADDER E_rel=-8.953470858e-19 n=1.103328 type=E1 hbar_omega=4.702027705e-17 photon=0.000000000e+00
LADDER E_rel=-9.090282077e-19 n=1.094994 type=E1 hbar_omega=8.945577006e-17 photon=0.000000000e+00
LADDER E_rel=-8.898691092e-19 n=1.106719 type=E1 hbar_omega=9.812509308e-18 photon=0.000000000e+00
LADDER E_rel=-8.981402138e-19 n=1.101612 type=E1 hbar_omega=5.805112912e-17 photon=0.000000000e+00
LADDER E_rel=-9.060486742e-19 n=1.096793 type=E1 hbar_omega=8.450542085e-17 photon=0.000000000e+00
LADDER E_rel=-8.898936724e-19 n=1.106704 type=E1 hbar_omega=5.995946642e-19 photon=0.000000000e+00
LADDER E_rel=-9.014587302e-19 n=1.099582 type=E1 hbar_omega=6.896623429e-17 photon=0.000000000e+00
LADDER E_rel=-9.022219151e-19 n=1.099117 type=E1 hbar_omega=7.660217323e-17 photon=0.000000000e+00
LADDER E_rel=-8.891364718e-19 n=1.107175 type=E1 hbar_omega=6.026490098e-18 photon=0.000000000e+00
LADDER E_rel=-9.056321397e-19 n=1.097045 type=E1 hbar_omega=8.097009273e-17 photon=0.000000000e+00
LADDER E_rel=-8.973968023e-19 n=1.102068 type=E1 hbar_omega=6.411661521e-17 photon=0.000000000e+00
LADDER E_rel=-8.890198112e-19 n=1.107248 type=E1 hbar_omega=1.769334998e-17 photon=0.000000000e+00
LADDER E_rel=-9.072176682e-19 n=1.096086 type=E1 hbar_omega=8.597392354e-17 photon=0.000000000e+00
LADDER E_rel=-8.927985255e-19 n=1.104902 type=E1 hbar_omega=4.826623793e-17 photon=0.000000000e+00
LADDER E_rel=-8.900119980e-19 n=1.106630 type=E1 hbar_omega=2.956856352e-17 photon=0.000000000e+00
LADDER E_rel=-9.082387306e-19 n=1.095470 type=E1 hbar_omega=8.998723102e-17 photon=0.000000000e+00
LADDER E_rel=-8.893459444e-19 n=1.107045 type=E1 hbar_omega=2.998449076e-17 photon=0.000000000e+00
LADDER E_rel=-8.923490245e-19 n=1.105180 type=E1 hbar_omega=4.329827551e-17 photon=0.000000000e+00
LADDER E_rel=-9.075187782e-19 n=1.095905 type=E1 hbar_omega=9.029531819e-17 photon=0.000000000e+00
LADDER E_rel=-8.877950035e-19 n=1.108011 type=E1 hbar_omega=1.178289999e-17 photon=0.000000000e+00
LADDER E_rel=-8.955167457e-19 n=1.103224 type=E1 hbar_omega=5.629445231e-17 photon=0.000000000e+00
LADDER E_rel=-9.044564314e-19 n=1.097758 type=E1 hbar_omega=8.550701334e-17 photon=0.000000000e+00
LADDER E_rel=-8.877859702e-19 n=1.108017 type=E1 hbar_omega=7.980300061e-19 photon=0.000000000e+00
LADDER E_rel=-8.995460555e-19 n=1.100750 type=E1 hbar_omega=6.943451604e-17 photon=0.000000000e+00
LADDER E_rel=-9.009667396e-19 n=1.099882 type=E1 hbar_omega=7.860434833e-17 photon=0.000000000e+00
LADDER E_rel=-8.870991631e-19 n=1.108446 type=E1 hbar_omega=5.028155109e-18 photon=0.000000000e+00
LADDER E_rel=-9.025699164e-19 n=1.098905 type=E1 hbar_omega=7.843803901e-17 photon=0.000000000e+00
LADDER E_rel=-8.953960561e-19 n=1.103298 type=E1 hbar_omega=6.437134712e-17 photon=0.000000000e+00
LADDER E_rel=-8.868181147e-19 n=1.108621 type=E1 hbar_omega=1.581570535e-17 photon=0.000000000e+00
LADDER E_rel=-9.049117309e-19 n=1.097482 type=E1 hbar_omega=8.538795798e-17 photon=0.000000000e+00
LADDER E_rel=-8.909296513e-19 n=1.106060 type=E1 hbar_omega=4.922645107e-17 photon=0.000000000e+00
LADDER E_rel=-8.877306842e-19 n=1.108051 type=E1 hbar_omega=2.824955215e-17 photon=0.000000000e+00
LADDER E_rel=-9.061998419e-19 n=1.096702 type=E1 hbar_omega=9.020608920e-17 photon=0.000000000e+00
LADDER E_rel=-8.874160033e-19 n=1.108248 type=E1 hbar_omega=3.125295174e-17 photon=0.000000000e+00
LADDER E_rel=-8.897208581e-19 n=1.106811 type=E1 hbar_omega=4.091971095e-17 photon=0.000000000e+00
LADDER E_rel=-9.053890003e-19 n=1.097193 type=E1 hbar_omega=9.023446516e-17 photon=0.000000000e+00
LADDER E_rel=-8.857429804e-19 n=1.109294 type=E1 hbar_omega=1.363731171e-17 photon=0.000000000e+00
LADDER E_rel=-8.933197663e-19 n=1.104580 type=E1 hbar_omega=5.591856613e-17 photon=0.000000000e+00
LADDER E_rel=-9.032475388e-19 n=1.098493 type=E1 hbar_omega=8.721370746e-17 photon=0.000000000e+00
LADDER E_rel=-8.856707296e-19 n=1.109339 type=E1 hbar_omega=1.302075048e-18 photon=0.000000000e+00
LADDER E_rel=-8.970682478e-19 n=1.102270 type=E1 hbar_omega=6.833797335e-17 photon=0.000000000e+00
LADDER E_rel=-8.992524668e-19 n=1.100930 type=E1 hbar_omega=7.947789223e-17 photon=0.000000000e+00
LADDER E_rel=-8.850686161e-19 n=1.109717 type=E1 hbar_omega=4.009259428e-18 photon=0.000000000e+00
LADDER E_rel=-8.998690367e-19 n=1.100553 type=E1 hbar_omega=7.684509214e-17 photon=0.000000000e+00
LADDER E_rel=-8.938955057e-19 n=1.104224 type=E1 hbar_omega=6.618775013e-17 photon=0.000000000e+00
LADDER E_rel=-8.846718664e-19 n=1.109965 type=E1 hbar_omega=1.465360089e-17 photon=0.000000000e+00
LADDER E_rel=-9.028838766e-19 n=1.098714 type=E1 hbar_omega=8.554312477e-17 photon=0.000000000e+00
LADDER E_rel=-8.894319780e-19 n=1.106991 type=E1 hbar_omega=5.174426768e-17 photon=0.000000000e+00
LADDER E_rel=-8.855907767e-19 n=1.109389 type=E1 hbar_omega=2.788389923e-17 photon=0.000000000e+00
LADDER E_rel=-9.039124100e-19 n=1.098089 type=E1 hbar_omega=8.941241304e-17 photon=0.000000000e+00
LADDER E_rel=-8.856670364e-19 n=1.109342 type=E1 hbar_omega=3.380159741e-17 photon=0.000000000e+00
LADDER E_rel=-8.873755914e-19 n=1.108273 type=E1 hbar_omega=3.975010605e-17 photon=0.000000000e+00
LADDER E_rel=-9.034478815e-19 n=1.098371 type=E1 hbar_omega=9.041601920e-17 photon=0.000000000e+00
LADDER E_rel=-8.836984966e-19 n=1.110576 type=E1 hbar_omega=1.523967673e-17 photon=0.000000000e+00
LADDER E_rel=-8.906037287e-19 n=1.106263 type=E1 hbar_omega=5.380358807e-17 photon=0.000000000e+00
LADDER E_rel=-9.009382846e-19 n=1.099900 type=E1 hbar_omega=8.679280670e-17 photon=0.000000000e+00
LADDER E_rel=-8.835289188e-19 n=1.110683 type=E1 hbar_omega=2.030439284e-18 photon=0.000000000e+00
LADDER E_rel=-8.939851422e-19 n=1.104169 type=E1 hbar_omega=6.549395805e-17 photon=0.000000000e+00
LADDER E_rel=-8.971363455e-19 n=1.102228 type=E1 hbar_omega=7.940873578e-17 photon=0.000000000e+00
LADDER E_rel=-8.830339551e-19 n=1.110994 type=E1 hbar_omega=3.322120089e-18 photon=0.000000000e+00
LADDER E_rel=-8.975634328e-19 n=1.101965 type=E1 hbar_omega=7.626005462e-17 photon=0.000000000e+00
LADDER E_rel=-8.929793519e-19 n=1.104790 type=E1 hbar_omega=6.960520912e-17 photon=0.000000000e+00
LADDER E_rel=-8.825219209e-19 n=1.111317 type=E1 hbar_omega=1.292241055e-17 photon=0.000000000e+00
LADDER E_rel=-9.004783049e-19 n=1.100180 type=E1 hbar_omega=8.469954867e-17 photon=0.000000000e+00
LADDER E_rel=-8.876807595e-19 n=1.108083 type=E1 hbar_omega=5.309756469e-17 photon=0.000000000e+00
LADDER E_rel=-8.832946718e-19 n=1.110830 type=E1 hbar_omega=2.635813294e-17 photon=0.000000000e+00
LADDER E_rel=-9.018878684e-19 n=1.099320 type=E1 hbar_omega=8.962418082e-17 photon=0.000000000e+00
LADDER E_rel=-8.838230179e-19 n=1.110498 type=E1 hbar_omega=3.548001220e-17 photon=0.000000000e+00
LADDER E_rel=-8.852862560e-19 n=1.109580 type=E1 hbar_omega=3.974265546e-17 photon=0.000000000e+00
LADDER E_rel=-9.013608268e-19 n=1.099642 type=E1 hbar_omega=9.041591765e-17 photon=0.000000000e+00
LADDER E_rel=-8.816551963e-19 n=1.111863 type=E1 hbar_omega=1.645352531e-17 photon=0.000000000e+00
LADDER E_rel=-8.882917326e-19 n=1.107701 type=E1 hbar_omega=5.302498045e-17 photon=0.000000000e+00
LADDER E_rel=-8.990447519e-19 n=1.101057 type=E1 hbar_omega=8.716063441e-17 photon=0.000000000e+00
LADDER E_rel=-8.813933904e-19 n=1.112028 type=E1 hbar_omega=2.769287833e-18 photon=0.000000000e+00
LADDER E_rel=-8.923875937e-19 n=1.105156 type=E1 hbar_omega=6.690220859e-17 photon=0.000000000e+00
LADDER E_rel=-8.955521952e-19 n=1.103202 type=E1 hbar_omega=8.056927092e-17 photon=0.000000000e+00
LADDER E_rel=-8.809797729e-19 n=1.112289 type=E1 hbar_omega=2.864664474e-18 photon=0.000000000e+00
LADDER E_rel=-8.956803570e-19 n=1.103123 type=E1 hbar_omega=7.680100558e-17 photon=0.000000000e+00
LADDER E_rel=-8.906821059e-19 n=1.106214 type=E1 hbar_omega=6.901458569e-17 photon=0.000000000e+00
LADDER E_rel=-8.804054104e-19 n=1.112652 type=E1 hbar_omega=1.180474331e-17 photon=0.000000000e+00
LADDER E_rel=-8.983522167e-19 n=1.101482 type=E1 hbar_omega=8.459723409e-17 photon=0.000000000e+00
LADDER E_rel=-8.856314984e-19 n=1.109364 type=E1 hbar_omega=5.325028767e-17 photon=0.000000000e+00
LADDER E_rel=-8.808923340e-19 n=1.112344 type=E1 hbar_omega=2.379469754e-17 photon=0.000000000e+00
LADDER E_rel=-8.997253825e-19 n=1.100641 type=E1 hbar_omega=8.935988704e-17 photon=0.000000000e+00
LADDER E_rel=-8.818493217e-19 n=1.111740 type=E1 hbar_omega=3.622219675e-17 photon=0.000000000e+00
LADDER E_rel=-8.828792831e-19 n=1.111092 type=E1 hbar_omega=3.820566355e-17 photon=0.000000000e+00
LADDER E_rel=-8.994364090e-19 n=1.100817 type=E1 hbar_omega=9.056974665e-17 photon=0.000000000e+00
LADDER E_rel=-8.796707978e-19 n=1.113116 type=E1 hbar_omega=1.855522462e-17 photon=0.000000000e+00
LADDER E_rel=-8.863373313e-19 n=1.108922 type=E1 hbar_omega=5.347603940e-17 photon=0.000000000e+00
LADDER E_rel=-8.975476645e-19 n=1.101975 type=E1 hbar_omega=8.824351802e-17 photon=0.000000000e+00
LADDER E_rel=-8.792694803e-19 n=1.113370 type=E1 hbar_omega=3.436693782e-18 photon=0.000000000e+00
LADDER E_rel=-8.891662791e-19 n=1.107157 type=E1 hbar_omega=6.359716857e-17 photon=0.000000000e+00
LADDER E_rel=-8.935767946e-19 n=1.104421 type=E1 hbar_omega=8.081887527e-17 photon=0.000000000e+00
LADDER E_rel=-8.789392143e-19 n=1.113579 type=E1 hbar_omega=2.363752683e-18 photon=0.000000000e+00
LADDER E_rel=-8.932263781e-19 n=1.104637 type=E1 hbar_omega=7.582912846e-17 photon=0.000000000e+00
LADDER E_rel=-8.889637832e-19 n=1.107283 type=E1 hbar_omega=7.005145304e-17 photon=0.000000000e+00
LADDER E_rel=-8.783062615e-19 n=1.113980 type=E1 hbar_omega=1.117092207e-17 photon=0.000000000e+00
LADDER E_rel=-8.957976515e-19 n=1.103051 type=E1 hbar_omega=8.338689723e-17 photon=0.000000000e+00
LADDER E_rel=-8.840059463e-19 n=1.110383 type=E1 hbar_omega=5.505672781e-17 photon=0.000000000e+00
LADDER E_rel=-8.788251699e-19 n=1.113651 type=E1 hbar_omega=2.395818760e-17 photon=0.000000000e+00
LADDER E_rel=-8.976633561e-19 n=1.101904 type=E1 hbar_omega=8.943728550e-17 photon=0.000000000e+00
LADDER E_rel=-8.801091453e-19 n=1.112839 type=E1 hbar_omega=3.838951270e-17 photon=0.000000000e+00
LADDER E_rel=-8.806941644e-19 n=1.112469 type=E1 hbar_omega=3.774123518e-17 photon=0.000000000e+00
LADDER E_rel=-8.973857409e-19 n=1.102074 type=E1 hbar_omega=9.059585550e-17 photon=0.000000000e+00
LADDER E_rel=-8.776801172e-19 n=1.114378 type=E1 hbar_omega=2.026349469e-17 photon=0.000000000e+00
LADDER E_rel=-8.838660982e-19 n=1.110471 type=E1 hbar_omega=5.213565680e-17 photon=0.000000000e+00
LADDER E_rel=-8.957419318e-19 n=1.103085 type=E1 hbar_omega=8.873877611e-17 photon=0.000000000e+00
LADDER E_rel=-8.771448015e-19 n=1.114718 type=E1 hbar_omega=4.154801031e-18 photon=0.000000000e+00
LADDER E_rel=-8.873719662e-19 n=1.108275 type=E1 hbar_omega=6.445938547e-17 photon=0.000000000e+00
LADDER E_rel=-8.921588080e-19 n=1.105298 type=E1 hbar_omega=8.230824770e-17 photon=0.000000000e+00
LADDER E_rel=-8.768829229e-19 n=1.114884 type=E1 hbar_omega=2.025234727e-18 photon=0.000000000e+00
LADDER E_rel=-8.911660391e-19 n=1.105914 type=E1 hbar_omega=7.590023837e-17 photon=0.000000000e+00
LADDER E_rel=-8.868472002e-19 n=1.108603 type=E1 hbar_omega=6.997035555e-17 photon=0.000000000e+00
LADDER E_rel=-8.762157195e-19 n=1.115309 type=E1 hbar_omega=1.093835431e-17 photon=0.000000000e+00
LADDER E_rel=-8.935250752e-19 n=1.104453 type=E1 hbar_omega=8.290747296e-17 photon=0.000000000e+00
LADDER E_rel=-8.820971900e-19 n=1.111584 type=E1 hbar_omega=5.573485419e-17 photon=0.000000000e+00
LADDER E_rel=-8.766325893e-19 n=1.115043 type=E1 hbar_omega=2.302882591e-17 photon=0.000000000e+00
LADDER E_rel=-8.954329754e-19 n=1.103276 type=E1 hbar_omega=8.897718860e-17 photon=0.000000000e+00
LADDER E_rel=-8.782283730e-19 n=1.114030 type=E1 hbar_omega=3.961564513e-17 photon=0.000000000e+00
LADDER E_rel=-8.782233012e-19 n=1.114033 type=E1 hbar_omega=3.580134422e-17 photon=0.000000000e+00
LADDER E_rel=-8.954151149e-19 n=1.103287 type=E1 hbar_omega=9.059956000e-17 photon=0.000000000e+00
LADDER E_rel=-8.755710221e-19 n=1.115719 type=E1 hbar_omega=1.990351653e-17 photon=0.000000000e+00
LADDER E_rel=-8.809397345e-19 n=1.112314 type=E1 hbar_omega=4.910221031e-17 photon=0.000000000e+00
LADDER E_rel=-8.936676688e-19 n=1.104365 type=E1 hbar_omega=8.876773500e-17 photon=0.000000000e+00
LADDER E_rel=-8.750370391e-19 n=1.116059 type=E1 hbar_omega=4.501710151e-18 photon=0.000000000e+00
LADDER E_rel=-8.849729740e-19 n=1.109777 type=E1 hbar_omega=6.355950508e-17 photon=0.000000000e+00
LADDER E_rel=-8.903407916e-19 n=1.106426 type=E1 hbar_omega=8.290894204e-17 photon=0.000000000e+00
LADDER E_rel=-8.748100144e-19 n=1.116204 type=E1 hbar_omega=1.795821388e-18 photon=0.000000000e+00
LADDER E_rel=-8.884960525e-19 n=1.107574 type=E1 hbar_omega=7.438081214e-17 photon=0.000000000e+00
LADDER E_rel=-8.853158274e-19 n=1.109562 type=E1 hbar_omega=7.153329620e-17 photon=0.000000000e+00
LADDER E_rel=-8.741141162e-19 n=1.116648 type=E1 hbar_omega=1.016124613e-17 photon=0.000000000e+00
LADDER E_rel=-8.915477556e-19 n=1.105677 type=E1 hbar_omega=8.320714140e-17 photon=0.000000000e+00
LADDER E_rel=-8.806640890e-19 n=1.112488 type=E1 hbar_omega=5.816159124e-17 photon=0.000000000e+00
LADDER E_rel=-8.745120933e-19 n=1.116394 type=E1 hbar_omega=2.279606995e-17 photon=0.000000000e+00
LADDER E_rel=-8.932970953e-19 n=1.104594 type=E1 hbar_omega=8.885011964e-17 photon=0.000000000e+00
LADDER E_rel=-8.761862086e-19 n=1.115327 type=E1 hbar_omega=3.992205741e-17 photon=0.000000000e+00
LADDER E_rel=-8.764248142e-19 n=1.115175 type=E1 hbar_omega=3.731997862e-17 photon=0.000000000e+00
LADDER E_rel=-8.932338309e-19 n=1.104633 type=E1 hbar_omega=9.061091399e-17 photon=0.000000000e+00
LADDER E_rel=-8.735106118e-19 n=1.117034 type=E1 hbar_omega=2.049470898e-17 photon=0.000000000e+00
LADDER E_rel=-8.791075009e-19 n=1.113473 type=E1 hbar_omega=5.006912906e-17 photon=0.000000000e+00
LADDER E_rel=-8.913690349e-19 n=1.105788 type=E1 hbar_omega=8.840752324e-17 photon=0.000000000e+00
LADDER E_rel=-8.729171229e-19 n=1.117414 type=E1 hbar_omega=5.133905058e-18 photon=0.000000000e+00
LADDER E_rel=-8.829387253e-19 n=1.111054 type=E1 hbar_omega=6.372776871e-17 photon=0.000000000e+00
LADDER E_rel=-8.881963912e-19 n=1.107761 type=E1 hbar_omega=8.279319727e-17 photon=0.000000000e+00
LADDER E_rel=-8.727464506e-19 n=1.117523 type=E1 hbar_omega=1.528211356e-18 photon=0.000000000e+00
LADDER E_rel=-8.861958720e-19 n=1.109011 type=E1 hbar_omega=7.382202629e-17 photon=0.000000000e+00
LADDER E_rel=-8.834286317e-19 n=1.110746 type=E1 hbar_omega=7.208565189e-17 photon=0.000000000e+00
LADDER E_rel=-8.720202017e-19 n=1.117988 type=E1 hbar_omega=9.738764280e-18 photon=0.000000000e+00
LADDER E_rel=-8.890700284e-19 n=1.107217 type=E1 hbar_omega=8.221347992e-17 photon=0.000000000e+00
LADDER E_rel=-8.781650382e-19 n=1.114070 type=E1 hbar_omega=5.668430507e-17 photon=0.000000000e+00
LADDER E_rel=-8.722844011e-19 n=1.117819 type=E1 hbar_omega=2.146900715e-17 photon=0.000000000e+00
LADDER E_rel=-8.909146498e-19 n=1.106070 type=E1 hbar_omega=8.799645519e-17 photon=0.000000000e+00
LADDER E_rel=-8.739881279e-19 n=1.116729 type=E1 hbar_omega=3.930281085e-17 photon=0.000000000e+00
LADDER E_rel=-8.738364749e-19 n=1.116826 type=E1 hbar_omega=3.473838855e-17 photon=0.000000000e+00
LADDER E_rel=-8.911512847e-19 n=1.105923 type=E1 hbar_omega=9.061269251e-17 photon=0.000000000e+00
LADDER E_rel=-8.715338383e-19 n=1.118300 type=E1 hbar_omega=2.211112185e-17 photon=0.000000000e+00
LADDER E_rel=-8.767715438e-19 n=1.114955 type=E1 hbar_omega=4.916324467e-17 photon=0.000000000e+00
LADDER E_rel=-8.894686597e-19 n=1.106968 type=E1 hbar_omega=8.874099223e-17 photon=0.000000000e+00
LADDER E_rel=-8.708209334e-19 n=1.118758 type=E1 hbar_omega=5.257638249e-18 photon=0.000000000e+00
LADDER E_rel=-8.802753386e-19 n=1.112734 type=E1 hbar_omega=6.201395382e-17 photon=0.000000000e+00
LADDER E_rel=-8.857065425e-19 n=1.109317 type=E1 hbar_omega=8.192111921e-17 photon=0.000000000e+00
LADDER E_rel=-8.706657362e-19 n=1.118858 type=E1 hbar_omega=1.438034981e-18 photon=0.000000000e+00
LADDER E_rel=-8.842569892e-19 n=1.110226 type=E1 hbar_omega=7.422420077e-17 photon=0.000000000e+00
LADDER E_rel=-8.811885514e-19 n=1.112157 type=E1 hbar_omega=7.167910525e-17 photon=0.000000000e+00
LADDER E_rel=-8.699295190e-19 n=1.119331 type=E1 hbar_omega=9.631461573e-18 photon=0.000000000e+00
LADDER E_rel=-8.868790699e-19 n=1.108583 type=E1 hbar_omega=8.195363840e-17 photon=0.000000000e+00
LADDER E_rel=-8.761685422e-19 n=1.115339 type=E1 hbar_omega=5.703012637e-17 photon=0.000000000e+00
LADDER E_rel=-8.702970884e-19 n=1.119095 type=E1 hbar_omega=2.250604453e-17 photon=0.000000000e+00
LADDER E_rel=-8.890602032e-19 n=1.107223 type=E1 hbar_omega=8.868613010e-17 photon=0.000000000e+00
LADDER E_rel=-8.720681118e-19 n=1.117958 type=E1 hbar_omega=4.029881728e-17 photon=0.000000000e+00
LADDER E_rel=-8.718891865e-19 n=1.118072 type=E1 hbar_omega=3.553142142e-17 photon=0.000000000e+00
LADDER E_rel=-8.891436578e-19 n=1.107171 type=E1 hbar_omega=9.058609622e-17 photon=0.000000000e+00
LADDER E_rel=-8.693989881e-19 n=1.119672 type=E1 hbar_omega=2.158340574e-17 photon=0.000000000e+00
LADDER E_rel=-8.747148716e-19 n=1.116265 type=E1 hbar_omega=4.931704706e-17 photon=0.000000000e+00
LADDER E_rel=-8.873378568e-19 n=1.108297 type=E1 hbar_omega=8.868314233e-17 photon=0.000000000e+00
LADDER E_rel=-8.687080725e-19 n=1.120118 type=E1 hbar_omega=5.665569793e-18 photon=0.000000000e+00
LADDER E_rel=-8.779475898e-19 n=1.114208 type=E1 hbar_omega=6.132498205e-17 photon=0.000000000e+00
LADDER E_rel=-8.838168496e-19 n=1.110502 type=E1 hbar_omega=8.238628153e-17 photon=0.000000000e+00
LADDER E_rel=-8.685580331e-19 n=1.120214 type=E1 hbar_omega=1.486279560e-18 photon=0.000000000e+00
LADDER E_rel=-8.816425757e-19 n=1.111871 type=E1 hbar_omega=7.285550028e-17 photon=0.000000000e+00
LADDER E_rel=-8.795836965e-19 n=1.113171 type=E1 hbar_omega=7.301730393e-17 photon=0.000000000e+00
LADDER E_rel=-8.678237703e-19 n=1.120688 type=E1 hbar_omega=9.813488421e-18 photon=0.000000000e+00
LADDER E_rel=-8.849541672e-19 n=1.109788 type=E1 hbar_omega=8.241759381e-17 photon=0.000000000e+00
LADDER E_rel=-8.746854817e-19 n=1.116284 type=E1 hbar_omega=5.925717104e-17 photon=0.000000000e+00
LADDER E_rel=-8.681801832e-19 n=1.120458 type=E1 hbar_omega=2.240929646e-17 photon=0.000000000e+00
LADDER E_rel=-8.869356522e-19 n=1.108548 type=E1 hbar_omega=8.863061202e-17 photon=0.000000000e+00
LADDER E_rel=-8.699829756e-19 n=1.119297 type=E1 hbar_omega=4.042112728e-17 photon=0.000000000e+00
LADDER E_rel=-8.696309284e-19 n=1.119523 type=E1 hbar_omega=3.471799570e-17 photon=0.000000000e+00
LADDER E_rel=-8.869513971e-19 n=1.108538 type=E1 hbar_omega=9.061255548e-17 photon=0.000000000e+00
LADDER E_rel=-8.673314333e-19 n=1.121006 type=E1 hbar_omega=2.210530554e-17 photon=0.000000000e+00
LADDER E_rel=-8.729271999e-19 n=1.117407 type=E1 hbar_omega=5.047261557e-17 photon=0.000000000e+00
LADDER E_rel=-8.849868028e-19 n=1.109768 type=E1 hbar_omega=8.824194082e-17 photon=0.000000000e+00
LADDER E_rel=-8.666129181e-19 n=1.121471 type=E1 hbar_omega=5.486098759e-18 photon=0.000000000e+00
LADDER E_rel=-8.759586056e-19 n=1.115472 type=E1 hbar_omega=6.166321838e-17 photon=0.000000000e+00
LADDER E_rel=-8.816105272e-19 n=1.111891 type=E1 hbar_omega=8.215261947e-17 photon=0.000000000e+00
LADDER E_rel=-8.664604050e-19 n=1.121569 type=E1 hbar_omega=1.466792361e-18 photon=0.000000000e+00
LADDER E_rel=-8.803811629e-19 n=1.112667 type=E1 hbar_omega=7.508914693e-17 photon=0.000000000e+00
LADDER E_rel=-8.776490735e-19 n=1.114397 type=E1 hbar_omega=7.345351662e-17 photon=0.000000000e+00
LADDER E_rel=-8.657258658e-19 n=1.122045 type=E1 hbar_omega=9.442390065e-18 photon=0.000000000e+00
LADDER E_rel=-8.832945560e-19 n=1.110830 type=E1 hbar_omega=8.354438728e-17 photon=0.000000000e+00
LADDER E_rel=-8.721337006e-19 n=1.117916 type=E1 hbar_omega=5.764440659e-17 photon=0.000000000e+00
LADDER E_rel=-8.661344340e-19 n=1.121780 type=E1 hbar_omega=2.289692273e-17 photon=0.000000000e+00
LADDER E_rel=-8.849341767e-19 n=1.109801 type=E1 hbar_omega=8.891870191e-17 photon=0.000000000e+00
LADDER E_rel=-8.677636550e-19 n=1.120727 type=E1 hbar_omega=3.972679344e-17 photon=0.000000000e+00
LADDER E_rel=-8.675328668e-19 n=1.120876 type=E1 hbar_omega=3.470197152e-17 photon=0.000000000e+00
LADDER E_rel=-8.848576562e-19 n=1.109849 type=E1 hbar_omega=9.061260335e-17 photon=0.000000000e+00
LADDER E_rel=-8.652363110e-19 n=1.122363 type=E1 hbar_omega=2.210628732e-17 photon=0.000000000e+00
LADDER E_rel=-8.705963809e-19 n=1.118902 type=E1 hbar_omega=4.961822952e-17 photon=0.000000000e+00
LADDER E_rel=-8.830729413e-19 n=1.110970 type=E1 hbar_omega=8.856755201e-17 photon=0.000000000e+00
LADDER E_rel=-8.645262095e-19 n=1.122823 type=E1 hbar_omega=5.180653337e-18 photon=0.000000000e+00
LADDER E_rel=-8.742957255e-19 n=1.116532 type=E1 hbar_omega=6.296549507e-17 photon=0.000000000e+00
LADDER E_rel=-8.800343338e-19 n=1.112886 type=E1 hbar_omega=8.327641448e-17 photon=0.000000000e+00
LADDER E_rel=-8.643508563e-19 n=1.122937 type=E1 hbar_omega=1.589733473e-18 photon=0.000000000e+00
LADDER E_rel=-8.774313964e-19 n=1.114536 type=E1 hbar_omega=7.281552343e-17 photon=0.000000000e+00
LADDER E_rel=-8.753970929e-19 n=1.115830 type=E1 hbar_omega=7.304444060e-17 photon=0.000000000e+00
LADDER E_rel=-8.636336929e-19 n=1.123403 type=E1 hbar_omega=1.017771668e-17 photon=0.000000000e+00
LADDER E_rel=-8.811031559e-19 n=1.112211 type=E1 hbar_omega=8.329079807e-17 photon=0.000000000e+00
LADDER E_rel=-8.701409823e-19 n=1.119195 type=E1 hbar_omega=5.800801333e-17 photon=0.000000000e+00
LADDER E_rel=-8.639654815e-19 n=1.123188 type=E1 hbar_omega=2.216595318e-17 photon=0.000000000e+00
LADDER E_rel=-8.826984763e-19 n=1.111205 type=E1 hbar_omega=8.848486580e-17 photon=0.000000000e+00
LADDER E_rel=-8.658501364e-19 n=1.121965 type=E1 hbar_omega=4.073916765e-17 photon=0.000000000e+00
LADDER E_rel=-8.655798909e-19 n=1.122140 type=E1 hbar_omega=3.545958033e-17 photon=0.000000000e+00
LADDER E_rel=-8.828517354e-19 n=1.111109 type=E1 hbar_omega=9.058240020e-17 photon=0.000000000e+00
LADDER E_rel=-8.631042856e-19 n=1.123748 type=E1 hbar_omega=2.160107762e-17 photon=0.000000000e+00
LADDER E_rel=-8.685275746e-19 n=1.120234 type=E1 hbar_omega=4.970709075e-17 photon=0.000000000e+00
LADDER E_rel=-8.809602045e-19 n=1.112301 type=E1 hbar_omega=8.853180079e-17 photon=0.000000000e+00
LADDER E_rel=-8.624501543e-19 n=1.124174 type=E1 hbar_omega=4.769405065e-18 photon=0.000000000e+00
LADDER E_rel=-8.719528418e-19 n=1.118031 type=E1 hbar_omega=6.221086800e-17 photon=0.000000000e+00
LADDER E_rel=-8.772495422e-19 n=1.114651 type=E1 hbar_omega=8.176659854e-17 photon=0.000000000e+00
LADDER E_rel=-8.622439415e-19 n=1.124308 type=E1 hbar_omega=1.768527968e-18 photon=0.000000000e+00
LADDER E_rel=-8.758216507e-19 n=1.115559 type=E1 hbar_omega=7.409701644e-17 photon=0.000000000e+00
LADDER E_rel=-8.728381555e-19 n=1.117464 type=E1 hbar_omega=7.178341906e-17 photon=0.000000000e+00
LADDER E_rel=-8.615427233e-19 n=1.124766 type=E1 hbar_omega=1.034196660e-17 photon=0.000000000e+00
LADDER E_rel=-8.791558737e-19 n=1.113442 type=E1 hbar_omega=8.366248282e-17 photon=0.000000000e+00
LADDER E_rel=-8.678962635e-19 n=1.120641 type=E1 hbar_omega=5.745707230e-17 photon=0.000000000e+00
LADDER E_rel=-8.618565385e-19 n=1.124561 type=E1 hbar_omega=2.200647252e-17 photon=0.000000000e+00
LADDER E_rel=-8.805724489e-19 n=1.112546 type=E1 hbar_omega=8.838488500e-17 photon=0.000000000e+00
LADDER E_rel=-8.633661301e-19 n=1.123577 type=E1 hbar_omega=3.847018587e-17 photon=0.000000000e+00
LADDER E_rel=-8.637991198e-19 n=1.123296 type=E1 hbar_omega=3.704911711e-17 photon=0.000000000e+00
LADDER E_rel=-8.806822896e-19 n=1.112477 type=E1 hbar_omega=9.061511518e-17 photon=0.000000000e+00
LADDER E_rel=-8.609454611e-19 n=1.125156 type=E1 hbar_omega=2.060222595e-17 photon=0.000000000e+00
LADDER E_rel=-8.667217600e-19 n=1.121400 type=E1 hbar_omega=5.074838851e-17 photon=0.000000000e+00
LADDER E_rel=-8.786406653e-19 n=1.113768 type=E1 hbar_omega=8.812311637e-17 photon=0.000000000e+00
LADDER E_rel=-8.603817369e-19 n=1.125524 type=E1 hbar_omega=4.281150066e-18 photon=0.000000000e+00
LADDER E_rel=-8.699333454e-19 n=1.119328 type=E1 hbar_omega=6.242971292e-17 photon=0.000000000e+00
LADDER E_rel=-8.750868221e-19 n=1.116028 type=E1 hbar_omega=8.160936850e-17 photon=0.000000000e+00
LADDER E_rel=-8.601230666e-19 n=1.125694 type=E1 hbar_omega=2.022487584e-18 photon=0.000000000e+00
LADDER E_rel=-8.745069582e-19 n=1.116398 type=E1 hbar_omega=7.616047735e-17 photon=0.000000000e+00
LADDER E_rel=-8.699713658e-19 n=1.119304 type=E1 hbar_omega=6.964656362e-17 photon=0.000000000e+00
LADDER E_rel=-8.594491254e-19 n=1.126135 type=E1 hbar_omega=1.078929129e-17 photon=0.000000000e+00
LADDER E_rel=-8.766681342e-19 n=1.115021 type=E1 hbar_omega=8.265585502e-17 photon=0.000000000e+00
LADDER E_rel=-8.654123165e-19 n=1.122248 type=E1 hbar_omega=5.603362065e-17 photon=0.000000000e+00
LADDER E_rel=-8.599998741e-19 n=1.125774 type=E1 hbar_omega=2.419684474e-17 photon=0.000000000e+00
LADDER E_rel=-8.785553605e-19 n=1.113822 type=E1 hbar_omega=8.861719389e-17 photon=0.000000000e+00
LADDER E_rel=-8.611849561e-19 n=1.124999 type=E1 hbar_omega=3.795909977e-17 photon=0.000000000e+00
LADDER E_rel=-8.616641149e-19 n=1.124687 type=E1 hbar_omega=3.686058581e-17 photon=0.000000000e+00
LADDER E_rel=-8.785972967e-19 n=1.113796 type=E1 hbar_omega=9.061737903e-17 photon=0.000000000e+00
LADDER E_rel=-8.587632160e-19 n=1.126585 type=E1 hbar_omega=1.921397137e-17 photon=0.000000000e+00
LADDER E_rel=-8.651494322e-19 n=1.122419 type=E1 hbar_omega=5.262704226e-17 photon=0.000000000e+00
LADDER E_rel=-8.767755705e-19 n=1.114952 type=E1 hbar_omega=8.854019905e-17 photon=0.000000000e+00
LADDER E_rel=-8.583077394e-19 n=1.126884 type=E1 hbar_omega=3.762167049e-18 photon=0.000000000e+00
LADDER E_rel=-8.681792781e-19 n=1.120459 type=E1 hbar_omega=6.346477389e-17 photon=0.000000000e+00
LADDER E_rel=-8.726563139e-19 n=1.117581 type=E1 hbar_omega=8.086749400e-17 photon=0.000000000e+00
LADDER E_rel=-8.579882655e-19 n=1.127093 type=E1 hbar_omega=2.376102548e-18 photon=0.000000000e+00
LADDER E_rel=-8.724703223e-19 n=1.117700 type=E1 hbar_omega=7.633045054e-17 photon=0.000000000e+00
LADDER E_rel=-8.678032621e-19 n=1.120701 type=E1 hbar_omega=6.945865986e-17 photon=0.000000000e+00
LADDER E_rel=-8.573588029e-19 n=1.127507 type=E1 hbar_omega=1.153553039e-17 photon=0.000000000e+00
LADDER E_rel=-8.751614021e-19 n=1.115980 type=E1 hbar_omega=8.418852703e-17 photon=0.000000000e+00
LADDER E_rel=-8.627299073e-19 n=1.123992 type=E1 hbar_omega=5.380284379e-17 photon=0.000000000e+00
LADDER E_rel=-8.580111919e-19 n=1.127078 type=E1 hbar_omega=2.514496318e-17 photon=0.000000000e+00
LADDER E_rel=-8.766188089e-19 n=1.115052 type=E1 hbar_omega=8.912367589e-17 photon=0.000000000e+00
LADDER E_rel=-8.588901374e-19 n=1.126501 type=E1 hbar_omega=3.676034847e-17 photon=0.000000000e+00
LADDER E_rel=-8.596636483e-19 n=1.125994 type=E1 hbar_omega=3.736877712e-17 photon=0.000000000e+00
LADDER E_rel=-8.764605979e-19 n=1.115153 type=E1 hbar_omega=9.060633818e-17 photon=0.000000000e+00
LADDER E_rel=-8.565738488e-19 n=1.128023 type=E1 hbar_omega=1.753752754e-17 photon=0.000000000e+00
LADDER E_rel=-8.629756537e-19 n=1.123832 type=E1 hbar_omega=5.237687274e-17 photon=0.000000000e+00
LADDER E_rel=-8.740565134e-19 n=1.116685 type=E1 hbar_omega=8.742011598e-17 photon=0.000000000e+00
LADDER E_rel=-8.562484116e-19 n=1.128238 type=E1 hbar_omega=2.999350877e-18 photon=0.000000000e+00
LADDER E_rel=-8.667156967e-19 n=1.121404 type=E1 hbar_omega=6.533599301e-17 photon=0.000000000e+00
LADDER E_rel=-8.709069000e-19 n=1.118703 type=E1 hbar_omega=8.165500875e-17 photon=0.000000000e+00
LADDER E_rel=-8.558489066e-19 n=1.128501 type=E1 hbar_omega=2.869516522e-18 photon=0.000000000e+00
LADDER E_rel=-8.707019701e-19 n=1.118834 type=E1 hbar_omega=7.718736373e-17 photon=0.000000000e+00
LADDER E_rel=-8.653787495e-19 n=1.122270 type=E1 hbar_omega=6.851862778e-17 photon=0.000000000e+00
LADDER E_rel=-8.552856694e-19 n=1.128873 type=E1 hbar_omega=1.262184990e-17 photon=0.000000000e+00
LADDER E_rel=-8.731030266e-19 n=1.117295 type=E1 hbar_omega=8.429047628e-17 photon=0.000000000e+00
LADDER E_rel=-8.605905491e-19 n=1.125388 type=E1 hbar_omega=5.364121948e-17 photon=0.000000000e+00
LADDER E_rel=-8.558567582e-19 n=1.128496 type=E1 hbar_omega=2.468153395e-17 photon=0.000000000e+00
LADDER E_rel=-8.747091447e-19 n=1.116269 type=E1 hbar_omega=8.975963833e-17 photon=0.000000000e+00
LADDER E_rel=-8.565214189e-19 n=1.128058 type=E1 hbar_omega=3.497259450e-17 photon=0.000000000e+00
LADDER E_rel=-8.578134698e-19 n=1.127208 type=E1 hbar_omega=3.858046134e-17 photon=0.000000000e+00
LADDER E_rel=-8.742579886e-19 n=1.116557 type=E1 hbar_omega=9.053245914e-17 photon=0.000000000e+00
LADDER E_rel=-8.544466393e-19 n=1.129427 type=E1 hbar_omega=1.691267881e-17 photon=0.000000000e+00
LADDER E_rel=-8.610265133e-19 n=1.125103 type=E1 hbar_omega=5.289742038e-17 photon=0.000000000e+00
LADDER E_rel=-8.718305900e-19 n=1.118110 type=E1 hbar_omega=8.717856617e-17 photon=0.000000000e+00
LADDER E_rel=-8.541916105e-19 n=1.129595 type=E1 hbar_omega=2.359341771e-18 photon=0.000000000e+00
LADDER E_rel=-8.644935700e-19 n=1.122845 type=E1 hbar_omega=6.498757724e-17 photon=0.000000000e+00
LADDER E_rel=-8.679556382e-19 n=1.120603 type=E1 hbar_omega=7.972730242e-17 photon=0.000000000e+00
LADDER E_rel=-8.537120209e-19 n=1.129913 type=E1 hbar_omega=3.270826367e-18 photon=0.000000000e+00
LADDER E_rel=-8.681957017e-19 n=1.120448 type=E1 hbar_omega=7.613689803e-17 photon=0.000000000e+00
LADDER E_rel=-8.627145226e-19 n=1.124002 type=E1 hbar_omega=6.687446627e-17 photon=0.000000000e+00
LADDER E_rel=-8.531896716e-19 n=1.130258 type=E1 hbar_omega=1.293270555e-17 photon=0.000000000e+00
LADDER E_rel=-8.712016948e-19 n=1.118513 type=E1 hbar_omega=8.481807175e-17 photon=0.000000000e+00
LADDER E_rel=-8.582788995e-19 n=1.126902 type=E1 hbar_omega=5.281666304e-17 photon=0.000000000e+00
LADDER E_rel=-8.539999137e-19 n=1.129722 type=E1 hbar_omega=2.664045274e-17 photon=0.000000000e+00
LADDER E_rel=-8.726023616e-19 n=1.117615 type=E1 hbar_omega=8.975557037e-17 photon=0.000000000e+00
LADDER E_rel=-8.544158026e-19 n=1.129447 type=E1 hbar_omega=3.497888644e-17 photon=0.000000000e+00
LADDER E_rel=-8.561060086e-19 n=1.128332 type=E1 hbar_omega=4.043611459e-17 photon=0.000000000e+00
LADDER E_rel=-8.719407053e-19 n=1.118039 type=E1 hbar_omega=9.029681067e-17 photon=0.000000000e+00
LADDER E_rel=-8.522646948e-19 n=1.130872 type=E1 hbar_omega=1.482525856e-17 photon=0.000000000e+00
LADDER E_rel=-8.592885030e-19 n=1.126240 type=E1 hbar_omega=5.414975763e-17 photon=0.000000000e+00
LADDER E_rel=-8.694125704e-19 n=1.119664 type=E1 hbar_omega=8.657173303e-17 photon=0.000000000e+00
LADDER E_rel=-8.521444319e-19 n=1.130951 type=E1 hbar_omega=1.603169613e-18 photon=0.000000000e+00
LADDER E_rel=-8.635548999e-19 n=1.123455 type=E1 hbar_omega=6.831926610e-17 photon=0.000000000e+00
LADDER E_rel=-8.657186013e-19 n=1.122050 type=E1 hbar_omega=7.941672423e-17 photon=0.000000000e+00
LADDER E_rel=-8.515462952e-19 n=1.131348 type=E1 hbar_omega=4.159009785e-18 photon=0.000000000e+00
LADDER E_rel=-8.669029149e-19 n=1.121283 type=E1 hbar_omega=7.824987637e-17 photon=0.000000000e+00
LADDER E_rel=-8.607567468e-19 n=1.125279 type=E1 hbar_omega=6.730850774e-17 photon=0.000000000e+00
LADDER E_rel=-8.511584473e-19 n=1.131606 type=E1 hbar_omega=1.475105836e-17 photon=0.000000000e+00
LADDER E_rel=-8.694661158e-19 n=1.119629 type=E1 hbar_omega=8.577437829e-17 photon=0.000000000e+00
LADDER E_rel=-8.557954950e-19 n=1.128536 type=E1 hbar_omega=5.124783887e-17 photon=0.000000000e+00
LADDER E_rel=-8.519729145e-19 n=1.131065 type=E1 hbar_omega=2.718568802e-17 photon=0.000000000e+00
LADDER E_rel=-8.705485901e-19 n=1.118933 type=E1 hbar_omega=8.993885907e-17 photon=0.000000000e+00
LADDER E_rel=-8.519207686e-19 n=1.131100 type=E1 hbar_omega=3.213778009e-17 photon=0.000000000e+00
LADDER E_rel=-8.546070698e-19 n=1.129321 type=E1 hbar_omega=4.308959689e-17 photon=0.000000000e+00
LADDER E_rel=-8.698473495e-19 n=1.119384 type=E1 hbar_omega=9.030689437e-17 photon=0.000000000e+00
LADDER E_rel=-8.501332394e-19 n=1.132288 type=E1 hbar_omega=1.373421149e-17 photon=0.000000000e+00
LADDER E_rel=-8.577883888e-19 n=1.127225 type=E1 hbar_omega=5.617757949e-17 photon=0.000000000e+00
LADDER E_rel=-8.667671353e-19 n=1.121371 type=E1 hbar_omega=8.550410671e-17 photon=0.000000000e+00
LADDER E_rel=-8.500887333e-19 n=1.132318 type=E1 hbar_omega=9.453644696e-19 photon=0.000000000e+00
LADDER E_rel=-8.618436564e-19 n=1.124569 type=E1 hbar_omega=6.940712158e-17 photon=0.000000000e+00
LADDER E_rel=-8.632450536e-19 n=1.123656 type=E1 hbar_omega=7.853921349e-17 photon=0.000000000e+00
LADDER E_rel=-8.493998782e-19 n=1.132777 type=E1 hbar_omega=4.974410169e-18 photon=0.000000000e+00
LADDER E_rel=-8.648839024e-19 n=1.122591 type=E1 hbar_omega=7.845682437e-17 photon=0.000000000e+00
LADDER E_rel=-8.576504407e-19 n=1.127315 type=E1 hbar_omega=6.423412303e-17 photon=0.000000000e+00
LADDER E_rel=-8.491099618e-19 n=1.132970 type=E1 hbar_omega=1.575520999e-17 photon=0.000000000e+00
LADDER E_rel=-8.678249354e-19 n=1.120687 type=E1 hbar_omega=8.699494614e-17 photon=0.000000000e+00
LADDER E_rel=-8.531858015e-19 n=1.130261 type=E1 hbar_omega=4.905196555e-17 photon=0.000000000e+00
LADDER E_rel=-8.503494318e-19 n=1.132144 type=E1 hbar_omega=3.039910833e-17 photon=0.000000000e+00
LADDER E_rel=-8.685079830e-19 n=1.120247 type=E1 hbar_omega=9.021988257e-17 photon=0.000000000e+00
LADDER E_rel=-8.494384289e-19 n=1.132751 type=E1 hbar_omega=2.900178902e-17 photon=0.000000000e+00
LADDER E_rel=-8.526381056e-19 n=1.130624 type=E1 hbar_omega=4.363954242e-17 photon=0.000000000e+00
LADDER E_rel=-8.676768503e-19 n=1.120783 type=E1 hbar_omega=9.021387864e-17 photon=0.000000000e+00
LADDER E_rel=-8.479985596e-19 n=1.133713 type=E1 hbar_omega=1.154544521e-17 photon=0.000000000e+00
LADDER E_rel=-8.565300801e-19 n=1.128052 type=E1 hbar_omega=5.889281744e-17 photon=0.000000000e+00
LADDER E_rel=-8.647488526e-19 n=1.122679 type=E1 hbar_omega=8.566587034e-17 photon=0.000000000e+00
LADDER E_rel=-8.480226733e-19 n=1.133696 type=E1 hbar_omega=5.967118408e-19 photon=0.000000000e+00
LADDER E_rel=-8.603605289e-19 n=1.125538 type=E1 hbar_omega=7.110946495e-17 photon=0.000000000e+00
LADDER E_rel=-8.605472516e-19 n=1.125416 type=E1 hbar_omega=7.710151724e-17 photon=0.000000000e+00
LADDER E_rel=-8.472442791e-19 n=1.134217 type=E1 hbar_omega=6.074067594e-18 photon=0.000000000e+00
LADDER E_rel=-8.630593278e-19 n=1.123777 type=E1 hbar_omega=7.918312437e-17 photon=0.000000000e+00
LADDER E_rel=-8.552700685e-19 n=1.128883 type=E1 hbar_omega=6.336238137e-17 photon=0.000000000e+00
LADDER E_rel=-8.470805653e-19 n=1.134327 type=E1 hbar_omega=1.713093696e-17 photon=0.000000000e+00
LADDER E_rel=-8.657186968e-19 n=1.122050 type=E1 hbar_omega=8.700831354e-17 photon=0.000000000e+00
LADDER E_rel=-8.504721254e-19 n=1.132063 type=E1 hbar_omega=4.629516706e-17 photon=0.000000000e+00
LADDER E_rel=-8.484983291e-19 n=1.133379 type=E1 hbar_omega=3.201186598e-17 photon=0.000000000e+00
LADDER E_rel=-8.664156595e-19 n=1.121598 type=E1 hbar_omega=9.049269138e-17 photon=0.000000000e+00
LADDER E_rel=-8.471690750e-19 n=1.134267 type=E1 hbar_omega=2.759159352e-17 photon=0.000000000e+00
LADDER E_rel=-8.507956602e-19 n=1.131847 type=E1 hbar_omega=4.479123903e-17 photon=0.000000000e+00
LADDER E_rel=-8.653919844e-19 n=1.122262 type=E1 hbar_omega=8.998451213e-17 photon=0.000000000e+00
LADDER E_rel=-8.458740057e-19 n=1.135135 type=E1 hbar_omega=9.523473080e-18 photon=0.000000000e+00
LADDER E_rel=-8.545179806e-19 n=1.129380 type=E1 hbar_omega=5.924011138e-17 photon=0.000000000e+00
LADDER E_rel=-8.625306412e-19 n=1.124122 type=E1 hbar_omega=8.547280245e-17 photon=0.000000000e+00
LADDER E_rel=-8.458966638e-19 n=1.135120 type=E1 hbar_omega=6.129700764e-19 photon=0.000000000e+00
LADDER E_rel=-8.580478800e-19 n=1.127054 type=E1 hbar_omega=7.058674303e-17 photon=0.000000000e+00
LADDER E_rel=-8.576106096e-19 n=1.127341 type=E1 hbar_omega=7.506716347e-17 photon=0.000000000e+00
LADDER E_rel=-8.450809894e-19 n=1.135668 type=E1 hbar_omega=7.560043192e-18 photon=0.000000000e+00
LADDER E_rel=-8.614008786e-19 n=1.124858 type=E1 hbar_omega=8.036939153e-17 photon=0.000000000e+00
LADDER E_rel=-8.526987242e-19 n=1.130584 type=E1 hbar_omega=6.189179370e-17 photon=0.000000000e+00
LADDER E_rel=-8.450959242e-19 n=1.135658 type=E1 hbar_omega=1.891912011e-17 photon=0.000000000e+00
LADDER E_rel=-8.637145779e-19 n=1.123351 type=E1 hbar_omega=8.730594833e-17 photon=0.000000000e+00
LADDER E_rel=-8.477117797e-19 n=1.133904 type=E1 hbar_omega=4.308390505e-17 photon=0.000000000e+00
LADDER E_rel=-8.467643276e-19 n=1.134539 type=E1 hbar_omega=3.415558166e-17 photon=0.000000000e+00
LADDER E_rel=-8.643069355e-19 n=1.122966 type=E1 hbar_omega=9.046527638e-17 photon=0.000000000e+00
LADDER E_rel=-8.447235327e-19 n=1.135908 type=E1 hbar_omega=2.407278792e-17 photon=0.000000000e+00
LADDER E_rel=-8.491122932e-19 n=1.132969 type=E1 hbar_omega=4.649851604e-17 photon=0.000000000e+00
LADDER E_rel=-8.630039483e-19 n=1.123813 type=E1 hbar_omega=8.955961668e-17 photon=0.000000000e+00
LADDER E_rel=-8.437984345e-19 n=1.136531 type=E1 hbar_omega=7.129121494e-18 photon=0.000000000e+00
LADDER E_rel=-8.527041828e-19 n=1.130580 type=E1 hbar_omega=6.014689581e-17 photon=0.000000000e+00
LADDER E_rel=-8.592926980e-19 n=1.126237 type=E1 hbar_omega=8.311300654e-17 photon=0.000000000e+00
LADDER E_rel=-8.437484148e-19 n=1.136564 type=E1 hbar_omega=1.002593607e-18 photon=0.000000000e+00
LADDER E_rel=-8.569738787e-19 n=1.127760 type=E1 hbar_omega=7.336874202e-17 photon=0.000000000e+00
LADDER E_rel=-8.545088520e-19 n=1.129386 type=E1 hbar_omega=7.245308925e-17 photon=0.000000000e+00
LADDER E_rel=-8.429627579e-19 n=1.137094 type=E1 hbar_omega=8.769206112e-18 photon=0.000000000e+00
LADDER E_rel=-8.599044346e-19 n=1.125837 type=E1 hbar_omega=8.192037614e-17 photon=0.000000000e+00
LADDER E_rel=-8.499960701e-19 n=1.132380 type=E1 hbar_omega=5.986069961e-17 photon=0.000000000e+00
LADDER E_rel=-8.431934795e-19 n=1.136938 type=E1 hbar_omega=2.118541285e-17 photon=0.000000000e+00
LADDER E_rel=-8.618067213e-19 n=1.124594 type=E1 hbar_omega=8.783959525e-17 photon=0.000000000e+00
LADDER E_rel=-8.454132527e-19 n=1.135445 type=E1 hbar_omega=4.204078614e-17 photon=0.000000000e+00
LADDER E_rel=-8.447032382e-19 n=1.135922 type=E1 hbar_omega=3.438645777e-17 photon=0.000000000e+00
LADDER E_rel=-8.621107615e-19 n=1.124395 type=E1 hbar_omega=9.061563486e-17 photon=0.000000000e+00
LADDER E_rel=-8.424716412e-19 n=1.137425 type=E1 hbar_omega=2.221209749e-17 photon=0.000000000e+00
LADDER E_rel=-8.476153079e-19 n=1.133969 type=E1 hbar_omega=4.881486370e-17 photon=0.000000000e+00
LADDER E_rel=-8.604643511e-19 n=1.125470 type=E1 hbar_omega=8.883084711e-17 photon=0.000000000e+00
LADDER E_rel=-8.417571230e-19 n=1.137908 type=E1 hbar_omega=5.250490027e-18 photon=0.000000000e+00
LADDER E_rel=-8.510906533e-19 n=1.131651 type=E1 hbar_omega=6.164325724e-17 photon=0.000000000e+00
LADDER E_rel=-8.567325487e-19 n=1.127919 type=E1 hbar_omega=8.211344309e-17 photon=0.000000000e+00
LADDER E_rel=-8.415674512e-19 n=1.138036 type=E1 hbar_omega=1.736538923e-18 photon=0.000000000e+00
LADDER E_rel=-8.550634442e-19 n=1.129019 type=E1 hbar_omega=7.388343832e-17 photon=0.000000000e+00
LADDER E_rel=-8.522150241e-19 n=1.130905 type=E1 hbar_omega=7.194030689e-17 photon=0.000000000e+00
LADDER E_rel=-8.408531988e-19 n=1.138519 type=E1 hbar_omega=1.032846856e-17 photon=0.000000000e+00
LADDER E_rel=-8.584964484e-19 n=1.126760 type=E1 hbar_omega=8.372213478e-17 photon=0.000000000e+00
LADDER E_rel=-8.471655912e-19 n=1.134270 type=E1 hbar_omega=5.730526596e-17 photon=0.000000000e+00
LADDER E_rel=-8.413881852e-19 n=1.138157 type=E1 hbar_omega=2.402255704e-17 photon=0.000000000e+00
LADDER E_rel=-8.599458824e-19 n=1.125810 type=E1 hbar_omega=8.854260378e-17 photon=0.000000000e+00
LADDER E_rel=-8.426104177e-19 n=1.137332 type=E1 hbar_omega=3.806363552e-17 photon=0.000000000e+00
LADDER E_rel=-8.432272681e-19 n=1.136916 type=E1 hbar_omega=3.761892682e-17 photon=0.000000000e+00
LADDER E_rel=-8.599556441e-19 n=1.125803 type=E1 hbar_omega=9.059335346e-17 photon=0.000000000e+00
LADDER E_rel=-8.401450907e-19 n=1.138999 type=E1 hbar_omega=1.871194792e-17 photon=0.000000000e+00
LADDER E_rel=-8.463031282e-19 n=1.134848 type=E1 hbar_omega=5.170520589e-17 photon=0.000000000e+00
LADDER E_rel=-8.577244308e-19 n=1.127267 type=E1 hbar_omega=8.769398702e-17 photon=0.000000000e+00
LADDER E_rel=-8.397495903e-19 n=1.139267 type=E1 hbar_omega=3.270714150e-18 photon=0.000000000e+00
LADDER E_rel=-8.496728545e-19 n=1.132595 type=E1 hbar_omega=6.369558336e-17 photon=0.000000000e+00
LADDER E_rel=-8.539801544e-19 n=1.129735 type=E1 hbar_omega=8.065819549e-17 photon=0.000000000e+00
LADDER E_rel=-8.393640566e-19 n=1.139529 type=E1 hbar_omega=2.876834161e-18 photon=0.000000000e+00
LADDER E_rel=-8.543328020e-19 n=1.129502 type=E1 hbar_omega=7.748006161e-17 photon=0.000000000e+00
LADDER E_rel=-8.487659345e-19 n=1.133200 type=E1 hbar_omega=6.814693034e-17 photon=0.000000000e+00
LADDER E_rel=-8.387902375e-19 n=1.139919 type=E1 hbar_omega=1.235100370e-17 photon=0.000000000e+00
LADDER E_rel=-8.564595313e-19 n=1.128099 type=E1 hbar_omega=8.387354706e-17 photon=0.000000000e+00
LADDER E_rel=-8.442492525e-19 n=1.136227 type=E1 hbar_omega=5.421657961e-17 photon=0.000000000e+00
LADDER E_rel=-8.394663372e-19 n=1.139459 type=E1 hbar_omega=2.549363965e-17 photon=0.000000000e+00
LADDER E_rel=-8.580949572e-19 n=1.127023 type=E1 hbar_omega=8.930903582e-17 photon=0.000000000e+00
LADDER E_rel=-8.398791297e-19 n=1.139179 type=E1 hbar_omega=3.392013752e-17 photon=0.000000000e+00
LADDER E_rel=-8.419533219e-19 n=1.137775 type=E1 hbar_omega=4.147452379e-17 photon=0.000000000e+00
LADDER E_rel=-8.577460982e-19 n=1.127252 type=E1 hbar_omega=9.050588056e-17 photon=0.000000000e+00
LADDER E_rel=-8.379015079e-19 n=1.140523 type=E1 hbar_omega=1.549597496e-17 photon=0.000000000e+00
LADDER E_rel=-8.451954252e-19 n=1.135591 type=E1 hbar_omega=5.514290376e-17 photon=0.000000000e+00
LADDER E_rel=-8.555139797e-19 n=1.128722 type=E1 hbar_omega=8.749545087e-17 photon=0.000000000e+00
LADDER E_rel=-8.377536296e-19 n=1.140624 type=E1 hbar_omega=1.662252840e-18 photon=0.000000000e+00
LADDER E_rel=-8.484183759e-19 n=1.133432 type=E1 hbar_omega=6.618615594e-17 photon=0.000000000e+00
LADDER E_rel=-8.510531477e-19 n=1.131676 type=E1 hbar_omega=7.875982564e-17 photon=0.000000000e+00
LADDER E_rel=-8.371561647e-19 n=1.141031 type=E1 hbar_omega=4.215457236e-18 photon=0.000000000e+00
LADDER E_rel=-8.527192569e-19 n=1.130570 type=E1 hbar_omega=7.876733564e-17 photon=0.000000000e+00
LADDER E_rel=-8.461549149e-19 n=1.134947 type=E1 hbar_omega=6.666696811e-17 photon=0.000000000e+00
LADDER E_rel=-8.367755512e-19 n=1.141290 type=E1 hbar_omega=1.491684897e-17 photon=0.000000000e+00
LADDER E_rel=-8.551785028e-19 n=1.128943 type=E1 hbar_omega=8.603274646e-17 photon=0.000000000e+00
LADDER E_rel=-8.412891867e-19 n=1.138224 type=E1 hbar_omega=5.075994363e-17 photon=0.000000000e+00
LADDER E_rel=-8.379113565e-19 n=1.140516 type=E1 hbar_omega=2.946563226e-17 photon=0.000000000e+00
LADDER E_rel=-8.561741221e-19 n=1.128287 type=E1 hbar_omega=8.999441941e-17 photon=0.000000000e+00
LADDER E_rel=-8.374967670e-19 n=1.140799 type=E1 hbar_omega=3.190131115e-17 photon=0.000000000e+00
LADDER E_rel=-8.402300246e-19 n=1.138942 type=E1 hbar_omega=4.314216658e-17 photon=0.000000000e+00
LADDER E_rel=-8.554497403e-19 n=1.128764 type=E1 hbar_omega=9.029099037e-17 photon=0.000000000e+00
LADDER E_rel=-8.357211160e-19 n=1.142010 type=E1 hbar_omega=1.263219925e-17 photon=0.000000000e+00
LADDER E_rel=-8.433527935e-19 n=1.136831 type=E1 hbar_omega=5.602438614e-17 photon=0.000000000e+00
LADDER E_rel=-8.524093445e-19 n=1.130776 type=E1 hbar_omega=8.556337705e-17 photon=0.000000000e+00
LADDER E_rel=-8.357260618e-19 n=1.142006 type=E1 hbar_omega=6.642032727e-19 photon=0.000000000e+00
LADDER E_rel=-8.473268367e-19 n=1.134162 type=E1 hbar_omega=6.906225988e-17 photon=0.000000000e+00
LADDER E_rel=-8.479634820e-19 n=1.133736 type=E1 hbar_omega=7.638255498e-17 photon=0.000000000e+00
LADDER E_rel=-8.349661061e-19 n=1.142526 type=E1 hbar_omega=5.798563963e-18 photon=0.000000000e+00
LADDER E_rel=-8.512294530e-19 n=1.131559 type=E1 hbar_omega=8.035887463e-17 photon=0.000000000e+00
LADDER E_rel=-8.434149319e-19 n=1.136789 type=E1 hbar_omega=6.473343647e-17 photon=0.000000000e+00
LADDER E_rel=-8.347659992e-19 n=1.142663 type=E1 hbar_omega=1.671210124e-17 photon=0.000000000e+00
LADDER E_rel=-8.532829761e-19 n=1.130197 type=E1 hbar_omega=8.659711118e-17 photon=0.000000000e+00
LADDER E_rel=-8.383355097e-19 n=1.140228 type=E1 hbar_omega=4.700668591e-17 photon=0.000000000e+00
LADDER E_rel=-8.361810823e-19 n=1.141696 type=E1 hbar_omega=3.183298045e-17 photon=0.000000000e+00
LADDER E_rel=-8.541336310e-19 n=1.129634 type=E1 hbar_omega=9.047425833e-17 photon=0.000000000e+00
LADDER E_rel=-8.348904796e-19 n=1.142578 type=E1 hbar_omega=2.767772405e-17 photon=0.000000000e+00
LADDER E_rel=-8.386109807e-19 n=1.140040 type=E1 hbar_omega=4.519499756e-17 photon=0.000000000e+00
LADDER E_rel=-8.530431084e-19 n=1.130355 type=E1 hbar_omega=8.988417628e-17 photon=0.000000000e+00
LADDER E_rel=-8.335903810e-19 n=1.143468 type=E1 hbar_omega=9.381585949e-18 photon=0.000000000e+00
LADDER E_rel=-8.425851979e-19 n=1.137349 type=E1 hbar_omega=6.033051069e-17 photon=0.000000000e+00
LADDER E_rel=-8.499359867e-19 n=1.132420 type=E1 hbar_omega=8.483540318e-17 photon=0.000000000e+00
LADDER E_rel=-8.336102982e-19 n=1.143455 type=E1 hbar_omega=6.592904853e-19 photon=0.000000000e+00
LADDER E_rel=-8.463600549e-19 n=1.134809 type=E1 hbar_omega=7.220516538e-17 photon=0.000000000e+00
LADDER E_rel=-8.447378626e-19 n=1.135899 type=E1 hbar_omega=7.354400752e-17 photon=0.000000000e+00
LADDER E_rel=-8.327833124e-19 n=1.144022 type=E1 hbar_omega=8.078938597e-18 photon=0.000000000e+00
LADDER E_rel=-8.497912279e-19 n=1.132516 type=E1 hbar_omega=8.210398242e-17 photon=0.000000000e+00
LADDER E_rel=-8.397274830e-19 n=1.139282 type=E1 hbar_omega=5.958077110e-17 photon=0.000000000e+00
LADDER E_rel=-8.329354312e-19 n=1.143918 type=E1 hbar_omega=2.048182286e-17 photon=0.000000000e+00
LADDER E_rel=-8.514237308e-19 n=1.131430 type=E1 hbar_omega=8.730026817e-17 photon=0.000000000e+00
LADDER E_rel=-8.354127532e-19 n=1.142221 type=E1 hbar_omega=4.305502994e-17 photon=0.000000000e+00
LADDER E_rel=-8.345525149e-19 n=1.142809 type=E1 hbar_omega=3.460792641e-17 photon=0.000000000e+00
LADDER E_rel=-8.520118833e-19 n=1.131039 type=E1 hbar_omega=9.051954666e-17 photon=0.000000000e+00
LADDER E_rel=-8.323959444e-19 n=1.144289 type=E1 hbar_omega=2.369185238e-17 photon=0.000000000e+00
LADDER E_rel=-8.371052418e-19 n=1.141065 type=E1 hbar_omega=4.761555321e-17 photon=0.000000000e+00
LADDER E_rel=-8.505020643e-19 n=1.132043 type=E1 hbar_omega=8.921822395e-17 photon=0.000000000e+00
LADDER E_rel=-8.315400609e-19 n=1.144877 type=E1 hbar_omega=5.858703974e-18 photon=0.000000000e+00
LADDER E_rel=-8.409923563e-19 n=1.138425 type=E1 hbar_omega=6.193189417e-17 photon=0.000000000e+00
LADDER E_rel=-8.464400731e-19 n=1.134756 type=E1 hbar_omega=8.189393662e-17 photon=0.000000000e+00
LADDER E_rel=-8.314091134e-19 n=1.144967 type=E1 hbar_omega=1.448200150e-18 photon=0.000000000e+00
LADDER E_rel=-8.444775554e-19 n=1.136074 type=E1 hbar_omega=7.281769954e-17 photon=0.000000000e+00
LADDER E_rel=-8.424045269e-19 n=1.137471 type=E1 hbar_omega=7.295484566e-17 photon=0.000000000e+00
LADDER E_rel=-8.306635951e-19 n=1.145481 type=E1 hbar_omega=1.040245050e-17 photon=0.000000000e+00
LADDER E_rel=-8.483876313e-19 n=1.133453 type=E1 hbar_omega=8.392345153e-17 photon=0.000000000e+00
LADDER E_rel=-8.368848401e-19 n=1.141216 type=E1 hbar_omega=5.697346487e-17 photon=0.000000000e+00
LADDER E_rel=-8.311055331e-19 n=1.145177 type=E1 hbar_omega=2.324407509e-17 photon=0.000000000e+00
LADDER E_rel=-8.499551421e-19 n=1.132407 type=E1 hbar_omega=8.915136230e-17 photon=0.000000000e+00
LADDER E_rel=-8.325757926e-19 n=1.144165 type=E1 hbar_omega=3.902304986e-17 photon=0.000000000e+00
LADDER E_rel=-8.330775297e-19 n=1.143820 type=E1 hbar_omega=3.783229160e-17 photon=0.000000000e+00
LADDER E_rel=-8.497455214e-19 n=1.132547 type=E1 hbar_omega=9.058014556e-17 photon=0.000000000e+00
LADDER E_rel=-8.299427794e-19 n=1.145978 type=E1 hbar_omega=1.855326828e-17 photon=0.000000000e+00
LADDER E_rel=-8.357542646e-19 n=1.141987 type=E1 hbar_omega=5.043593512e-17 photon=0.000000000e+00
LADDER E_rel=-8.478134983e-19 n=1.133836 type=E1 hbar_omega=8.820918995e-17 photon=0.000000000e+00
LADDER E_rel=-8.295626606e-19 n=1.146241 type=E1 hbar_omega=3.114146817e-18 photon=0.000000000e+00
LADDER E_rel=-8.395460421e-19 n=1.139405 type=E1 hbar_omega=6.389604428e-17 photon=0.000000000e+00
LADDER E_rel=-8.437112072e-19 n=1.136589 type=E1 hbar_omega=8.048859763e-17 photon=0.000000000e+00
LADDER E_rel=-8.291752660e-19 n=1.146509 type=E1 hbar_omega=2.759978207e-18 photon=0.000000000e+00
LADDER E_rel=-8.437025224e-19 n=1.136595 type=E1 hbar_omega=7.634935643e-17 photon=0.000000000e+00
LADDER E_rel=-8.389879420e-19 n=1.139784 type=E1 hbar_omega=6.935889341e-17 photon=0.000000000e+00
LADDER E_rel=-8.286257027e-19 n=1.146889 type=E1 hbar_omega=1.348220225e-17 photon=0.000000000e+00
LADDER E_rel=-8.462972314e-19 n=1.134852 type=E1 hbar_omega=8.395963490e-17 photon=0.000000000e+00
LADDER E_rel=-8.340093388e-19 n=1.143181 type=E1 hbar_omega=5.405641147e-17 photon=0.000000000e+00
LADDER E_rel=-8.294038498e-19 n=1.146351 type=E1 hbar_omega=2.653754713e-17 photon=0.000000000e+00
LADDER E_rel=-8.480254435e-19 n=1.133695 type=E1 hbar_omega=8.974141215e-17 photon=0.000000000e+00
LADDER E_rel=-8.298281434e-19 n=1.146058 type=E1 hbar_omega=3.494664353e-17 photon=0.000000000e+00
LADDER E_rel=-8.317560959e-19 n=1.144729 type=E1 hbar_omega=4.148916863e-17 photon=0.000000000e+00
LADDER E_rel=-8.475440473e-19 n=1.134017 type=E1 hbar_omega=9.050114895e-17 photon=0.000000000e+00
LADDER E_rel=-8.276635902e-19 n=1.147555 type=E1 hbar_omega=1.429569169e-17 photon=0.000000000e+00
LADDER E_rel=-8.354426975e-19 n=1.142200 type=E1 hbar_omega=5.661981661e-17 photon=0.000000000e+00
LADDER E_rel=-8.449486306e-19 n=1.135757 type=E1 hbar_omega=8.679885073e-17 photon=0.000000000e+00
LADDER E_rel=-8.275949744e-19 n=1.147603 type=E1 hbar_omega=1.152651429e-18 photon=0.000000000e+00
LADDER E_rel=-8.392245988e-19 n=1.139624 type=E1 hbar_omega=6.902182959e-17 photon=0.000000000e+00
LADDER E_rel=-8.408743172e-19 n=1.138505 type=E1 hbar_omega=7.880183153e-17 photon=0.000000000e+00
LADDER E_rel=-8.269231395e-19 n=1.148069 type=E1 hbar_omega=4.763608899e-18 photon=0.000000000e+00
LADDER E_rel=-8.429343215e-19 n=1.137113 type=E1 hbar_omega=7.983406586e-17 photon=0.000000000e+00
LADDER E_rel=-8.355241300e-19 n=1.142144 type=E1 hbar_omega=6.536022252e-17 photon=0.000000000e+00
LADDER E_rel=-8.266325691e-19 n=1.148271 type=E1 hbar_omega=1.609233482e-17 photon=0.000000000e+00
LADDER E_rel=-8.449293922e-19 n=1.135770 type=E1 hbar_omega=8.590507775e-17 photon=0.000000000e+00
LADDER E_rel=-8.304945328e-19 n=1.145598 type=E1 hbar_omega=4.817902049e-17 photon=0.000000000e+00
LADDER E_rel=-8.278374581e-19 n=1.147435 type=E1 hbar_omega=3.032096496e-17 photon=0.000000000e+00
LADDER E_rel=-8.460156663e-19 n=1.135040 type=E1 hbar_omega=9.021543195e-17 photon=0.000000000e+00
LADDER E_rel=-8.269321871e-19 n=1.148063 type=E1 hbar_omega=2.895086527e-17 photon=0.000000000e+00
LADDER E_rel=-8.305930243e-19 n=1.145530 type=E1 hbar_omega=4.552287315e-17 photon=0.000000000e+00
LADDER E_rel=-8.448895768e-19 n=1.135797 type=E1 hbar_omega=8.979944562e-17 photon=0.000000000e+00
LADDER E_rel=-8.254896383e-19 n=1.149065 type=E1 hbar_omega=1.088142071e-17 photon=0.000000000e+00
LADDER E_rel=-8.343829672e-19 n=1.142925 type=E1 hbar_omega=6.000962226e-17 photon=0.000000000e+00
LADDER E_rel=-8.419215821e-19 n=1.137797 type=E1 hbar_omega=8.500659992e-17 photon=0.000000000e+00
LADDER E_rel=-8.255259280e-19 n=1.149040 type=E1 hbar_omega=5.415254843e-19 photon=0.000000000e+00
LADDER E_rel=-8.379251888e-19 n=1.140507 type=E1 hbar_omega=7.128751979e-17 photon=0.000000000e+00
LADDER E_rel=-8.369608095e-19 n=1.141164 type=E1 hbar_omega=7.437793540e-17 photon=0.000000000e+00
LADDER E_rel=-8.247106140e-19 n=1.149608 type=E1 hbar_omega=7.041245828e-18 photon=0.000000000e+00
LADDER E_rel=-8.412365338e-19 n=1.138260 type=E1 hbar_omega=8.091671991e-17 photon=0.000000000e+00
LADDER E_rel=-8.320876320e-19 n=1.144501 type=E1 hbar_omega=6.113145529e-17 photon=0.000000000e+00
LADDER E_rel=-8.247380142e-19 n=1.149589 type=E1 hbar_omega=1.923744476e-17 photon=0.000000000e+00
LADDER E_rel=-8.434546099e-19 n=1.136762 type=E1 hbar_omega=8.762533387e-17 photon=0.000000000e+00
LADDER E_rel=-8.277129202e-19 n=1.147521 type=E1 hbar_omega=4.502964780e-17 photon=0.000000000e+00
LADDER E_rel=-8.264649146e-19 n=1.148387 type=E1 hbar_omega=3.462846931e-17 photon=0.000000000e+00
LADDER E_rel=-8.439225041e-19 n=1.136447 type=E1 hbar_omega=9.052350009e-17 photon=0.000000000e+00
LADDER E_rel=-8.242997468e-19 n=1.149894 type=E1 hbar_omega=2.363913845e-17 photon=0.000000000e+00
LADDER E_rel=-8.288559432e-19 n=1.146730 type=E1 hbar_omega=4.700065808e-17 photon=0.000000000e+00
LADDER E_rel=-8.425233542e-19 n=1.137390 type=E1 hbar_omega=8.939767467e-17 photon=0.000000000e+00
LADDER E_rel=-8.234310618e-19 n=1.150501 type=E1 hbar_omega=6.441560318e-18 photon=0.000000000e+00
LADDER E_rel=-8.324719720e-19 n=1.144236 type=E1 hbar_omega=6.062327163e-17 photon=0.000000000e+00
LADDER E_rel=-8.387444771e-19 n=1.139950 type=E1 hbar_omega=8.276066350e-17 photon=0.000000000e+00
LADDER E_rel=-8.233305948e-19 n=1.150571 type=E1 hbar_omega=1.281147305e-18 photon=0.000000000e+00
LADDER E_rel=-8.367171840e-19 n=1.141330 type=E1 hbar_omega=7.371676959e-17 photon=0.000000000e+00
LADDER E_rel=-8.339718036e-19 n=1.143207 type=E1 hbar_omega=7.205689899e-17 photon=0.000000000e+00
LADDER E_rel=-8.225676694e-19 n=1.151104 type=E1 hbar_omega=1.048177445e-17 photon=0.000000000e+00
LADDER E_rel=-8.395957150e-19 n=1.139372 type=E1 hbar_omega=8.212603441e-17 photon=0.000000000e+00
LADDER E_rel=-8.286996359e-19 n=1.146838 type=E1 hbar_omega=5.664675381e-17 photon=0.000000000e+00
LADDER E_rel=-8.229814806e-19 n=1.150815 type=E1 hbar_omega=2.300054725e-17 photon=0.000000000e+00
LADDER E_rel=-8.418239106e-19 n=1.137863 type=E1 hbar_omega=8.903469099e-17 photon=0.000000000e+00
LADDER E_rel=-8.245254070e-19 n=1.149737 type=E1 hbar_omega=3.929944344e-17 photon=0.000000000e+00
LADDER E_rel=-8.247866544e-19 n=1.149555 type=E1 hbar_omega=3.688609564e-17 photon=0.000000000e+00
LADDER E_rel=-8.417176076e-19 n=1.137935 type=E1 hbar_omega=9.061373730e-17 photon=0.000000000e+00
LADDER E_rel=-8.218691195e-19 n=1.151593 type=E1 hbar_omega=1.904458032e-17 photon=0.000000000e+00
LADDER E_rel=-8.279834964e-19 n=1.147334 type=E1 hbar_omega=5.162318211e-17 photon=0.000000000e+00
LADDER E_rel=-8.394371717e-19 n=1.139479 type=E1 hbar_omega=8.770478473e-17 photon=0.000000000e+00
LADDER E_rel=-8.214687540e-19 n=1.151874 type=E1 hbar_omega=3.007295918e-18 photon=0.000000000e+00
LADDER E_rel=-8.316084551e-19 n=1.144830 type=E1 hbar_omega=6.438253435e-17 photon=0.000000000e+00
LADDER E_rel=-8.354429469e-19 n=1.142200 type=E1 hbar_omega=8.010965772e-17 photon=0.000000000e+00
LADDER E_rel=-8.210573908e-19 n=1.152163 type=E1 hbar_omega=2.972187380e-18 photon=0.000000000e+00
LADDER E_rel=-8.355377703e-19 n=1.142135 type=E1 hbar_omega=7.617654354e-17 photon=0.000000000e+00
LADDER E_rel=-8.309452177e-19 n=1.145287 type=E1 hbar_omega=6.952226854e-17 photon=0.000000000e+00
LADDER E_rel=-8.205132753e-19 n=1.152545 type=E1 hbar_omega=1.311601389e-17 photon=0.000000000e+00
LADDER E_rel=-8.386851873e-19 n=1.139990 type=E1 hbar_omega=8.521998422e-17 photon=0.000000000e+00
LADDER E_rel=-8.254139952e-19 n=1.149118 type=E1 hbar_omega=5.207150468e-17 photon=0.000000000e+00
LADDER E_rel=-8.214256569e-19 n=1.151904 type=E1 hbar_omega=2.744020447e-17 photon=0.000000000e+00
LADDER E_rel=-8.400002677e-19 n=1.139097 type=E1 hbar_omega=9.003829550e-17 photon=0.000000000e+00
LADDER E_rel=-8.215762287e-19 n=1.151799 type=E1 hbar_omega=3.389923791e-17 photon=0.000000000e+00
LADDER E_rel=-8.237791963e-19 n=1.150258 type=E1 hbar_omega=4.203146624e-17 photon=0.000000000e+00
LADDER E_rel=-8.393868800e-19 n=1.139513 type=E1 hbar_omega=9.043938279e-17 photon=0.000000000e+00
LADDER E_rel=-8.195563918e-19 n=1.153217 type=E1 hbar_omega=1.404738974e-17 photon=0.000000000e+00
LADDER E_rel=-8.272976463e-19 n=1.147809 type=E1 hbar_omega=5.647490349e-17 photon=0.000000000e+00
LADDER E_rel=-8.368792881e-19 n=1.141219 type=E1 hbar_omega=8.685698867e-17 photon=0.000000000e+00
LADDER E_rel=-8.195136229e-19 n=1.153247 type=E1 hbar_omega=8.733467628e-19 photon=0.000000000e+00
LADDER E_rel=-8.308233494e-19 n=1.145371 type=E1 hbar_omega=6.817656728e-17 photon=0.000000000e+00
LADDER E_rel=-8.320650149e-19 n=1.144516 type=E1 hbar_omega=7.709554388e-17 photon=0.000000000e+00
LADDER E_rel=-8.187932085e-19 n=1.153755 type=E1 hbar_omega=5.400642480e-18 photon=0.000000000e+00
LADDER E_rel=-8.343507894e-19 n=1.142947 type=E1 hbar_omega=7.857378436e-17 photon=0.000000000e+00
LADDER E_rel=-8.269925198e-19 n=1.148021 type=E1 hbar_omega=6.400550028e-17 photon=0.000000000e+00
LADDER E_rel=-8.185570416e-19 n=1.153921 type=E1 hbar_omega=1.638483310e-17 photon=0.000000000e+00
LADDER E_rel=-8.369784020e-19 n=1.141152 type=E1 hbar_omega=8.627246010e-17 photon=0.000000000e+00
LADDER E_rel=-8.222589322e-19 n=1.151320 type=E1 hbar_omega=4.752685645e-17 photon=0.000000000e+00
LADDER E_rel=-8.197387935e-19 n=1.153089 type=E1 hbar_omega=3.026384587e-17 photon=0.000000000e+00
LADDER E_rel=-8.379275670e-19 n=1.140505 type=E1 hbar_omega=9.020742318e-17 photon=0.000000000e+00
LADDER E_rel=-8.186323201e-19 n=1.153868 type=E1 hbar_omega=2.699390709e-17 photon=0.000000000e+00
LADDER E_rel=-8.223145684e-19 n=1.151282 type=E1 hbar_omega=4.475082409e-17 photon=0.000000000e+00
LADDER E_rel=-8.369211467e-19 n=1.141191 type=E1 hbar_omega=8.997350183e-17 photon=0.000000000e+00
LADDER E_rel=-8.174077880e-19 n=1.154732 type=E1 hbar_omega=8.725853167e-18 photon=0.000000000e+00
LADDER E_rel=-8.258039449e-19 n=1.148847 type=E1 hbar_omega=5.845431072e-17 photon=0.000000000e+00
LADDER E_rel=-8.334107272e-19 n=1.143592 type=E1 hbar_omega=8.412501629e-17 photon=0.000000000e+00
LADDER E_rel=-8.174178252e-19 n=1.154725 type=E1 hbar_omega=7.198459603e-19 photon=0.000000000e+00
LADDER E_rel=-8.300892062e-19 n=1.145877 type=E1 hbar_omega=7.195957109e-17 photon=0.000000000e+00
LADDER E_rel=-8.286282131e-19 n=1.146887 type=E1 hbar_omega=7.373322016e-17 photon=0.000000000e+00
LADDER E_rel=-8.165972760e-19 n=1.155305 type=E1 hbar_omega=8.366362497e-18 photon=0.000000000e+00
LADDER E_rel=-8.331415631e-19 n=1.143776 type=E1 hbar_omega=8.088981860e-17 photon=0.000000000e+00
LADDER E_rel=-8.231712392e-19 n=1.150682 type=E1 hbar_omega=5.826499588e-17 photon=0.000000000e+00
LADDER E_rel=-8.167455925e-19 n=1.155200 type=E1 hbar_omega=2.038742738e-17 photon=0.000000000e+00
LADDER E_rel=-8.356780115e-19 n=1.142039 type=E1 hbar_omega=8.851264841e-17 photon=0.000000000e+00
LADDER E_rel=-8.187639909e-19 n=1.153775 type=E1 hbar_omega=4.052722410e-17 photon=0.000000000e+00
LADDER E_rel=-8.185947870e-19 n=1.153894 type=E1 hbar_omega=3.578214290e-17 photon=0.000000000e+00
LADDER E_rel=-8.358027832e-19 n=1.141954 type=E1 hbar_omega=9.060196049e-17 photon=0.000000000e+00
LADDER E_rel=-8.160259386e-19 n=1.155709 type=E1 hbar_omega=2.118483058e-17 photon=0.000000000e+00
LADDER E_rel=-8.217119873e-19 n=1.151704 type=E1 hbar_omega=5.054602450e-17 photon=0.000000000e+00
LADDER E_rel=-8.337094468e-19 n=1.143387 type=E1 hbar_omega=8.814745621e-17 photon=0.000000000e+00
LADDER E_rel=-8.154129228e-19 n=1.156143 type=E1 hbar_omega=4.576878079e-18 photon=0.000000000e+00
LADDER E_rel=-8.253280208e-19 n=1.149178 type=E1 hbar_omega=6.347710616e-17 photon=0.000000000e+00
LADDER E_rel=-8.297561431e-19 n=1.146107 type=E1 hbar_omega=8.076426392e-17 photon=0.000000000e+00
LADDER E_rel=-8.151549415e-19 n=1.156326 type=E1 hbar_omega=2.096308885e-18 photon=0.000000000e+00
LADDER E_rel=-8.293198501e-19 n=1.146409 type=E1 hbar_omega=7.555290385e-17 photon=0.000000000e+00
LADDER E_rel=-8.251923540e-19 n=1.149272 type=E1 hbar_omega=7.016638362e-17 photon=0.000000000e+00
LADDER E_rel=-8.144986024e-19 n=1.156792 type=E1 hbar_omega=1.184805161e-17 photon=0.000000000e+00
LADDER E_rel=-8.325903713e-19 n=1.144155 type=E1 hbar_omega=8.491695029e-17 photon=0.000000000e+00
LADDER E_rel=-8.202725951e-19 n=1.152714 type=E1 hbar_omega=5.538140567e-17 photon=0.000000000e+00
LADDER E_rel=-8.151489194e-19 n=1.156331 type=E1 hbar_omega=2.519197507e-17 photon=0.000000000e+00
LADDER E_rel=-8.337904923e-19 n=1.143331 type=E1 hbar_omega=8.919869942e-17 photon=0.000000000e+00
LADDER E_rel=-8.156271632e-19 n=1.155992 type=E1 hbar_omega=3.412005670e-17 photon=0.000000000e+00
LADDER E_rel=-8.171762319e-19 n=1.154895 type=E1 hbar_omega=3.920986255e-17 photon=0.000000000e+00
LADDER E_rel=-8.334216597e-19 n=1.143584 type=E1 hbar_omega=9.045281646e-17 photon=0.000000000e+00
LADDER E_rel=-8.136104746e-19 n=1.157423 type=E1 hbar_omega=1.522315476e-17 photon=0.000000000e+00
LADDER E_rel=-8.204335202e-19 n=1.152601 type=E1 hbar_omega=5.350249232e-17 photon=0.000000000e+00
LADDER E_rel=-8.308869637e-19 n=1.145327 type=E1 hbar_omega=8.683044245e-17 photon=0.000000000e+00
LADDER E_rel=-8.134971261e-19 n=1.157504 type=E1 hbar_omega=1.383934882e-18 photon=0.000000000e+00
LADDER E_rel=-8.249168428e-19 n=1.149464 type=E1 hbar_omega=6.838191681e-17 photon=0.000000000e+00
LADDER E_rel=-8.269994490e-19 n=1.148016 type=E1 hbar_omega=7.928245835e-17 photon=0.000000000e+00
LADDER E_rel=-8.128546946e-19 n=1.157961 type=E1 hbar_omega=4.577561629e-18 photon=0.000000000e+00
LADDER E_rel=-8.284868428e-19 n=1.146985 type=E1 hbar_omega=7.887527850e-17 photon=0.000000000e+00
LADDER E_rel=-8.218105948e-19 n=1.151635 type=E1 hbar_omega=6.647231304e-17 photon=0.000000000e+00
LADDER E_rel=-8.125868178e-19 n=1.158152 type=E1 hbar_omega=1.661901490e-17 photon=0.000000000e+00
LADDER E_rel=-8.311008510e-19 n=1.145180 type=E1 hbar_omega=8.655157596e-17 photon=0.000000000e+00
LADDER E_rel=-8.167757742e-19 n=1.155179 type=E1 hbar_omega=4.976439723e-17 photon=0.000000000e+00
LADDER E_rel=-8.138345606e-19 n=1.157264 type=E1 hbar_omega=3.078109625e-17 photon=0.000000000e+00
LADDER E_rel=-8.319591926e-19 n=1.144589 type=E1 hbar_omega=9.031723844e-17 photon=0.000000000e+00
LADDER E_rel=-8.128011800e-19 n=1.158000 type=E1 hbar_omega=2.846621450e-17 photon=0.000000000e+00
LADDER E_rel=-8.165316784e-19 n=1.155351 type=E1 hbar_omega=4.557062203e-17 photon=0.000000000e+00
LADDER E_rel=-8.308051419e-19 n=1.145384 type=E1 hbar_omega=8.977675417e-17 photon=0.000000000e+00
LADDER E_rel=-8.114144197e-19 n=1.158989 type=E1 hbar_omega=9.993417405e-18 photon=0.000000000e+00
LADDER E_rel=-8.201400400e-19 n=1.152807 type=E1 hbar_omega=5.947654078e-17 photon=0.000000000e+00
LADDER E_rel=-8.279877605e-19 n=1.147331 type=E1 hbar_omega=8.528482789e-17 photon=0.000000000e+00
LADDER E_rel=-8.114493262e-19 n=1.158964 type=E1 hbar_omega=5.887544117e-19 photon=0.000000000e+00
LADDER E_rel=-8.234655217e-19 n=1.150477 type=E1 hbar_omega=7.023343215e-17 photon=0.000000000e+00
LADDER E_rel=-8.232440245e-19 n=1.150631 type=E1 hbar_omega=7.529643453e-17 photon=0.000000000e+00
LADDER E_rel=-8.106112682e-19 n=1.159563 type=E1 hbar_omega=7.952907175e-18 photon=0.000000000e+00
LADDER E_rel=-8.275227438e-19 n=1.147653 type=E1 hbar_omega=8.184447442e-17 photon=0.000000000e+00
LADDER E_rel=-8.176363087e-19 n=1.154570 type=E1 hbar_omega=5.986605724e-17 photon=0.000000000e+00
LADDER E_rel=-8.108275498e-19 n=1.159408 type=E1 hbar_omega=2.118687534e-17 photon=0.000000000e+00
LADDER E_rel=-8.294746108e-19 n=1.146302 type=E1 hbar_omega=8.790029308e-17 photon=0.000000000e+00
LADDER E_rel=-8.130052267e-19 n=1.157854 type=E1 hbar_omega=4.181578925e-17 photon=0.000000000e+00
LADDER E_rel=-8.123794848e-19 n=1.158300 type=E1 hbar_omega=3.460472438e-17 photon=0.000000000e+00
LADDER E_rel=-8.298459171e-19 n=1.146045 type=E1 hbar_omega=9.052458964e-17 photon=0.000000000e+00
LADDER E_rel=-8.100843837e-19 n=1.159940 type=E1 hbar_omega=2.191827720e-17 photon=0.000000000e+00
LADDER E_rel=-8.153660112e-19 n=1.156177 type=E1 hbar_omega=4.926700789e-17 photon=0.000000000e+00
LADDER E_rel=-8.279867630e-19 n=1.147331 type=E1 hbar_omega=8.863274554e-17 photon=0.000000000e+00
LADDER E_rel=-8.094078749e-19 n=1.160424 type=E1 hbar_omega=4.727841657e-18 photon=0.000000000e+00
LADDER E_rel=-8.189518420e-19 n=1.153643 type=E1 hbar_omega=6.233510965e-17 photon=0.000000000e+00
LADDER E_rel=-8.241194620e-19 n=1.150020 type=E1 hbar_omega=8.156690350e-17 photon=0.000000000e+00
LADDER E_rel=-8.091695718e-19 n=1.160595 type=E1 hbar_omega=2.033970673e-18 photon=0.000000000e+00
LADDER E_rel=-8.229888075e-19 n=1.150810 type=E1 hbar_omega=7.465496342e-17 photon=0.000000000e+00
LADDER E_rel=-8.195290999e-19 n=1.153236 type=E1 hbar_omega=7.107812022e-17 photon=0.000000000e+00
LADDER E_rel=-8.084931056e-19 n=1.161081 type=E1 hbar_omega=1.152381967e-17 photon=0.000000000e+00
LADDER E_rel=-8.263772418e-19 n=1.148448 type=E1 hbar_omega=8.435566698e-17 photon=0.000000000e+00
LADDER E_rel=-8.137621839e-19 n=1.157316 type=E1 hbar_omega=5.339560562e-17 photon=0.000000000e+00
LADDER E_rel=-8.090811502e-19 n=1.160659 type=E1 hbar_omega=2.465492042e-17 photon=0.000000000e+00
LADDER E_rel=-8.279636665e-19 n=1.147347 type=E1 hbar_omega=8.979479317e-17 photon=0.000000000e+00
LADDER E_rel=-8.097103695e-19 n=1.160208 type=E1 hbar_omega=3.471476599e-17 photon=0.000000000e+00
LADDER E_rel=-8.116279467e-19 n=1.158836 type=E1 hbar_omega=4.127400993e-17 photon=0.000000000e+00
LADDER E_rel=-8.274856290e-19 n=1.147679 type=E1 hbar_omega=9.051534027e-17 photon=0.000000000e+00
LADDER E_rel=-8.076185956e-19 n=1.161709 type=E1 hbar_omega=1.547443262e-17 photon=0.000000000e+00
LADDER E_rel=-8.151640026e-19 n=1.156320 type=E1 hbar_omega=5.596022699e-17 photon=0.000000000e+00
LADDER E_rel=-8.250226228e-19 n=1.149391 type=E1 hbar_omega=8.708357561e-17 photon=0.000000000e+00
LADDER E_rel=-8.075055995e-19 n=1.161790 type=E1 hbar_omega=1.305539296e-18 photon=0.000000000e+00
LADDER E_rel=-8.187755393e-19 n=1.153767 type=E1 hbar_omega=6.797530858e-17 photon=0.000000000e+00
LADDER E_rel=-8.201452913e-19 n=1.152803 type=E1 hbar_omega=7.723517499e-17 photon=0.000000000e+00
LADDER E_rel=-8.068374496e-19 n=1.162271 type=E1 hbar_omega=4.941426117e-18 photon=0.000000000e+00
LADDER E_rel=-8.223972500e-19 n=1.151224 type=E1 hbar_omega=7.863210946e-17 photon=0.000000000e+00
LADDER E_rel=-8.149806936e-19 n=1.156450 type=E1 hbar_omega=6.390137042e-17 photon=0.000000000e+00
LADDER E_rel=-8.065779644e-19 n=1.162458 type=E1 hbar_omega=1.650750527e-17 photon=0.000000000e+00
LADDER E_rel=-8.250605186e-19 n=1.149364 type=E1 hbar_omega=8.644325228e-17 photon=0.000000000e+00
LADDER E_rel=-8.101998639e-19 n=1.159857 type=E1 hbar_omega=4.719113665e-17 photon=0.000000000e+00
LADDER E_rel=-8.078153601e-19 n=1.161568 type=E1 hbar_omega=3.067341906e-17 photon=0.000000000e+00
LADDER E_rel=-8.259572892e-19 n=1.148740 type=E1 hbar_omega=9.029971687e-17 photon=0.000000000e+00
LADDER E_rel=-8.068060197e-19 n=1.162294 type=E1 hbar_omega=2.852931310e-17 photon=0.000000000e+00
LADDER E_rel=-8.105202139e-19 n=1.159628 type=E1 hbar_omega=4.553121996e-17 photon=0.000000000e+00
LADDER E_rel=-8.248085355e-19 n=1.149540 type=E1 hbar_omega=8.978204440e-17 photon=0.000000000e+00
LADDER E_rel=-8.054160435e-19 n=1.163296 type=E1 hbar_omega=9.216832633e-18 photon=0.000000000e+00
LADDER E_rel=-8.141567370e-19 n=1.157035 type=E1 hbar_omega=5.953393826e-17 photon=0.000000000e+00
LADDER E_rel=-8.210932768e-19 n=1.152137 type=E1 hbar_omega=8.343080284e-17 photon=0.000000000e+00
LADDER E_rel=-8.054302489e-19 n=1.163286 type=E1 hbar_omega=7.002050340e-19 photon=0.000000000e+00
LADDER E_rel=-8.185405041e-19 n=1.153933 type=E1 hbar_omega=7.315564974e-17 photon=0.000000000e+00
LADDER E_rel=-8.171889512e-19 n=1.154886 type=E1 hbar_omega=7.516293064e-17 photon=0.000000000e+00
LADDER E_rel=-8.045967540e-19 n=1.163889 type=E1 hbar_omega=8.724930237e-18 photon=0.000000000e+00
LADDER E_rel=-8.215793429e-19 n=1.151797 type=E1 hbar_omega=8.199613141e-17 photon=0.000000000e+00
LADDER E_rel=-8.115676284e-19 n=1.158879 type=E1 hbar_omega=5.964345302e-17 photon=0.000000000e+00
LADDER E_rel=-8.048367605e-19 n=1.163715 type=E1 hbar_omega=2.134155111e-17 photon=0.000000000e+00
LADDER E_rel=-8.235151078e-19 n=1.150442 type=E1 hbar_omega=8.802443597e-17 photon=0.000000000e+00
LADDER E_rel=-8.069491670e-19 n=1.162191 type=E1 hbar_omega=4.154295163e-17 photon=0.000000000e+00
LADDER E_rel=-8.064244486e-19 n=1.162569 type=E1 hbar_omega=3.488410593e-17 photon=0.000000000e+00
LADDER E_rel=-8.237069094e-19 n=1.150308 type=E1 hbar_omega=9.059703801e-17 photon=0.000000000e+00
LADDER E_rel=-8.039575329e-19 n=1.164351 type=E1 hbar_omega=2.014708074e-17 photon=0.000000000e+00
LADDER E_rel=-8.094747895e-19 n=1.160376 type=E1 hbar_omega=4.968474342e-17 photon=0.000000000e+00
LADDER E_rel=-8.218912689e-19 n=1.151578 type=E1 hbar_omega=8.847019459e-17 photon=0.000000000e+00
LADDER E_rel=-8.034399696e-19 n=1.164726 type=E1 hbar_omega=3.974476382e-18 photon=0.000000000e+00
LADDER E_rel=-8.141214303e-19 n=1.157060 type=E1 hbar_omega=6.579690368e-17 photon=0.000000000e+00
LADDER E_rel=-8.179580999e-19 n=1.154343 type=E1 hbar_omega=8.121783914e-17 photon=0.000000000e+00
LADDER E_rel=-8.031066632e-19 n=1.164968 type=E1 hbar_omega=2.624062340e-18 photon=0.000000000e+00
LADDER E_rel=-8.171614996e-19 n=1.154906 type=E1 hbar_omega=7.512917366e-17 photon=0.000000000e+00
LADDER E_rel=-8.123706873e-19 n=1.158306 type=E1 hbar_omega=6.781237761e-17 photon=0.000000000e+00
LADDER E_rel=-8.025162693e-19 n=1.165396 type=E1 hbar_omega=1.277147231e-17 photon=0.000000000e+00
LADDER E_rel=-8.205178311e-19 n=1.152541 type=E1 hbar_omega=8.473163580e-17 photon=0.000000000e+00
LADDER E_rel=-8.076058454e-19 n=1.161718 type=E1 hbar_omega=5.279507604e-17 photon=0.000000000e+00
LADDER E_rel=-8.033903392e-19 n=1.164762 type=E1 hbar_omega=2.708391904e-17 photon=0.000000000e+00
LADDER E_rel=-8.219999492e-19 n=1.151502 type=E1 hbar_omega=8.994678168e-17 photon=0.000000000e+00
LADDER E_rel=-8.036295830e-19 n=1.164589 type=E1 hbar_omega=3.418148750e-17 photon=0.000000000e+00
LADDER E_rel=-8.057645171e-19 n=1.163045 type=E1 hbar_omega=4.190427498e-17 photon=0.000000000e+00
LADDER E_rel=-8.214146014e-19 n=1.151912 type=E1 hbar_omega=9.044785096e-17 photon=0.000000000e+00
LADDER E_rel=-8.015694245e-19 n=1.166084 type=E1 hbar_omega=1.403667445e-17 photon=0.000000000e+00
LADDER E_rel=-8.093774574e-19 n=1.160446 type=E1 hbar_omega=5.668896418e-17 photon=0.000000000e+00
LADDER E_rel=-8.188290708e-19 n=1.153729 type=E1 hbar_omega=8.672814285e-17 photon=0.000000000e+00
LADDER E_rel=-8.015422401e-19 n=1.166104 type=E1 hbar_omega=7.342918044e-19 photon=0.000000000e+00
LADDER E_rel=-8.130244876e-19 n=1.157840 type=E1 hbar_omega=6.870253108e-17 photon=0.000000000e+00
LADDER E_rel=-8.138786444e-19 n=1.157233 type=E1 hbar_omega=7.660730635e-17 photon=0.000000000e+00
LADDER E_rel=-8.007734071e-19 n=1.166664 type=E1 hbar_omega=6.014548163e-18 photon=0.000000000e+00
LADDER E_rel=-8.166254431e-19 n=1.155285 type=E1 hbar_omega=7.925403784e-17 photon=0.000000000e+00
LADDER E_rel=-8.087278193e-19 n=1.160912 type=E1 hbar_omega=6.313924886e-17 photon=0.000000000e+00
LADDER E_rel=-8.006888051e-19 n=1.166725 type=E1 hbar_omega=1.833115491e-17 photon=0.000000000e+00
LADDER E_rel=-8.192037242e-19 n=1.153465 type=E1 hbar_omega=8.685509917e-17 photon=0.000000000e+00
LADDER E_rel=-8.040255401e-19 n=1.164302 type=E1 hbar_omega=4.643295628e-17 photon=0.000000000e+00
LADDER E_rel=-8.019017670e-19 n=1.165843 type=E1 hbar_omega=3.130049743e-17 photon=0.000000000e+00
LADDER E_rel=-8.199543083e-19 n=1.152937 type=E1 hbar_omega=9.041196156e-17 photon=0.000000000e+00
LADDER E_rel=-8.005326130e-19 n=1.166839 type=E1 hbar_omega=2.603737872e-17 photon=0.000000000e+00
LADDER E_rel=-8.047018101e-19 n=1.163813 type=E1 hbar_omega=4.632859112e-17 photon=0.000000000e+00
LADDER E_rel=-8.186535255e-19 n=1.153853 type=E1 hbar_omega=8.956851609e-17 photon=0.000000000e+00
LADDER E_rel=-7.994310332e-19 n=1.167643 type=E1 hbar_omega=7.059813380e-18 photon=0.000000000e+00
LADDER E_rel=-8.084179983e-19 n=1.161135 type=E1 hbar_omega=6.039856098e-17 photon=0.000000000e+00
LADDER E_rel=-8.148111202e-19 n=1.156570 type=E1 hbar_omega=8.286093514e-17 photon=0.000000000e+00
LADDER E_rel=-7.993546882e-19 n=1.167699 type=E1 hbar_omega=1.266889213e-18 photon=0.000000000e+00
LADDER E_rel=-8.128361745e-19 n=1.157975 type=E1 hbar_omega=7.397117427e-17 photon=0.000000000e+00
LADDER E_rel=-8.098753204e-19 n=1.160089 type=E1 hbar_omega=7.174142338e-17 photon=0.000000000e+00
LADDER E_rel=-7.985780327e-19 n=1.168266 type=E1 hbar_omega=9.766491299e-18 photon=0.000000000e+00
LADDER E_rel=-8.158130462e-19 n=1.155860 type=E1 hbar_omega=8.262916784e-17 photon=0.000000000e+00
LADDER E_rel=-8.045080252e-19 n=1.163953 type=E1 hbar_omega=5.588072961e-17 photon=0.000000000e+00
LADDER E_rel=-7.990677753e-19 n=1.167908 type=E1 hbar_omega=2.366122025e-17 photon=0.000000000e+00
LADDER E_rel=-8.179576064e-19 n=1.154344 type=E1 hbar_omega=8.939463888e-17 photon=0.000000000e+00
LADDER E_rel=-8.003634390e-19 n=1.166963 type=E1 hbar_omega=3.826168463e-17 photon=0.000000000e+00
LADDER E_rel=-8.010576059e-19 n=1.166457 type=E1 hbar_omega=3.818385792e-17 photon=0.000000000e+00
LADDER E_rel=-8.176236294e-19 n=1.154579 type=E1 hbar_omega=9.054925863e-17 photon=0.000000000e+00
LADDER E_rel=-7.978320803e-19 n=1.168812 type=E1 hbar_omega=1.823344046e-17 photon=0.000000000e+00
LADDER E_rel=-8.045502449e-19 n=1.163922 type=E1 hbar_omega=5.356591203e-17 photon=0.000000000e+00
LADDER E_rel=-8.149594998e-19 n=1.156465 type=E1 hbar_omega=8.677619183e-17 photon=0.000000000e+00
LADDER E_rel=-7.975423645e-19 n=1.169025 type=E1 hbar_omega=2.087405099e-18 photon=0.000000000e+00
LADDER E_rel=-8.084152519e-19 n=1.161137 type=E1 hbar_omega=6.668986626e-17 photon=0.000000000e+00
LADDER E_rel=-8.106648609e-19 n=1.159524 type=E1 hbar_omega=7.826511671e-17 photon=0.000000000e+00
LADDER E_rel=-7.969752818e-19 n=1.169440 type=E1 hbar_omega=4.111285375e-18 photon=0.000000000e+00
LADDER E_rel=-8.124179741e-19 n=1.158273 type=E1 hbar_omega=7.845120706e-17 photon=0.000000000e+00
LADDER E_rel=-8.060532861e-19 n=1.162837 type=E1 hbar_omega=6.692468905e-17 photon=0.000000000e+00
LADDER E_rel=-7.966132004e-19 n=1.169706 type=E1 hbar_omega=1.552811040e-17 photon=0.000000000e+00
LADDER E_rel=-8.147129541e-19 n=1.156640 type=E1 hbar_omega=8.527688134e-17 photon=0.000000000e+00
LADDER E_rel=-8.007158406e-19 n=1.166706 type=E1 hbar_omega=4.911402601e-17 photon=0.000000000e+00
LADDER E_rel=-7.977756572e-19 n=1.168854 type=E1 hbar_omega=2.984948396e-17 photon=0.000000000e+00
LADDER E_rel=-8.160218320e-19 n=1.155712 type=E1 hbar_omega=9.012394968e-17 photon=0.000000000e+00
LADDER E_rel=-7.969734363e-19 n=1.169442 type=E1 hbar_omega=2.921757737e-17 photon=0.000000000e+00
LADDER E_rel=-8.006027773e-19 n=1.166788 type=E1 hbar_omega=4.549286842e-17 photon=0.000000000e+00
LADDER E_rel=-8.149046793e-19 n=1.156504 type=E1 hbar_omega=8.978431268e-17 photon=0.000000000e+00
LADDER E_rel=-7.955039917e-19 n=1.170521 type=E1 hbar_omega=9.970723317e-18 photon=0.000000000e+00
LADDER E_rel=-8.036242676e-19 n=1.164593 type=E1 hbar_omega=5.754084805e-17 photon=0.000000000e+00
LADDER E_rel=-8.117627325e-19 n=1.158740 type=E1 hbar_omega=8.463207931e-17 photon=0.000000000e+00
LADDER E_rel=-7.955456071e-19 n=1.170491 type=E1 hbar_omega=5.861091691e-19 photon=0.000000000e+00
LADDER E_rel=-8.083325315e-19 n=1.161196 type=E1 hbar_omega=7.232846111e-17 photon=0.000000000e+00
LADDER E_rel=-8.065784879e-19 n=1.162458 type=E1 hbar_omega=7.332947413e-17 photon=0.000000000e+00
LADDER E_rel=-7.947038122e-19 n=1.171111 type=E1 hbar_omega=8.012675868e-18 photon=0.000000000e+00
LADDER E_rel=-8.117256084e-19 n=1.158766 type=E1 hbar_omega=8.211295103e-17 photon=0.000000000e+00
LADDER E_rel=-8.016113558e-19 n=1.166054 type=E1 hbar_omega=5.945563462e-17 photon=0.000000000e+00
LADDER E_rel=-7.948398063e-19 n=1.171010 type=E1 hbar_omega=2.031687902e-17 photon=0.000000000e+00
LADDER E_rel=-8.137834166e-19 n=1.157300 type=E1 hbar_omega=8.850214151e-17 photon=0.000000000e+00
LADDER E_rel=-7.968566753e-19 n=1.169527 type=E1 hbar_omega=4.048407243e-17 photon=0.000000000e+00
LADDER E_rel=-7.968889217e-19 n=1.169504 type=E1 hbar_omega=3.676372113e-17 photon=0.000000000e+00
LADDER E_rel=-8.138559298e-19 n=1.157249 type=E1 hbar_omega=9.061381789e-17 photon=0.000000000e+00
LADDER E_rel=-7.940805916e-19 n=1.171570 type=E1 hbar_omega=2.048426956e-17 photon=0.000000000e+00
LADDER E_rel=-7.996488338e-19 n=1.167484 type=E1 hbar_omega=4.996341973e-17 photon=0.000000000e+00
LADDER E_rel=-8.119246831e-19 n=1.158624 type=E1 hbar_omega=8.835182462e-17 photon=0.000000000e+00
LADDER E_rel=-7.935406630e-19 n=1.171969 type=E1 hbar_omega=3.928126181e-18 photon=0.000000000e+00
LADDER E_rel=-8.036390445e-19 n=1.164582 type=E1 hbar_omega=6.411133170e-17 photon=0.000000000e+00
LADDER E_rel=-8.076273637e-19 n=1.161703 type=E1 hbar_omega=8.025065594e-17 photon=0.000000000e+00
LADDER E_rel=-7.931904549e-19 n=1.172227 type=E1 hbar_omega=2.788067085e-18 photon=0.000000000e+00
LADDER E_rel=-8.080290661e-19 n=1.161414 type=E1 hbar_omega=7.714176761e-17 photon=0.000000000e+00
LADDER E_rel=-8.026691697e-19 n=1.165285 type=E1 hbar_omega=6.839715748e-17 photon=0.000000000e+00
LADDER E_rel=-7.926158593e-19 n=1.172652 type=E1 hbar_omega=1.287968015e-17 photon=0.000000000e+00
LADDER E_rel=-8.106986398e-19 n=1.159500 type=E1 hbar_omega=8.494226397e-17 photon=0.000000000e+00
LADDER E_rel=-7.976127916e-19 n=1.168973 type=E1 hbar_omega=5.243256662e-17 photon=0.000000000e+00
LADDER E_rel=-7.936103841e-19 n=1.171917 type=E1 hbar_omega=2.799044559e-17 photon=0.000000000e+00
LADDER E_rel=-8.119903757e-19 n=1.158578 type=E1 hbar_omega=8.954682652e-17 photon=0.000000000e+00
LADDER E_rel=-7.935785777e-19 n=1.171941 type=E1 hbar_omega=3.315010216e-17 photon=0.000000000e+00
LADDER E_rel=-7.957154059e-19 n=1.170366 type=E1 hbar_omega=4.128440877e-17 photon=0.000000000e+00
LADDER E_rel=-8.112351537e-19 n=1.159117 type=E1 hbar_omega=9.010465975e-17 photon=0.000000000e+00
LADDER E_rel=-7.916410729e-19 n=1.173374 type=E1 hbar_omega=1.317627868e-17 photon=0.000000000e+00
LADDER E_rel=-7.995679720e-19 n=1.167543 type=E1 hbar_omega=5.701016355e-17 photon=0.000000000e+00
LADDER E_rel=-8.088333351e-19 n=1.160836 type=E1 hbar_omega=8.655642707e-17 photon=0.000000000e+00
LADDER E_rel=-7.916589806e-19 n=1.173360 type=E1 hbar_omega=5.548350049e-19 photon=0.000000000e+00
LADDER E_rel=-8.035713752e-19 n=1.164631 type=E1 hbar_omega=6.995948154e-17 photon=0.000000000e+00
LADDER E_rel=-8.035246447e-19 n=1.164665 type=E1 hbar_omega=7.549117846e-17 photon=0.000000000e+00
LADDER E_rel=-7.908482822e-19 n=1.173962 type=E1 hbar_omega=6.417025077e-18 photon=0.000000000e+00
LADDER E_rel=-8.074003032e-19 n=1.161866 type=E1 hbar_omega=8.100964900e-17 photon=0.000000000e+00
LADDER E_rel=-7.981405670e-19 n=1.168586 type=E1 hbar_omega=6.091145119e-17 photon=0.000000000e+00
LADDER E_rel=-7.907863596e-19 n=1.174008 type=E1 hbar_omega=1.844498448e-17 photon=0.000000000e+00
LADDER E_rel=-8.093455907e-19 n=1.160469 type=E1 hbar_omega=8.698792450e-17 photon=0.000000000e+00
LADDER E_rel=-7.935188854e-19 n=1.171985 type=E1 hbar_omega=4.349819216e-17 photon=0.000000000e+00
LADDER E_rel=-7.925812577e-19 n=1.172678 type=E1 hbar_omega=3.463365528e-17 photon=0.000000000e+00
LADDER E_rel=-8.100477285e-19 n=1.159966 type=E1 hbar_omega=9.053253793e-17 photon=0.000000000e+00
LADDER E_rel=-7.903999775e-19 n=1.174295 type=E1 hbar_omega=2.347638792e-17 photon=0.000000000e+00
LADDER E_rel=-7.953506021e-19 n=1.170634 type=E1 hbar_omega=4.845096003e-17 photon=0.000000000e+00
LADDER E_rel=-8.083493126e-19 n=1.161184 type=E1 hbar_omega=8.890142428e-17 photon=0.000000000e+00
LADDER E_rel=-7.895729584e-19 n=1.174909 type=E1 hbar_omega=5.638960094e-18 photon=0.000000000e+00
LADDER E_rel=-7.995736458e-19 n=1.167539 type=E1 hbar_omega=6.359023318e-17 photon=0.000000000e+00
LADDER E_rel=-8.048490691e-19 n=1.163706 type=E1 hbar_omega=8.272411255e-17 photon=0.000000000e+00
LADDER E_rel=-7.893874150e-19 n=1.175048 type=E1 hbar_omega=1.876924212e-18 photon=0.000000000e+00
LADDER E_rel=-8.033120667e-19 n=1.164819 type=E1 hbar_omega=7.497053324e-17 photon=0.000000000e+00
LADDER E_rel=-7.995939519e-19 n=1.167524 type=E1 hbar_omega=7.070307736e-17 photon=0.000000000e+00
LADDER E_rel=-7.886910715e-19 n=1.175566 type=E1 hbar_omega=1.130211437e-17 photon=0.000000000e+00
LADDER E_rel=-8.064530672e-19 n=1.162548 type=E1 hbar_omega=8.401236544e-17 photon=0.000000000e+00
LADDER E_rel=-7.940804355e-19 n=1.171570 type=E1 hbar_omega=5.385521243e-17 photon=0.000000000e+00
LADDER E_rel=-7.894009446e-19 n=1.175037 type=E1 hbar_omega=2.559615512e-17 photon=0.000000000e+00
LADDER E_rel=-8.080666238e-19 n=1.161387 type=E1 hbar_omega=8.941189913e-17 photon=0.000000000e+00
LADDER E_rel=-7.900729362e-19 n=1.174538 type=E1 hbar_omega=3.579334373e-17 photon=0.000000000e+00
LADDER E_rel=-7.919302196e-19 n=1.173160 type=E1 hbar_omega=4.172982873e-17 photon=0.000000000e+00
LADDER E_rel=-8.076385791e-19 n=1.161695 type=E1 hbar_omega=9.046322172e-17 photon=0.000000000e+00
LADDER E_rel=-7.878075250e-19 n=1.176225 type=E1 hbar_omega=1.520353219e-17 photon=0.000000000e+00
LADDER E_rel=-7.952108725e-19 n=1.170737 type=E1 hbar_omega=5.547015394e-17 photon=0.000000000e+00
LADDER E_rel=-8.045515017e-19 n=1.163921 type=E1 hbar_omega=8.578461278e-17 photon=0.000000000e+00
LADDER E_rel=-7.877315282e-19 n=1.176282 type=E1 hbar_omega=9.051212072e-19 photon=0.000000000e+00
LADDER E_rel=-7.994912661e-19 n=1.167599 type=E1 hbar_omega=6.943480545e-17 photon=0.000000000e+00
LADDER E_rel=-8.008116935e-19 n=1.166636 type=E1 hbar_omega=7.837801745e-17 photon=0.000000000e+00
LADDER E_rel=-7.869969064e-19 n=1.176831 type=E1 hbar_omega=5.445428411e-18 photon=0.000000000e+00
LADDER E_rel=-8.027484270e-19 n=1.165228 type=E1 hbar_omega=7.904977522e-17 photon=0.000000000e+00
LADDER E_rel=-7.949909766e-19 n=1.170899 type=E1 hbar_omega=6.334586234e-17 photon=0.000000000e+00
LADDER E_rel=-7.868381881e-19 n=1.176949 type=E1 hbar_omega=1.764515617e-17 photon=0.000000000e+00
LADDER E_rel=-8.056944199e-19 n=1.163095 type=E1 hbar_omega=8.763908381e-17 photon=0.000000000e+00
LADDER E_rel=-7.899043890e-19 n=1.174663 type=E1 hbar_omega=4.488649089e-17 photon=0.000000000e+00
LADDER E_rel=-7.881753843e-19 n=1.175951 type=E1 hbar_omega=3.175068215e-17 photon=0.000000000e+00
LADDER E_rel=-8.061583086e-19 n=1.162761 type=E1 hbar_omega=9.048014837e-17 photon=0.000000000e+00
LADDER E_rel=-7.866898904e-19 n=1.177060 type=E1 hbar_omega=2.560644052e-17 photon=0.000000000e+00
LADDER E_rel=-7.915414250e-19 n=1.173448 type=E1 hbar_omega=4.877961163e-17 photon=0.000000000e+00
LADDER E_rel=-8.043843963e-19 n=1.164042 type=E1 hbar_omega=8.878276835e-17 photon=0.000000000e+00
LADDER E_rel=-7.856467805e-19 n=1.177842 type=E1 hbar_omega=6.561970040e-18 photon=0.000000000e+00
LADDER E_rel=-7.951034103e-19 n=1.170816 type=E1 hbar_omega=6.187932521e-17 photon=0.000000000e+00
LADDER E_rel=-8.014636527e-19 n=1.166161 type=E1 hbar_omega=8.382045331e-17 photon=0.000000000e+00
LADDER E_rel=-7.855376273e-19 n=1.177923 type=E1 hbar_omega=1.358654579e-18 photon=0.000000000e+00
LADDER E_rel=-7.991581898e-19 n=1.167842 type=E1 hbar_omega=7.431197320e-17 photon=0.000000000e+00
LADDER E_rel=-7.959284511e-19 n=1.170209 type=E1 hbar_omega=7.136396439e-17 photon=0.000000000e+00
LADDER E_rel=-7.847750983e-19 n=1.178495 type=E1 hbar_omega=1.041658255e-17 photon=0.000000000e+00
LADDER E_rel=-8.026003089e-19 n=1.165335 type=E1 hbar_omega=8.414564896e-17 photon=0.000000000e+00
LADDER E_rel=-7.908689790e-19 n=1.173946 type=E1 hbar_omega=5.650137503e-17 photon=0.000000000e+00
LADDER E_rel=-7.853432784e-19 n=1.178069 type=E1 hbar_omega=2.438056815e-17 photon=0.000000000e+00
LADDER E_rel=-8.039753618e-19 n=1.164338 type=E1 hbar_omega=8.882672206e-17 photon=0.000000000e+00
LADDER E_rel=-7.863910679e-19 n=1.177284 type=E1 hbar_omega=3.725091489e-17 photon=0.000000000e+00
LADDER E_rel=-7.878302463e-19 n=1.176208 type=E1 hbar_omega=4.087819864e-17 photon=0.000000000e+00
LADDER E_rel=-8.038145735e-19 n=1.164455 type=E1 hbar_omega=9.054311253e-17 photon=0.000000000e+00
LADDER E_rel=-7.839110379e-19 n=1.179145 type=E1 hbar_omega=1.556448681e-17 photon=0.000000000e+00
LADDER E_rel=-7.913067972e-19 n=1.173622 type=E1 hbar_omega=5.547983261e-17 photon=0.000000000e+00
LADDER E_rel=-8.014143142e-19 n=1.166197 type=E1 hbar_omega=8.727347133e-17 photon=0.000000000e+00
LADDER E_rel=-7.837951288e-19 n=1.179232 type=E1 hbar_omega=1.295811149e-18 photon=0.000000000e+00
LADDER E_rel=-7.948748820e-19 n=1.170985 type=E1 hbar_omega=6.745267813e-17 photon=0.000000000e+00
LADDER E_rel=-7.965841042e-19 n=1.169728 type=E1 hbar_omega=7.761282897e-17 photon=0.000000000e+00
LADDER E_rel=-7.830969986e-19 n=1.179758 type=E1 hbar_omega=5.261471542e-18 photon=0.000000000e+00
LADDER E_rel=-7.984873996e-19 n=1.168333 type=E1 hbar_omega=7.813677682e-17 photon=0.000000000e+00
LADDER E_rel=-7.914197321e-19 n=1.173538 type=E1 hbar_omega=6.441501284e-17 photon=0.000000000e+00
LADDER E_rel=-7.829190054e-19 n=1.179892 type=E1 hbar_omega=1.754252949e-17 photon=0.000000000e+00
LADDER E_rel=-8.012069638e-19 n=1.166348 type=E1 hbar_omega=8.607991105e-17 photon=0.000000000e+00
LADDER E_rel=-7.865951596e-19 n=1.177131 type=E1 hbar_omega=4.774752316e-17 photon=0.000000000e+00
LADDER E_rel=-7.843639056e-19 n=1.178804 type=E1 hbar_omega=3.232111271e-17 photon=0.000000000e+00
LADDER E_rel=-8.022434940e-19 n=1.165594 type=E1 hbar_omega=9.054272033e-17 photon=0.000000000e+00
LADDER E_rel=-7.829185429e-19 n=1.179892 type=E1 hbar_omega=2.700631953e-17 photon=0.000000000e+00
LADDER E_rel=-7.872953293e-19 n=1.176608 type=E1 hbar_omega=4.750965535e-17 photon=0.000000000e+00
LADDER E_rel=-8.007229206e-19 n=1.166701 type=E1 hbar_omega=8.920414435e-17 photon=0.000000000e+00
LADDER E_rel=-7.817142975e-19 n=1.180800 type=E1 hbar_omega=7.363355664e-18 photon=0.000000000e+00
LADDER E_rel=-7.910688617e-19 n=1.173798 type=E1 hbar_omega=6.149955113e-17 photon=0.000000000e+00
LADDER E_rel=-7.976630905e-19 n=1.168936 type=E1 hbar_omega=8.404861430e-17 photon=0.000000000e+00
LADDER E_rel=-7.816516950e-19 n=1.180848 type=E1 hbar_omega=1.191668822e-18 photon=0.000000000e+00
LADDER E_rel=-7.954374873e-19 n=1.170570 type=E1 hbar_omega=7.479882623e-17 photon=0.000000000e+00
LADDER E_rel=-7.918395658e-19 n=1.173227 type=E1 hbar_omega=7.085921670e-17 photon=0.000000000e+00
LADDER E_rel=-7.808634398e-19 n=1.181444 type=E1 hbar_omega=9.956282336e-18 photon=0.000000000e+00
LADDER E_rel=-7.983092853e-19 n=1.168463 type=E1 hbar_omega=8.315768894e-17 photon=0.000000000e+00
LADDER E_rel=-7.865822373e-19 n=1.177141 type=E1 hbar_omega=5.508195536e-17 photon=0.000000000e+00
LADDER E_rel=-7.813865952e-19 n=1.181048 type=E1 hbar_omega=2.399056016e-17 photon=0.000000000e+00
LADDER E_rel=-8.002942693e-19 n=1.167013 type=E1 hbar_omega=8.956137259e-17 photon=0.000000000e+00
LADDER E_rel=-7.825558078e-19 n=1.180165 type=E1 hbar_omega=3.772184416e-17 photon=0.000000000e+00
LADDER E_rel=-7.834062402e-19 n=1.179525 type=E1 hbar_omega=3.849839710e-17 photon=0.000000000e+00
LADDER E_rel=-7.998770968e-19 n=1.167317 type=E1 hbar_omega=9.051813283e-17 photon=0.000000000e+00
LADDER E_rel=-7.800420085e-19 n=1.182065 type=E1 hbar_omega=1.666560884e-17 photon=0.000000000e+00
LADDER E_rel=-7.868747718e-19 n=1.176922 type=E1 hbar_omega=5.372778855e-17 photon=0.000000000e+00
LADDER E_rel=-7.971848927e-19 n=1.169287 type=E1 hbar_omega=8.667097502e-17 photon=0.000000000e+00
LADDER E_rel=-7.798704057e-19 n=1.182196 type=E1 hbar_omega=1.437767852e-18 photon=0.000000000e+00
LADDER E_rel=-7.906897072e-19 n=1.174079 type=E1 hbar_omega=6.666861213e-17 photon=0.000000000e+00
LADDER E_rel=-7.929363783e-19 n=1.172415 type=E1 hbar_omega=7.824183058e-17 photon=0.000000000e+00
LADDER E_rel=-7.792105352e-19 n=1.182696 type=E1 hbar_omega=4.830165339e-18 photon=0.000000000e+00
LADDER E_rel=-7.946174168e-19 n=1.171174 type=E1 hbar_omega=7.823602649e-17 photon=0.000000000e+00
LADDER E_rel=-7.874700870e-19 n=1.176477 type=E1 hbar_omega=6.428817387e-17 photon=0.000000000e+00
LADDER E_rel=-7.789459981e-19 n=1.182897 type=E1 hbar_omega=1.659909218e-17 photon=0.000000000e+00
LADDER E_rel=-7.974980121e-19 n=1.169057 type=E1 hbar_omega=8.661635306e-17 photon=0.000000000e+00
LADDER E_rel=-7.824785261e-19 n=1.180224 type=E1 hbar_omega=4.679999017e-17 photon=0.000000000e+00
LADDER E_rel=-7.803044151e-19 n=1.181867 type=E1 hbar_omega=3.147419070e-17 photon=0.000000000e+00
LADDER E_rel=-7.983370739e-19 n=1.168443 type=E1 hbar_omega=9.044675070e-17 photon=0.000000000e+00
LADDER E_rel=-7.788818228e-19 n=1.182946 type=E1 hbar_omega=2.578820590e-17 photon=0.000000000e+00
LADDER E_rel=-7.833299245e-19 n=1.179582 type=E1 hbar_omega=4.731369678e-17 photon=0.000000000e+00
LADDER E_rel=-7.968442453e-19 n=1.169537 type=E1 hbar_omega=8.926189005e-17 photon=0.000000000e+00
LADDER E_rel=-7.777987889e-19 n=1.183769 type=E1 hbar_omega=7.394685042e-18 photon=0.000000000e+00
LADDER E_rel=-7.873867309e-19 n=1.176539 type=E1 hbar_omega=6.220679999e-17 photon=0.000000000e+00
LADDER E_rel=-7.935353232e-19 n=1.171972 type=E1 hbar_omega=8.360146011e-17 photon=0.000000000e+00
LADDER E_rel=-7.777323058e-19 n=1.183819 type=E1 hbar_omega=1.232933659e-18 photon=0.000000000e+00
LADDER E_rel=-7.910498155e-19 n=1.173812 type=E1 hbar_omega=7.354223570e-17 photon=0.000000000e+00
LADDER E_rel=-7.883835259e-19 n=1.175795 type=E1 hbar_omega=7.211121816e-17 photon=0.000000000e+00
LADDER E_rel=-7.769555471e-19 n=1.184411 type=E1 hbar_omega=1.069436759e-17 photon=0.000000000e+00
LADDER E_rel=-7.942623570e-19 n=1.171436 type=E1 hbar_omega=8.280926911e-17 photon=0.000000000e+00
LADDER E_rel=-7.827963891e-19 n=1.179984 type=E1 hbar_omega=5.556383766e-17 photon=0.000000000e+00
LADDER E_rel=-7.774998350e-19 n=1.183996 type=E1 hbar_omega=2.421503171e-17 photon=0.000000000e+00
LADDER E_rel=-7.961281582e-19 n=1.170062 type=E1 hbar_omega=8.874715940e-17 photon=0.000000000e+00
LADDER E_rel=-7.785926124e-19 n=1.183165 type=E1 hbar_omega=3.741085606e-17 photon=0.000000000e+00
LADDER E_rel=-7.797252147e-19 n=1.182306 type=E1 hbar_omega=3.960691385e-17 photon=0.000000000e+00
LADDER E_rel=-7.958383167e-19 n=1.170275 type=E1 hbar_omega=9.038704168e-17 photon=0.000000000e+00
LADDER E_rel=-7.761040043e-19 n=1.185061 type=E1 hbar_omega=1.611841375e-17 photon=0.000000000e+00
LADDER E_rel=-7.836058120e-19 n=1.179374 type=E1 hbar_omega=5.589172591e-17 photon=0.000000000e+00
LADDER E_rel=-7.934844170e-19 n=1.172010 type=E1 hbar_omega=8.707361375e-17 photon=0.000000000e+00
LADDER E_rel=-7.759720080e-19 n=1.185161 type=E1 hbar_omega=1.276527029e-18 photon=0.000000000e+00
LADDER E_rel=-7.867902050e-19 n=1.176985 type=E1 hbar_omega=6.669982794e-17 photon=0.000000000e+00
LADDER E_rel=-7.890115929e-19 n=1.175327 type=E1 hbar_omega=7.820791553e-17 photon=0.000000000e+00
LADDER E_rel=-7.752906737e-19 n=1.185682 type=E1 hbar_omega=4.955871610e-18 photon=0.000000000e+00
LADDER E_rel=-7.909915376e-19 n=1.173855 type=E1 hbar_omega=7.897587222e-17 photon=0.000000000e+00
LADDER E_rel=-7.832772074e-19 n=1.179622 type=E1 hbar_omega=6.340136127e-17 photon=0.000000000e+00
LADDER E_rel=-7.750927221e-19 n=1.185833 type=E1 hbar_omega=1.745358879e-17 photon=0.000000000e+00
LADDER E_rel=-7.939125599e-19 n=1.171694 type=E1 hbar_omega=8.748957705e-17 photon=0.000000000e+00
LADDER E_rel=-7.782256725e-19 n=1.183444 type=E1 hbar_omega=4.515017117e-17 photon=0.000000000e+00
LADDER E_rel=-7.763590287e-19 n=1.184866 type=E1 hbar_omega=3.123787980e-17 photon=0.000000000e+00
LADDER E_rel=-7.944313184e-19 n=1.171311 type=E1 hbar_omega=9.041375251e-17 photon=0.000000000e+00
LADDER E_rel=-7.749916053e-19 n=1.185911 type=E1 hbar_omega=2.595939262e-17 photon=0.000000000e+00
LADDER E_rel=-7.795689375e-19 n=1.182424 type=E1 hbar_omega=4.787539276e-17 photon=0.000000000e+00
LADDER E_rel=-7.928279754e-19 n=1.172495 type=E1 hbar_omega=8.907944812e-17 photon=0.000000000e+00
LADDER E_rel=-7.739084807e-19 n=1.186740 type=E1 hbar_omega=6.703023249e-18 photon=0.000000000e+00
LADDER E_rel=-7.829789888e-19 n=1.179846 type=E1 hbar_omega=6.067592440e-17 photon=0.000000000e+00
LADDER E_rel=-7.891761420e-19 n=1.175205 type=E1 hbar_omega=8.262835412e-17 photon=0.000000000e+00
LADDER E_rel=-7.738071470e-19 n=1.186818 type=E1 hbar_omega=1.397490988e-18 photon=0.000000000e+00
LADDER E_rel=-7.869228922e-19 n=1.176886 type=E1 hbar_omega=7.295247479e-17 photon=0.000000000e+00
LADDER E_rel=-7.846877333e-19 n=1.178561 type=E1 hbar_omega=7.267712838e-17 photon=0.000000000e+00
LADDER E_rel=-7.730442917e-19 n=1.187404 type=E1 hbar_omega=1.075469229e-17 photon=0.000000000e+00
LADDER E_rel=-7.904094201e-19 n=1.174288 type=E1 hbar_omega=8.295750387e-17 photon=0.000000000e+00
LADDER E_rel=-7.788263503e-19 n=1.182988 type=E1 hbar_omega=5.534333046e-17 photon=0.000000000e+00
LADDER E_rel=-7.736720465e-19 n=1.186922 type=E1 hbar_omega=2.489775184e-17 photon=0.000000000e+00
LADDER E_rel=-7.923378351e-19 n=1.172858 type=E1 hbar_omega=8.910987186e-17 photon=0.000000000e+00
LADDER E_rel=-7.745447938e-19 n=1.186253 type=E1 hbar_omega=3.653666186e-17 photon=0.000000000e+00
LADDER E_rel=-7.762004133e-19 n=1.184987 type=E1 hbar_omega=4.133132393e-17 photon=0.000000000e+00
LADDER E_rel=-7.920403203e-19 n=1.173078 type=E1 hbar_omega=9.050072578e-17 photon=0.000000000e+00
LADDER E_rel=-7.721707878e-19 n=1.188075 type=E1 hbar_omega=1.532143288e-17 photon=0.000000000e+00
LADDER E_rel=-7.796356083e-19 n=1.182374 type=E1 hbar_omega=5.566744802e-17 photon=0.000000000e+00
LADDER E_rel=-7.896347913e-19 n=1.174863 type=E1 hbar_omega=8.717255343e-17 photon=0.000000000e+00
LADDER E_rel=-7.720990228e-19 n=1.188130 type=E1 hbar_omega=8.899194148e-19 photon=0.000000000e+00
LADDER E_rel=-7.841425927e-19 n=1.178971 type=E1 hbar_omega=7.021458499e-17 photon=0.000000000e+00
LADDER E_rel=-7.848947191e-19 n=1.178406 type=E1 hbar_omega=7.769514619e-17 photon=0.000000000e+00
LADDER E_rel=-7.713539458e-19 n=1.188704 type=E1 hbar_omega=5.650413080e-18 photon=0.000000000e+00
LADDER E_rel=-7.875454493e-19 n=1.176421 type=E1 hbar_omega=8.014882660e-17 photon=0.000000000e+00
LADDER E_rel=-7.789283333e-19 n=1.182910 type=E1 hbar_omega=6.195291179e-17 photon=0.000000000e+00
LADDER E_rel=-7.712669825e-19 n=1.188771 type=E1 hbar_omega=1.861257119e-17 photon=0.000000000e+00
LADDER E_rel=-7.898950287e-19 n=1.174670 type=E1 hbar_omega=8.718957458e-17 photon=0.000000000e+00
LADDER E_rel=-7.744332584e-19 n=1.186338 type=E1 hbar_omega=4.571997458e-17 photon=0.000000000e+00
LADDER E_rel=-7.728820046e-19 n=1.187528 type=E1 hbar_omega=3.374652512e-17 photon=0.000000000e+00
LADDER E_rel=-7.905243109e-19 n=1.174202 type=E1 hbar_omega=9.043775443e-17 photon=0.000000000e+00
LADDER E_rel=-7.709068272e-19 n=1.189049 type=E1 hbar_omega=2.401637703e-17 photon=0.000000000e+00
LADDER E_rel=-7.759333537e-19 n=1.185191 type=E1 hbar_omega=4.889911032e-17 photon=0.000000000e+00
LADDER E_rel=-7.887137262e-19 n=1.175549 type=E1 hbar_omega=8.872412465e-17 photon=0.000000000e+00
LADDER E_rel=-7.700400872e-19 n=1.189718 type=E1 hbar_omega=5.530307264e-18 photon=0.000000000e+00
LADDER E_rel=-7.796881367e-19 n=1.182334 type=E1 hbar_omega=6.256045928e-17 photon=0.000000000e+00
LADDER E_rel=-7.846744565e-19 n=1.178571 type=E1 hbar_omega=8.132723409e-17 photon=0.000000000e+00
LADDER E_rel=-7.698460191e-19 n=1.189867 type=E1 hbar_omega=1.880883924e-18 photon=0.000000000e+00
LADDER E_rel=-7.839390023e-19 n=1.179124 type=E1 hbar_omega=7.540838112e-17 photon=0.000000000e+00
LADDER E_rel=-7.798702268e-19 n=1.182196 type=E1 hbar_omega=7.019868355e-17 photon=0.000000000e+00
LADDER E_rel=-7.691524172e-19 n=1.190404 type=E1 hbar_omega=1.192293783e-17 photon=0.000000000e+00
LADDER E_rel=-7.873706065e-19 n=1.176551 type=E1 hbar_omega=8.520958469e-17 photon=0.000000000e+00
LADDER E_rel=-7.747669819e-19 n=1.186083 type=E1 hbar_omega=5.477474270e-17 photon=0.000000000e+00
LADDER E_rel=-7.698759909e-19 n=1.189844 type=E1 hbar_omega=2.584271964e-17 photon=0.000000000e+00
LADDER E_rel=-7.885543905e-19 n=1.175668 type=E1 hbar_omega=8.953724457e-17 photon=0.000000000e+00
LADDER E_rel=-7.701301733e-19 n=1.189648 type=E1 hbar_omega=3.310922499e-17 photon=0.000000000e+00
LADDER E_rel=-7.721389291e-19 n=1.188099 type=E1 hbar_omega=4.068006940e-17 photon=0.000000000e+00
LADDER E_rel=-7.878774085e-19 n=1.176173 type=E1 hbar_omega=9.020919701e-17 photon=0.000000000e+00
LADDER E_rel=-7.682013893e-19 n=1.191140 type=E1 hbar_omega=1.333162180e-17 photon=0.000000000e+00
LADDER E_rel=-7.757470395e-19 n=1.185333 type=E1 hbar_omega=5.577077638e-17 photon=0.000000000e+00
LADDER E_rel=-7.849023715e-19 n=1.178400 type=E1 hbar_omega=8.559071891e-17 photon=0.000000000e+00
LADDER E_rel=-7.682193485e-19 n=1.191127 type=E1 hbar_omega=5.431129713e-19 photon=0.000000000e+00
LADDER E_rel=-7.805420326e-19 n=1.181687 type=E1 hbar_omega=7.109295066e-17 photon=0.000000000e+00
LADDER E_rel=-7.806601618e-19 n=1.181597 type=E1 hbar_omega=7.693425175e-17 photon=0.000000000e+00
LADDER E_rel=-7.673796249e-19 n=1.191778 type=E1 hbar_omega=7.095691331e-18 photon=0.000000000e+00
LADDER E_rel=-7.841349733e-19 n=1.178976 type=E1 hbar_omega=8.146056512e-17 photon=0.000000000e+00
LADDER E_rel=-7.744989871e-19 n=1.186288 type=E1 hbar_omega=6.025358856e-17 photon=0.000000000e+00
LADDER E_rel=-7.674577315e-19 n=1.191717 type=E1 hbar_omega=1.996448797e-17 photon=0.000000000e+00
LADDER E_rel=-7.863749940e-19 n=1.177296 type=E1 hbar_omega=8.830405427e-17 photon=0.000000000e+00
LADDER E_rel=-7.700515188e-19 n=1.189709 type=E1 hbar_omega=4.342073668e-17 photon=0.000000000e+00
LADDER E_rel=-7.690194627e-19 n=1.190507 type=E1 hbar_omega=3.406554159e-17 photon=0.000000000e+00
LADDER E_rel=-7.865179328e-19 n=1.177189 type=E1 hbar_omega=9.061596854e-17 photon=0.000000000e+00
LADDER E_rel=-7.668332223e-19 n=1.192203 type=E1 hbar_omega=2.208166776e-17 photon=0.000000000e+00
LADDER E_rel=-7.723304449e-19 n=1.187952 type=E1 hbar_omega=5.008444793e-17 photon=0.000000000e+00
LADDER E_rel=-7.845345592e-19 n=1.178676 type=E1 hbar_omega=8.827335151e-17 photon=0.000000000e+00
LADDER E_rel=-7.661753713e-19 n=1.192714 type=E1 hbar_omega=4.193574289e-18 photon=0.000000000e+00
LADDER E_rel=-7.764569283e-19 n=1.184791 type=E1 hbar_omega=6.459593199e-17 photon=0.000000000e+00
LADDER E_rel=-7.810579242e-19 n=1.181296 type=E1 hbar_omega=8.199654927e-17 photon=0.000000000e+00
LADDER E_rel=-7.658394033e-19 n=1.192976 type=E1 hbar_omega=2.818681626e-18 photon=0.000000000e+00
LADDER E_rel=-7.799674875e-19 n=1.182122 type=E1 hbar_omega=7.526363224e-17 photon=0.000000000e+00
LADDER E_rel=-7.750346335e-19 n=1.185878 type=E1 hbar_omega=6.756552540e-17 photon=0.000000000e+00
LADDER E_rel=-7.652692664e-19 n=1.193420 type=E1 hbar_omega=1.323240045e-17 photon=0.000000000e+00
LADDER E_rel=-7.835942701e-19 n=1.179383 type=E1 hbar_omega=8.557929735e-17 photon=0.000000000e+00
LADDER E_rel=-7.699839818e-19 n=1.189761 type=E1 hbar_omega=5.131509149e-17 photon=0.000000000e+00
LADDER E_rel=-7.663853727e-19 n=1.192551 type=E1 hbar_omega=2.890891605e-17 photon=0.000000000e+00
LADDER E_rel=-7.847333132e-19 n=1.178527 type=E1 hbar_omega=8.988800443e-17 photon=0.000000000e+00
LADDER E_rel=-7.658078488e-19 n=1.193001 type=E1 hbar_omega=2.992747000e-17 photon=0.000000000e+00
LADDER E_rel=-7.686817983e-19 n=1.190768 type=E1 hbar_omega=4.271118613e-17 photon=0.000000000e+00
LADDER E_rel=-7.836423281e-19 n=1.179347 type=E1 hbar_omega=8.975490623e-17 photon=0.000000000e+00
LADDER E_rel=-7.642516045e-19 n=1.194215 type=E1 hbar_omega=1.070305584e-17 photon=0.000000000e+00
LADDER E_rel=-7.727750011e-19 n=1.187610 type=E1 hbar_omega=5.882972987e-17 photon=0.000000000e+00
LADDER E_rel=-7.809740377e-19 n=1.181360 type=E1 hbar_omega=8.556877790e-17 photon=0.000000000e+00
LADDER E_rel=-7.643005834e-19 n=1.194176 type=E1 hbar_omega=5.378023737e-19 photon=0.000000000e+00
LADDER E_rel=-7.769109319e-19 n=1.184445 type=E1 hbar_omega=7.187582310e-17 photon=0.000000000e+00
LADDER E_rel=-7.754538865e-19 n=1.185557 type=E1 hbar_omega=7.367880439e-17 photon=0.000000000e+00
LADDER E_rel=-7.634378925e-19 n=1.194851 type=E1 hbar_omega=8.124287253e-18 photon=0.000000000e+00
LADDER E_rel=-7.806638956e-19 n=1.181595 type=E1 hbar_omega=8.260849803e-17 photon=0.000000000e+00
LADDER E_rel=-7.701264630e-19 n=1.189651 type=E1 hbar_omega=5.868203139e-17 photon=0.000000000e+00
LADDER E_rel=-7.636627686e-19 n=1.194675 type=E1 hbar_omega=2.128720511e-17 photon=0.000000000e+00
LADDER E_rel=-7.823748911e-19 n=1.180302 type=E1 hbar_omega=8.806051258e-17 photon=0.000000000e+00
LADDER E_rel=-7.653033177e-19 n=1.193394 type=E1 hbar_omega=3.883371495e-17 photon=0.000000000e+00
LADDER E_rel=-7.656027561e-19 n=1.193160 type=E1 hbar_omega=3.669172265e-17 photon=0.000000000e+00
LADDER E_rel=-7.825935834e-19 n=1.180137 type=E1 hbar_omega=9.061452607e-17 photon=0.000000000e+00
LADDER E_rel=-7.627131828e-19 n=1.195418 type=E1 hbar_omega=1.890912543e-17 photon=0.000000000e+00
LADDER E_rel=-7.686706190e-19 n=1.190777 type=E1 hbar_omega=5.102167755e-17 photon=0.000000000e+00
LADDER E_rel=-7.804025072e-19 n=1.181792 type=E1 hbar_omega=8.788651509e-17 photon=0.000000000e+00
LADDER E_rel=-7.623682702e-19 n=1.195689 type=E1 hbar_omega=2.352825309e-18 photon=0.000000000e+00
LADDER E_rel=-7.731256387e-19 n=1.187341 type=E1 hbar_omega=6.630808444e-17 photon=0.000000000e+00
LADDER E_rel=-7.756026214e-19 n=1.185444 type=E1 hbar_omega=7.849151099e-17 photon=0.000000000e+00
LADDER E_rel=-7.618231637e-19 n=1.196116 type=E1 hbar_omega=3.913261124e-18 photon=0.000000000e+00
LADDER E_rel=-7.768535701e-19 n=1.184489 type=E1 hbar_omega=7.739850167e-17 photon=0.000000000e+00
LADDER E_rel=-7.703197705e-19 n=1.189502 type=E1 hbar_omega=6.520487479e-17 photon=0.000000000e+00
LADDER E_rel=-7.614508548e-19 n=1.196409 type=E1 hbar_omega=1.579743560e-17 photon=0.000000000e+00
LADDER E_rel=-7.797204914e-19 n=1.182309 type=E1 hbar_omega=8.572661813e-17 photon=0.000000000e+00
LADDER E_rel=-7.653513816e-19 n=1.193356 type=E1 hbar_omega=4.827640253e-17 photon=0.000000000e+00
LADDER E_rel=-7.625633320e-19 n=1.195536 type=E1 hbar_omega=2.964546462e-17 photon=0.000000000e+00
LADDER E_rel=-7.808490124e-19 n=1.181455 type=E1 hbar_omega=9.009801517e-17 photon=0.000000000e+00
LADDER E_rel=-7.615754093e-19 n=1.196311 type=E1 hbar_omega=2.723073334e-17 photon=0.000000000e+00
LADDER E_rel=-7.658512477e-19 n=1.192967 type=E1 hbar_omega=4.719981493e-17 photon=0.000000000e+00
LADDER E_rel=-7.794111769e-19 n=1.182544 type=E1 hbar_omega=8.928194994e-17 photon=0.000000000e+00
LADDER E_rel=-7.603370262e-19 n=1.197285 type=E1 hbar_omega=8.002210874e-18 photon=0.000000000e+00
LADDER E_rel=-7.696718927e-19 n=1.190002 type=E1 hbar_omega=6.139604492e-17 photon=0.000000000e+00
LADDER E_rel=-7.763146427e-19 n=1.184900 type=E1 hbar_omega=8.407626513e-17 photon=0.000000000e+00
LADDER E_rel=-7.602898184e-19 n=1.197322 type=E1 hbar_omega=1.174368600e-18 photon=0.000000000e+00
LADDER E_rel=-7.741015665e-19 n=1.186592 type=E1 hbar_omega=7.487059754e-17 photon=0.000000000e+00
LADDER E_rel=-7.704267026e-19 n=1.189419 type=E1 hbar_omega=7.073126634e-17 photon=0.000000000e+00
LADDER E_rel=-7.594994272e-19 n=1.197945 type=E1 hbar_omega=1.089132712e-17 photon=0.000000000e+00
LADDER E_rel=-7.770029696e-19 n=1.184375 type=E1 hbar_omega=8.330603785e-17 photon=0.000000000e+00
LADDER E_rel=-7.651395023e-19 n=1.193521 type=E1 hbar_omega=5.480619938e-17 photon=0.000000000e+00
LADDER E_rel=-7.600340663e-19 n=1.197523 type=E1 hbar_omega=2.418347935e-17 photon=0.000000000e+00
LADDER E_rel=-7.789567401e-19 n=1.182889 type=E1 hbar_omega=8.966527852e-17 photon=0.000000000e+00
LADDER E_rel=-7.607572032e-19 n=1.196954 type=E1 hbar_omega=3.498137792e-17 photon=0.000000000e+00
LADDER E_rel=-7.621094072e-19 n=1.195892 type=E1 hbar_omega=3.888084106e-17 photon=0.000000000e+00
LADDER E_rel=-7.784605337e-19 n=1.183266 type=E1 hbar_omega=9.047333807e-17 photon=0.000000000e+00
LADDER E_rel=-7.586089064e-19 n=1.198648 type=E1 hbar_omega=1.517094820e-17 photon=0.000000000e+00
LADDER E_rel=-7.656681803e-19 n=1.193109 type=E1 hbar_omega=5.429896828e-17 photon=0.000000000e+00
LADDER E_rel=-7.756500906e-19 n=1.185407 type=E1 hbar_omega=8.635357418e-17 photon=0.000000000e+00
LADDER E_rel=-7.585442597e-19 n=1.198699 type=E1 hbar_omega=8.179408450e-19 photon=0.000000000e+00
LADDER E_rel=-7.705770797e-19 n=1.189303 type=E1 hbar_omega=7.020463327e-17 photon=0.000000000e+00
LADDER E_rel=-7.713233909e-19 n=1.188727 type=E1 hbar_omega=7.767468737e-17 photon=0.000000000e+00
LADDER E_rel=-7.577823178e-19 n=1.199301 type=E1 hbar_omega=5.851841323e-18 photon=0.000000000e+00
LADDER E_rel=-7.743712033e-19 n=1.186386 type=E1 hbar_omega=8.113797132e-17 photon=0.000000000e+00
LADDER E_rel=-7.658518007e-19 n=1.192966 type=E1 hbar_omega=6.352858639e-17 photon=0.000000000e+00
LADDER E_rel=-7.576892215e-19 n=1.199375 type=E1 hbar_omega=1.839923327e-17 photon=0.000000000e+00
LADDER E_rel=-7.762766839e-19 n=1.184929 type=E1 hbar_omega=8.702116012e-17 photon=0.000000000e+00
LADDER E_rel=-7.603940376e-19 n=1.197240 type=E1 hbar_omega=4.333851026e-17 photon=0.000000000e+00
LADDER E_rel=-7.594533632e-19 n=1.197981 type=E1 hbar_omega=3.448512010e-17 photon=0.000000000e+00
LADDER E_rel=-7.769602931e-19 n=1.184407 type=E1 hbar_omega=9.052866485e-17 photon=0.000000000e+00
LADDER E_rel=-7.572938032e-19 n=1.199688 type=E1 hbar_omega=2.342653639e-17 photon=0.000000000e+00
LADDER E_rel=-7.621586087e-19 n=1.195853 type=E1 hbar_omega=4.812217472e-17 photon=0.000000000e+00
LADDER E_rel=-7.752983288e-19 n=1.185676 type=E1 hbar_omega=8.898134701e-17 photon=0.000000000e+00
LADDER E_rel=-7.565016146e-19 n=1.200316 type=E1 hbar_omega=4.780273314e-18 photon=0.000000000e+00
LADDER E_rel=-7.662858705e-19 n=1.192628 type=E1 hbar_omega=6.305734467e-17 photon=0.000000000e+00
LADDER E_rel=-7.709359610e-19 n=1.189026 type=E1 hbar_omega=8.094492439e-17 photon=0.000000000e+00
LADDER E_rel=-7.562111722e-19 n=1.200547 type=E1 hbar_omega=2.502115122e-18 photon=0.000000000e+00
LADDER E_rel=-7.709402775e-19 n=1.189023 type=E1 hbar_omega=7.690939387e-17 photon=0.000000000e+00
LADDER E_rel=-7.657175086e-19 n=1.193071 type=E1 hbar_omega=6.855667221e-17 photon=0.000000000e+00
LADDER E_rel=-7.556048791e-19 n=1.201028 type=E1 hbar_omega=1.297412456e-17 photon=0.000000000e+00
LADDER E_rel=-7.738039871e-19 n=1.186821 type=E1 hbar_omega=8.521906181e-17 photon=0.000000000e+00
LADDER E_rel=-7.604641533e-19 n=1.197185 type=E1 hbar_omega=5.187965073e-17 photon=0.000000000e+00
LADDER E_rel=-7.567080524e-19 n=1.200152 type=E1 hbar_omega=2.876318750e-17 photon=0.000000000e+00
LADDER E_rel=-7.750722006e-19 n=1.185849 type=E1 hbar_omega=8.985140571e-17 photon=0.000000000e+00
LADDER E_rel=-7.561621678e-19 n=1.200585 type=E1 hbar_omega=3.001426913e-17 photon=0.000000000e+00
LADDER E_rel=-7.590802954e-19 n=1.198275 type=E1 hbar_omega=4.294435337e-17 photon=0.000000000e+00
LADDER E_rel=-7.739439712e-19 n=1.186713 type=E1 hbar_omega=8.968634524e-17 photon=0.000000000e+00
LADDER E_rel=-7.545949104e-19 n=1.201832 type=E1 hbar_omega=1.060290551e-17 photon=0.000000000e+00
LADDER E_rel=-7.633400721e-19 n=1.194927 type=E1 hbar_omega=5.952921539e-17 photon=0.000000000e+00
LADDER E_rel=-7.711174603e-19 n=1.188886 type=E1 hbar_omega=8.516598651e-17 photon=0.000000000e+00
LADDER E_rel=-7.546391583e-19 n=1.201796 type=E1 hbar_omega=5.636423280e-19 photon=0.000000000e+00
LADDER E_rel=-7.676427074e-19 n=1.191574 type=E1 hbar_omega=7.291788456e-17 photon=0.000000000e+00
LADDER E_rel=-7.664152526e-19 n=1.192528 type=E1 hbar_omega=7.526721944e-17 photon=0.000000000e+00
LADDER E_rel=-7.537751652e-19 n=1.202485 type=E1 hbar_omega=8.484179153e-18 photon=0.000000000e+00
LADDER E_rel=-7.706091171e-19 n=1.189278 type=E1 hbar_omega=8.158179013e-17 photon=0.000000000e+00
LADDER E_rel=-7.600472419e-19 n=1.197513 type=E1 hbar_omega=5.717056596e-17 photon=0.000000000e+00
LADDER E_rel=-7.541119704e-19 n=1.202216 type=E1 hbar_omega=2.242109310e-17 photon=0.000000000e+00
LADDER E_rel=-7.729703983e-19 n=1.187460 type=E1 hbar_omega=8.881175821e-17 photon=0.000000000e+00
LADDER E_rel=-7.557768016e-19 n=1.200891 type=E1 hbar_omega=3.964728167e-17 photon=0.000000000e+00
LADDER E_rel=-7.563533666e-19 n=1.200434 type=E1 hbar_omega=3.871604776e-17 photon=0.000000000e+00
LADDER E_rel=-7.727570785e-19 n=1.187624 type=E1 hbar_omega=9.048995889e-17 photon=0.000000000e+00
LADDER E_rel=-7.529916408e-19 n=1.203110 type=E1 hbar_omega=1.777561055e-17 photon=0.000000000e+00
LADDER E_rel=-7.597902206e-19 n=1.197716 type=E1 hbar_omega=5.376027394e-17 photon=0.000000000e+00
LADDER E_rel=-7.707945227e-19 n=1.189135 type=E1 hbar_omega=8.798013009e-17 photon=0.000000000e+00
LADDER E_rel=-7.527530532e-19 n=1.203301 type=E1 hbar_omega=1.745298281e-18 photon=0.000000000e+00
LADDER E_rel=-7.635113114e-19 n=1.194793 type=E1 hbar_omega=6.644107976e-17 photon=0.000000000e+00
LADDER E_rel=-7.658880000e-19 n=1.192938 type=E1 hbar_omega=7.836433779e-17 photon=0.000000000e+00
LADDER E_rel=-7.521079824e-19 n=1.203817 type=E1 hbar_omega=4.720864819e-18 photon=0.000000000e+00
LADDER E_rel=-7.673586568e-19 n=1.191794 type=E1 hbar_omega=7.783206906e-17 photon=0.000000000e+00
LADDER E_rel=-7.604868724e-19 n=1.197167 type=E1 hbar_omega=6.468186895e-17 photon=0.000000000e+00
LADDER E_rel=-7.518989215e-19 n=1.203984 type=E1 hbar_omega=1.759982976e-17 photon=0.000000000e+00
LADDER E_rel=-7.702486095e-19 n=1.189556 type=E1 hbar_omega=8.622340942e-17 photon=0.000000000e+00
LADDER E_rel=-7.554977771e-19 n=1.201113 type=E1 hbar_omega=4.741007098e-17 photon=0.000000000e+00
LADDER E_rel=-7.534391608e-19 n=1.202753 type=E1 hbar_omega=3.291910831e-17 photon=0.000000000e+00
LADDER E_rel=-7.712263966e-19 n=1.188802 type=E1 hbar_omega=9.031598310e-17 photon=0.000000000e+00
LADDER E_rel=-7.516546414e-19 n=1.204180 type=E1 hbar_omega=2.453437699e-17 photon=0.000000000e+00
LADDER E_rel=-7.566100186e-19 n=1.200230 type=E1 hbar_omega=4.881020072e-17 photon=0.000000000e+00
LADDER E_rel=-7.694254601e-19 n=1.190193 type=E1 hbar_omega=8.873690849e-17 photon=0.000000000e+00
LADDER E_rel=-7.507081442e-19 n=1.204939 type=E1 hbar_omega=6.480351283e-18 photon=0.000000000e+00
LADDER E_rel=-7.606737286e-19 n=1.197020 type=E1 hbar_omega=6.340044657e-17 photon=0.000000000e+00
LADDER E_rel=-7.660405356e-19 n=1.192819 type=E1 hbar_omega=8.278066343e-17 photon=0.000000000e+00
LADDER E_rel=-7.505530936e-19 n=1.205063 type=E1 hbar_omega=1.797845320e-18 photon=0.000000000e+00
LADDER E_rel=-7.642063946e-19 n=1.194250 type=E1 hbar_omega=7.426549823e-17 photon=0.000000000e+00
LADDER E_rel=-7.609737614e-19 n=1.196784 type=E1 hbar_omega=7.132292604e-17 photon=0.000000000e+00
LADDER E_rel=-7.498446673e-19 n=1.205632 type=E1 hbar_omega=1.174769549e-17 photon=0.000000000e+00
LADDER E_rel=-7.679851853e-19 n=1.191308 type=E1 hbar_omega=8.498009490e-17 photon=0.000000000e+00
LADDER E_rel=-7.548247813e-19 n=1.201649 type=E1 hbar_omega=5.224747765e-17 photon=0.000000000e+00
LADDER E_rel=-7.506043100e-19 n=1.205022 type=E1 hbar_omega=2.610802687e-17 photon=0.000000000e+00
LADDER E_rel=-7.692911556e-19 n=1.190297 type=E1 hbar_omega=8.966251973e-17 photon=0.000000000e+00
LADDER E_rel=-7.507687080e-19 n=1.204890 type=E1 hbar_omega=3.270334026e-17 photon=0.000000000e+00
LADDER E_rel=-7.530917904e-19 n=1.203030 type=E1 hbar_omega=4.182500110e-17 photon=0.000000000e+00
LADDER E_rel=-7.683997841e-19 n=1.190987 type=E1 hbar_omega=8.996170400e-17 photon=0.000000000e+00
LADDER E_rel=-7.488729332e-19 n=1.206414 type=E1 hbar_omega=1.184941531e-17 photon=0.000000000e+00
LADDER E_rel=-7.571030004e-19 n=1.199839 type=E1 hbar_omega=5.792556150e-17 photon=0.000000000e+00
LADDER E_rel=-7.658201099e-19 n=1.192991 type=E1 hbar_omega=8.603006552e-17 photon=0.000000000e+00
LADDER E_rel=-7.489211058e-19 n=1.206375 type=E1 hbar_omega=4.589310618e-19 photon=0.000000000e+00
LADDER E_rel=-7.612265809e-19 n=1.196585 type=E1 hbar_omega=7.106111172e-17 photon=0.000000000e+00
LADDER E_rel=-7.603446247e-19 n=1.197279 type=E1 hbar_omega=7.439695353e-17 photon=0.000000000e+00
LADDER E_rel=-7.480505135e-19 n=1.207077 type=E1 hbar_omega=7.894873407e-18 photon=0.000000000e+00
LADDER E_rel=-7.650453611e-19 n=1.193595 type=E1 hbar_omega=8.201358972e-17 photon=0.000000000e+00
LADDER E_rel=-7.549572722e-19 n=1.201543 type=E1 hbar_omega=5.945876398e-17 photon=0.000000000e+00
LADDER E_rel=-7.482134218e-19 n=1.206946 type=E1 hbar_omega=2.077786210e-17 photon=0.000000000e+00
LADDER E_rel=-7.672583357e-19 n=1.191872 type=E1 hbar_omega=8.887704881e-17 photon=0.000000000e+00
LADDER E_rel=-7.500110342e-19 n=1.205499 type=E1 hbar_omega=3.947377984e-17 photon=0.000000000e+00
LADDER E_rel=-7.500574941e-19 n=1.205461 type=E1 hbar_omega=3.594375128e-17 photon=0.000000000e+00
LADDER E_rel=-7.672415195e-19 n=1.191885 type=E1 hbar_omega=9.061399166e-17 photon=0.000000000e+00
LADDER E_rel=-7.473340536e-19 n=1.207656 type=E1 hbar_omega=1.927365397e-17 photon=0.000000000e+00
LADDER E_rel=-7.538690221e-19 n=1.202410 type=E1 hbar_omega=5.311704829e-17 photon=0.000000000e+00
LADDER E_rel=-7.652009240e-19 n=1.193474 type=E1 hbar_omega=8.823172886e-17 photon=0.000000000e+00
LADDER E_rel=-7.469833369e-19 n=1.207939 type=E1 hbar_omega=2.211325744e-18 photon=0.000000000e+00
LADDER E_rel=-7.574148312e-19 n=1.199592 type=E1 hbar_omega=6.539017658e-17 photon=0.000000000e+00
LADDER E_rel=-7.605021211e-19 n=1.197155 type=E1 hbar_omega=7.917993395e-17 photon=0.000000000e+00
LADDER E_rel=-7.464168215e-19 n=1.208398 type=E1 hbar_omega=4.129551790e-18 photon=0.000000000e+00
LADDER E_rel=-7.621039112e-19 n=1.195896 type=E1 hbar_omega=7.905226237e-17 photon=0.000000000e+00
LADDER E_rel=-7.552160360e-19 n=1.201337 type=E1 hbar_omega=6.608564126e-17 photon=0.000000000e+00
LADDER E_rel=-7.461098999e-19 n=1.208646 type=E1 hbar_omega=1.666156345e-17 photon=0.000000000e+00
LADDER E_rel=-7.647269980e-19 n=1.193843 type=E1 hbar_omega=8.676842854e-17 photon=0.000000000e+00
LADDER E_rel=-7.495600791e-19 n=1.205861 type=E1 hbar_omega=4.643019091e-17 photon=0.000000000e+00
LADDER E_rel=-7.473984749e-19 n=1.207604 type=E1 hbar_omega=3.105563308e-17 photon=0.000000000e+00
LADDER E_rel=-7.655109638e-19 n=1.193232 type=E1 hbar_omega=9.039962163e-17 photon=0.000000000e+00
LADDER E_rel=-7.460600086e-19 n=1.208686 type=E1 hbar_omega=2.596260949e-17 photon=0.000000000e+00
LADDER E_rel=-7.501773720e-19 n=1.205365 type=E1 hbar_omega=4.608853179e-17 photon=0.000000000e+00
LADDER E_rel=-7.642181554e-19 n=1.194241 type=E1 hbar_omega=8.959279342e-17 photon=0.000000000e+00
LADDER E_rel=-7.449824471e-19 n=1.209560 type=E1 hbar_omega=6.435369695e-18 photon=0.000000000e+00
LADDER E_rel=-7.548626050e-19 n=1.201618 type=E1 hbar_omega=6.314901342e-17 photon=0.000000000e+00
LADDER E_rel=-7.603866846e-19 n=1.197246 type=E1 hbar_omega=8.293691075e-17 photon=0.000000000e+00
LADDER E_rel=-7.448463181e-19 n=1.209671 type=E1 hbar_omega=1.626692659e-18 photon=0.000000000e+00
LADDER E_rel=-7.582489632e-19 n=1.198932 type=E1 hbar_omega=7.364736443e-17 photon=0.000000000e+00
LADDER E_rel=-7.554698720e-19 n=1.201135 type=E1 hbar_omega=7.192603646e-17 photon=0.000000000e+00
LADDER E_rel=-7.441299328e-19 n=1.210253 type=E1 hbar_omega=1.238858007e-17 photon=0.000000000e+00
LADDER E_rel=-7.619941051e-19 n=1.195982 type=E1 hbar_omega=8.429538538e-17 photon=0.000000000e+00
LADDER E_rel=-7.493562715e-19 n=1.206025 type=E1 hbar_omega=5.329762766e-17 photon=0.000000000e+00
LADDER E_rel=-7.450050839e-19 n=1.209542 type=E1 hbar_omega=2.704643011e-17 photon=0.000000000e+00
LADDER E_rel=-7.636514083e-19 n=1.194684 type=E1 hbar_omega=8.998606664e-17 photon=0.000000000e+00
LADDER E_rel=-7.452052683e-19 n=1.209379 type=E1 hbar_omega=3.388071255e-17 photon=0.000000000e+00
LADDER E_rel=-7.475592347e-19 n=1.207474 type=E1 hbar_omega=4.267697507e-17 photon=0.000000000e+00
LADDER E_rel=-7.629395022e-19 n=1.195241 type=E1 hbar_omega=9.032323222e-17 photon=0.000000000e+00
LADDER E_rel=-7.431518388e-19 n=1.211049 type=E1 hbar_omega=1.250244721e-17 photon=0.000000000e+00
LADDER E_rel=-7.515264382e-19 n=1.204283 type=E1 hbar_omega=5.840375711e-17 photon=0.000000000e+00
LADDER E_rel=-7.599621641e-19 n=1.197580 type=E1 hbar_omega=8.576868594e-17 photon=0.000000000e+00
LADDER E_rel=-7.431942659e-19 n=1.211015 type=E1 hbar_omega=4.546196166e-19 photon=0.000000000e+00
LADDER E_rel=-7.555080045e-19 n=1.201105 type=E1 hbar_omega=7.108461464e-17 photon=0.000000000e+00
LADDER E_rel=-7.546032008e-19 n=1.201825 type=E1 hbar_omega=7.436189263e-17 photon=0.000000000e+00
LADDER E_rel=-7.423246983e-19 n=1.211724 type=E1 hbar_omega=7.779454491e-18 photon=0.000000000e+00
LADDER E_rel=-7.591926869e-19 n=1.198187 type=E1 hbar_omega=8.168959077e-17 photon=0.000000000e+00
LADDER E_rel=-7.493511160e-19 n=1.206029 type=E1 hbar_omega=5.987947268e-17 photon=0.000000000e+00
LADDER E_rel=-7.426004544e-19 n=1.211499 type=E1 hbar_omega=2.194084511e-17 photon=0.000000000e+00
LADDER E_rel=-7.614214804e-19 n=1.196432 type=E1 hbar_omega=8.853883898e-17 photon=0.000000000e+00
LADDER E_rel=-7.444201000e-19 n=1.210017 type=E1 hbar_omega=4.025050998e-17 photon=0.000000000e+00
LADDER E_rel=-7.445866881e-19 n=1.209882 type=E1 hbar_omega=3.724270175e-17 photon=0.000000000e+00
LADDER E_rel=-7.614309373e-19 n=1.196424 type=E1 hbar_omega=9.059876237e-17 photon=0.000000000e+00
LADDER E_rel=-7.415648500e-19 n=1.212344 type=E1 hbar_omega=1.851641484e-17 photon=0.000000000e+00
LADDER E_rel=-7.484430887e-19 n=1.206761 type=E1 hbar_omega=5.414930244e-17 photon=0.000000000e+00
LADDER E_rel=-7.592395579e-19 n=1.198150 type=E1 hbar_omega=8.780600604e-17 photon=0.000000000e+00
LADDER E_rel=-7.412732040e-19 n=1.212583 type=E1 hbar_omega=1.990973421e-18 photon=0.000000000e+00
LADDER E_rel=-7.518735685e-19 n=1.204005 type=E1 hbar_omega=6.591867397e-17 photon=0.000000000e+00
LADDER E_rel=-7.545965789e-19 n=1.201830 type=E1 hbar_omega=7.875449183e-17 photon=0.000000000e+00
LADDER E_rel=-7.406664082e-19 n=1.213079 type=E1 hbar_omega=4.506227401e-18 photon=0.000000000e+00
LADDER E_rel=-7.563905729e-19 n=1.200404 type=E1 hbar_omega=7.908273720e-17 photon=0.000000000e+00
LADDER E_rel=-7.494727365e-19 n=1.205931 type=E1 hbar_omega=6.603464520e-17 photon=0.000000000e+00
LADDER E_rel=-7.403640519e-19 n=1.213327 type=E1 hbar_omega=1.644084569e-17 photon=0.000000000e+00
LADDER E_rel=-7.589127054e-19 n=1.198408 type=E1 hbar_omega=8.654320190e-17 photon=0.000000000e+00
LADDER E_rel=-7.439100798e-19 n=1.210432 type=E1 hbar_omega=4.681800635e-17 photon=0.000000000e+00
LADDER E_rel=-7.419263965e-19 n=1.212049 type=E1 hbar_omega=3.262247831e-17 photon=0.000000000e+00
LADDER E_rel=-7.597586850e-19 n=1.197740 type=E1 hbar_omega=9.057841990e-17 photon=0.000000000e+00
LADDER E_rel=-7.402078608e-19 n=1.213455 type=E1 hbar_omega=2.470295150e-17 photon=0.000000000e+00
LADDER E_rel=-7.448127713e-19 n=1.209698 type=E1 hbar_omega=4.752132690e-17 photon=0.000000000e+00
LADDER E_rel=-7.582220548e-19 n=1.198953 type=E1 hbar_omega=8.916342872e-17 photon=0.000000000e+00
LADDER E_rel=-7.392759437e-19 n=1.214220 type=E1 hbar_omega=5.684070385e-18 photon=0.000000000e+00
LADDER E_rel=-7.494571311e-19 n=1.205944 type=E1 hbar_omega=6.412517064e-17 photon=0.000000000e+00
LADDER E_rel=-7.543447990e-19 n=1.202031 type=E1 hbar_omega=8.227222368e-17 photon=0.000000000e+00
LADDER E_rel=-7.390639719e-19 n=1.214394 type=E1 hbar_omega=2.087405498e-18 photon=0.000000000e+00
LADDER E_rel=-7.536735077e-19 n=1.202566 type=E1 hbar_omega=7.669749397e-17 photon=0.000000000e+00
LADDER E_rel=-7.485941121e-19 n=1.206639 type=E1 hbar_omega=6.874508800e-17 photon=0.000000000e+00
LADDER E_rel=-7.383933980e-19 n=1.214945 type=E1 hbar_omega=1.235124911e-17 photon=0.000000000e+00
LADDER E_rel=-7.562435992e-19 n=1.200521 type=E1 hbar_omega=8.425168553e-17 photon=0.000000000e+00
LADDER E_rel=-7.436333702e-19 n=1.210657 type=E1 hbar_omega=5.334781789e-17 photon=0.000000000e+00
LADDER E_rel=-7.392079792e-19 n=1.214275 type=E1 hbar_omega=2.663013470e-17 photon=0.000000000e+00
LADDER E_rel=-7.578824363e-19 n=1.199222 type=E1 hbar_omega=8.985980906e-17 photon=0.000000000e+00
LADDER E_rel=-7.392196417e-19 n=1.214266 type=E1 hbar_omega=3.207353274e-17 photon=0.000000000e+00
LADDER E_rel=-7.422375825e-19 n=1.211795 type=E1 hbar_omega=4.442509228e-17 photon=0.000000000e+00
LADDER E_rel=-7.569599287e-19 n=1.199953 type=E1 hbar_omega=8.999636938e-17 photon=0.000000000e+00
LADDER E_rel=-7.373990033e-19 n=1.215764 type=E1 hbar_omega=1.096150291e-17 photon=0.000000000e+00
LADDER E_rel=-7.462100319e-19 n=1.208565 type=E1 hbar_omega=5.972904391e-17 photon=0.000000000e+00
LADDER E_rel=-7.538561813e-19 n=1.202420 type=E1 hbar_omega=8.502662327e-17 photon=0.000000000e+00
LADDER E_rel=-7.374418707e-19 n=1.215729 type=E1 hbar_omega=5.852103888e-19 photon=0.000000000e+00
LADDER E_rel=-7.500202273e-19 n=1.205491 type=E1 hbar_omega=7.177189236e-17 photon=0.000000000e+00
LADDER E_rel=-7.486110949e-19 n=1.206625 type=E1 hbar_omega=7.371196524e-17 photon=0.000000000e+00
LADDER E_rel=-7.365675375e-19 n=1.216450 type=E1 hbar_omega=9.323390505e-18 photon=0.000000000e+00
LADDER E_rel=-7.535053706e-19 n=1.202700 type=E1 hbar_omega=8.181777403e-17 photon=0.000000000e+00
LADDER E_rel=-7.427467688e-19 n=1.211379 type=E1 hbar_omega=5.680620312e-17 photon=0.000000000e+00
LADDER E_rel=-7.370346944e-19 n=1.216064 type=E1 hbar_omega=2.351312682e-17 photon=0.000000000e+00
LADDER E_rel=-7.556414123e-19 n=1.200999 type=E1 hbar_omega=8.839838535e-17 photon=0.000000000e+00
LADDER E_rel=-7.383130578e-19 n=1.215011 type=E1 hbar_omega=3.806110775e-17 photon=0.000000000e+00
LADDER E_rel=-7.392246507e-19 n=1.214262 type=E1 hbar_omega=3.903197959e-17 photon=0.000000000e+00
LADDER E_rel=-7.555275108e-19 n=1.201090 type=E1 hbar_omega=9.044973843e-17 photon=0.000000000e+00
LADDER E_rel=-7.357287489e-19 n=1.217143 type=E1 hbar_omega=1.624031622e-17 photon=0.000000000e+00
LADDER E_rel=-7.431601072e-19 n=1.211042 type=E1 hbar_omega=5.567911341e-17 photon=0.000000000e+00
LADDER E_rel=-7.531339860e-19 n=1.202997 type=E1 hbar_omega=8.712199353e-17 photon=0.000000000e+00
LADDER E_rel=-7.356142971e-19 n=1.217238 type=E1 hbar_omega=1.021669199e-18 photon=0.000000000e+00
LADDER E_rel=-7.475002156e-19 n=1.207522 type=E1 hbar_omega=6.977519644e-17 photon=0.000000000e+00
LADDER E_rel=-7.485307478e-19 n=1.206690 type=E1 hbar_omega=7.798713548e-17 photon=0.000000000e+00
LADDER E_rel=-7.348512853e-19 n=1.217870 type=E1 hbar_omega=5.939676303e-18 photon=0.000000000e+00
LADDER E_rel=-7.507720516e-19 n=1.204887 type=E1 hbar_omega=7.939653910e-17 photon=0.000000000e+00
LADDER E_rel=-7.426917519e-19 n=1.211424 type=E1 hbar_omega=6.278129456e-17 photon=0.000000000e+00
LADDER E_rel=-7.348293083e-19 n=1.217888 type=E1 hbar_omega=1.929855964e-17 photon=0.000000000e+00
LADDER E_rel=-7.536593579e-19 n=1.202577 type=E1 hbar_omega=8.786002759e-17 photon=0.000000000e+00
LADDER E_rel=-7.376494954e-19 n=1.215558 type=E1 hbar_omega=4.428578516e-17 photon=0.000000000e+00
LADDER E_rel=-7.365061941e-19 n=1.216501 type=E1 hbar_omega=3.439040441e-17 photon=0.000000000e+00
LADDER E_rel=-7.540398263e-19 n=1.202274 type=E1 hbar_omega=9.052766385e-17 photon=0.000000000e+00
LADDER E_rel=-7.342326006e-19 n=1.218383 type=E1 hbar_omega=2.171877521e-17 photon=0.000000000e+00
LADDER E_rel=-7.394896879e-19 n=1.214044 type=E1 hbar_omega=4.909280688e-17 photon=0.000000000e+00
LADDER E_rel=-7.521639617e-19 n=1.203772 type=E1 hbar_omega=8.861742619e-17 photon=0.000000000e+00
LADDER E_rel=-7.336169860e-19 n=1.218894 type=E1 hbar_omega=3.921845357e-18 photon=0.000000000e+00
LADDER E_rel=-7.440827114e-19 n=1.210291 type=E1 hbar_omega=6.516912046e-17 photon=0.000000000e+00
LADDER E_rel=-7.482782730e-19 n=1.206894 type=E1 hbar_omega=8.153441021e-17 photon=0.000000000e+00
LADDER E_rel=-7.332255430e-19 n=1.219219 type=E1 hbar_omega=3.215908014e-18 photon=0.000000000e+00
LADDER E_rel=-7.480793258e-19 n=1.207054 type=E1 hbar_omega=7.706256664e-17 photon=0.000000000e+00
LADDER E_rel=-7.427147804e-19 n=1.211405 type=E1 hbar_omega=6.832991511e-17 photon=0.000000000e+00
LADDER E_rel=-7.327397691e-19 n=1.219623 type=E1 hbar_omega=1.458560737e-17 photon=0.000000000e+00
LADDER E_rel=-7.511494594e-19 n=1.204585 type=E1 hbar_omega=8.590958599e-17 photon=0.000000000e+00
LADDER E_rel=-7.366148440e-19 n=1.216411 type=E1 hbar_omega=4.788870188e-17 photon=0.000000000e+00
LADDER E_rel=-7.340231551e-19 n=1.218556 type=E1 hbar_omega=3.035007297e-17 photon=0.000000000e+00
LADDER E_rel=-7.522417535e-19 n=1.203710 type=E1 hbar_omega=9.027941210e-17 photon=0.000000000e+00
LADDER E_rel=-7.330512902e-19 n=1.219364 type=E1 hbar_omega=2.842788710e-17 photon=0.000000000e+00
LADDER E_rel=-7.368759809e-19 n=1.216195 type=E1 hbar_omega=4.592374217e-17 photon=0.000000000e+00
LADDER E_rel=-7.509839177e-19 n=1.204717 type=E1 hbar_omega=8.962819192e-17 photon=0.000000000e+00
LADDER E_rel=-7.316933500e-19 n=1.220495 type=E1 hbar_omega=7.579797924e-18 photon=0.000000000e+00
LADDER E_rel=-7.408013727e-19 n=1.212969 type=E1 hbar_omega=6.072744069e-17 photon=0.000000000e+00
LADDER E_rel=-7.469315519e-19 n=1.207981 type=E1 hbar_omega=8.251495731e-17 photon=0.000000000e+00
LADDER E_rel=-7.316206985e-19 n=1.220556 type=E1 hbar_omega=1.327769344e-18 photon=0.000000000e+00
LADDER E_rel=-7.454464636e-19 n=1.209184 type=E1 hbar_omega=7.485749395e-17 photon=0.000000000e+00
LADDER E_rel=-7.417510224e-19 n=1.212192 type=E1 hbar_omega=7.067368275e-17 photon=0.000000000e+00
LADDER E_rel=-7.308449068e-19 n=1.221203 type=E1 hbar_omega=1.103095009e-17 photon=0.000000000e+00
LADDER E_rel=-7.485141067e-19 n=1.206703 type=E1 hbar_omega=8.371268327e-17 photon=0.000000000e+00
LADDER E_rel=-7.363094147e-19 n=1.216663 type=E1 hbar_omega=5.413220182e-17 photon=0.000000000e+00
LADDER E_rel=-7.314599821e-19 n=1.220690 type=E1 hbar_omega=2.487874456e-17 photon=0.000000000e+00
LADDER E_rel=-7.503839787e-19 n=1.205199 type=E1 hbar_omega=8.994894521e-17 photon=0.000000000e+00
LADDER E_rel=-7.319550241e-19 n=1.220277 type=E1 hbar_omega=3.398038559e-17 photon=0.000000000e+00
LADDER E_rel=-7.343988164e-19 n=1.218245 type=E1 hbar_omega=4.312215949e-17 photon=0.000000000e+00
LADDER E_rel=-7.496170560e-19 n=1.205815 type=E1 hbar_omega=9.024611648e-17 photon=0.000000000e+00
LADDER E_rel=-7.298835245e-19 n=1.222007 type=E1 hbar_omega=1.230222201e-17 photon=0.000000000e+00
LADDER E_rel=-7.376949518e-19 n=1.215520 type=E1 hbar_omega=5.656813095e-17 photon=0.000000000e+00
LADDER E_rel=-7.463616581e-19 n=1.208442 type=E1 hbar_omega=8.508590710e-17 photon=0.000000000e+00
LADDER E_rel=-7.299367068e-19 n=1.221963 type=E1 hbar_omega=4.413720979e-19 photon=0.000000000e+00
LADDER E_rel=-7.418485675e-19 n=1.212112 type=E1 hbar_omega=6.999631693e-17 photon=0.000000000e+00
LADDER E_rel=-7.417125114e-19 n=1.212224 type=E1 hbar_omega=7.531322566e-17 photon=0.000000000e+00
LADDER E_rel=-7.290515828e-19 n=1.222704 type=E1 hbar_omega=8.365208900e-18 photon=0.000000000e+00
LADDER E_rel=-7.458078219e-19 n=1.208891 type=E1 hbar_omega=8.136765723e-17 photon=0.000000000e+00
LADDER E_rel=-7.362022984e-19 n=1.216752 type=E1 hbar_omega=6.027052961e-17 photon=0.000000000e+00
LADDER E_rel=-7.293456295e-19 n=1.222458 type=E1 hbar_omega=2.203684865e-17 photon=0.000000000e+00
LADDER E_rel=-7.481898433e-19 n=1.206965 type=E1 hbar_omega=8.862108813e-17 photon=0.000000000e+00
LADDER E_rel=-7.311159667e-19 n=1.220977 type=E1 hbar_omega=4.002659341e-17 photon=0.000000000e+00
LADDER E_rel=-7.314678993e-19 n=1.220683 type=E1 hbar_omega=3.797102351e-17 photon=0.000000000e+00
LADDER E_rel=-7.481025940e-19 n=1.207035 type=E1 hbar_omega=9.055400408e-17 photon=0.000000000e+00
LADDER E_rel=-7.282741611e-19 n=1.223357 type=E1 hbar_omega=1.806967237e-17 photon=0.000000000e+00
LADDER E_rel=-7.347400907e-19 n=1.217962 type=E1 hbar_omega=5.266362080e-17 photon=0.000000000e+00
LADDER E_rel=-7.455973169e-19 n=1.209061 type=E1 hbar_omega=8.711279184e-17 photon=0.000000000e+00
LADDER E_rel=-7.280480387e-19 n=1.223547 type=E1 hbar_omega=1.420376393e-18 photon=0.000000000e+00
LADDER E_rel=-7.393450718e-19 n=1.214163 type=E1 hbar_omega=6.804979599e-17 photon=0.000000000e+00
LADDER E_rel=-7.405837331e-19 n=1.213147 type=E1 hbar_omega=7.699109072e-17 photon=0.000000000e+00
LADDER E_rel=-7.273354921e-19 n=1.224146 type=E1 hbar_omega=5.327050179e-18 photon=0.000000000e+00
LADDER E_rel=-7.430460095e-19 n=1.211135 type=E1 hbar_omega=7.892243896e-17 photon=0.000000000e+00
LADDER E_rel=-7.353194304e-19 n=1.217482 type=E1 hbar_omega=6.333340277e-17 photon=0.000000000e+00
LADDER E_rel=-7.271815772e-19 n=1.224275 type=E1 hbar_omega=1.803895352e-17 photon=0.000000000e+00
LADDER E_rel=-7.457040860e-19 n=1.208975 type=E1 hbar_omega=8.674307085e-17 photon=0.000000000e+00
LADDER E_rel=-7.299924757e-19 n=1.221916 type=E1 hbar_omega=4.374701117e-17 photon=0.000000000e+00
LADDER E_rel=-7.287640864e-19 n=1.222945 type=E1 hbar_omega=3.335822807e-17 photon=0.000000000e+00
LADDER E_rel=-7.464397354e-19 n=1.208379 type=E1 hbar_omega=9.061461915e-17 photon=0.000000000e+00
LADDER E_rel=-7.267255902e-19 n=1.224659 type=E1 hbar_omega=2.238142588e-17 photon=0.000000000e+00
LADDER E_rel=-7.319003503e-19 n=1.220322 type=E1 hbar_omega=4.897585173e-17 photon=0.000000000e+00
LADDER E_rel=-7.446279498e-19 n=1.209848 type=E1 hbar_omega=8.865308702e-17 photon=0.000000000e+00
LADDER E_rel=-7.260417170e-19 n=1.225236 type=E1 hbar_omega=4.253097121e-18 photon=0.000000000e+00
LADDER E_rel=-7.358471193e-19 n=1.217045 type=E1 hbar_omega=6.318291359e-17 photon=0.000000000e+00
LADDER E_rel=-7.403882980e-19 n=1.213307 type=E1 hbar_omega=8.079358362e-17 photon=0.000000000e+00
LADDER E_rel=-7.256709186e-19 n=1.225549 type=E1 hbar_omega=3.131869206e-18 photon=0.000000000e+00
LADDER E_rel=-7.402541629e-19 n=1.213417 type=E1 hbar_omega=7.637201610e-17 photon=0.000000000e+00
LADDER E_rel=-7.344512894e-19 n=1.218201 type=E1 hbar_omega=6.625619875e-17 photon=0.000000000e+00
LADDER E_rel=-7.251774341e-19 n=1.225966 type=E1 hbar_omega=1.470079654e-17 photon=0.000000000e+00
LADDER E_rel=-7.436499919e-19 n=1.210643 type=E1 hbar_omega=8.608211752e-17 photon=0.000000000e+00
LADDER E_rel=-7.296054196e-19 n=1.222240 type=E1 hbar_omega=5.034709450e-17 photon=0.000000000e+00
LADDER E_rel=-7.262727457e-19 n=1.225041 type=E1 hbar_omega=2.919733277e-17 photon=0.000000000e+00
LADDER E_rel=-7.446212823e-19 n=1.209854 type=E1 hbar_omega=9.000784042e-17 photon=0.000000000e+00
LADDER E_rel=-7.253733105e-19 n=1.225800 type=E1 hbar_omega=2.743706379e-17 photon=0.000000000e+00
LADDER E_rel=-7.291938338e-19 n=1.222585 type=E1 hbar_omega=4.548838414e-17 photon=0.000000000e+00
LADDER E_rel=-7.434832005e-19 n=1.210779 type=E1 hbar_omega=8.973750871e-17 photon=0.000000000e+00
LADDER E_rel=-7.241182379e-19 n=1.226862 type=E1 hbar_omega=7.656432291e-18 photon=0.000000000e+00
LADDER E_rel=-7.334434591e-19 n=1.219038 type=E1 hbar_omega=6.138759778e-17 photon=0.000000000e+00
LADDER E_rel=-7.400656303e-19 n=1.213572 type=E1 hbar_omega=8.402314905e-17 photon=0.000000000e+00
LADDER E_rel=-7.240359552e-19 n=1.226932 type=E1 hbar_omega=1.380433616e-18 photon=0.000000000e+00
LADDER E_rel=-7.374511537e-19 n=1.215721 type=E1 hbar_omega=7.375215550e-17 photon=0.000000000e+00
LADDER E_rel=-7.345726547e-19 n=1.218101 type=E1 hbar_omega=7.177191041e-17 photon=0.000000000e+00
LADDER E_rel=-7.232775013e-19 n=1.227575 type=E1 hbar_omega=1.196896437e-17 photon=0.000000000e+00
LADDER E_rel=-7.408960082e-19 n=1.212891 type=E1 hbar_omega=8.361739258e-17 photon=0.000000000e+00
LADDER E_rel=-7.287563554e-19 n=1.222952 type=E1 hbar_omega=5.425111473e-17 photon=0.000000000e+00
LADDER E_rel=-7.239522220e-19 n=1.227003 type=E1 hbar_omega=2.545973411e-17 photon=0.000000000e+00
LADDER E_rel=-7.426664672e-19 n=1.211445 type=E1 hbar_omega=8.943197610e-17 photon=0.000000000e+00
LADDER E_rel=-7.242758769e-19 n=1.226729 type=E1 hbar_omega=3.326907544e-17 photon=0.000000000e+00
LADDER E_rel=-7.266048916e-19 n=1.224761 type=E1 hbar_omega=4.218120472e-17 photon=0.000000000e+00
LADDER E_rel=-7.421596402e-19 n=1.211858 type=E1 hbar_omega=9.038864963e-17 photon=0.000000000e+00
LADDER E_rel=-7.223011410e-19 n=1.228404 type=E1 hbar_omega=1.164583675e-17 photon=0.000000000e+00
LADDER E_rel=-7.301361302e-19 n=1.221796 type=E1 hbar_omega=5.661451214e-17 photon=0.000000000e+00
LADDER E_rel=-7.387706267e-19 n=1.214635 type=E1 hbar_omega=8.504781619e-17 photon=0.000000000e+00
LADDER E_rel=-7.223603258e-19 n=1.228354 type=E1 hbar_omega=4.888122693e-19 photon=0.000000000e+00
LADDER E_rel=-7.346676562e-19 n=1.218022 type=E1 hbar_omega=7.107635128e-17 photon=0.000000000e+00
LADDER E_rel=-7.337477571e-19 n=1.218785 type=E1 hbar_omega=7.432100687e-17 photon=0.000000000e+00
LADDER E_rel=-7.214672758e-19 n=1.229114 type=E1 hbar_omega=8.906179999e-18 photon=0.000000000e+00
LADDER E_rel=-7.388297428e-19 n=1.214586 type=E1 hbar_omega=8.290180994e-17 photon=0.000000000e+00
LADDER E_rel=-7.280166837e-19 n=1.223573 type=E1 hbar_omega=5.815413302e-17 photon=0.000000000e+00
LADDER E_rel=-7.217792164e-19 n=1.228849 type=E1 hbar_omega=2.215370928e-17 photon=0.000000000e+00
LADDER E_rel=-7.406425942e-19 n=1.213099 type=E1 hbar_omega=8.870513074e-17 photon=0.000000000e+00
LADDER E_rel=-7.230888679e-19 n=1.227735 type=E1 hbar_omega=3.735033674e-17 photon=0.000000000e+00
LADDER E_rel=-7.241199291e-19 n=1.226861 type=E1 hbar_omega=3.908836223e-17 photon=0.000000000e+00
LADDER E_rel=-7.404047793e-19 n=1.213294 type=E1 hbar_omega=9.043910998e-17 photon=0.000000000e+00
LADDER E_rel=-7.206080782e-19 n=1.229847 type=E1 hbar_omega=1.615748290e-17 photon=0.000000000e+00
LADDER E_rel=-7.278347999e-19 n=1.223726 type=E1 hbar_omega=5.496102835e-17 photon=0.000000000e+00
LADDER E_rel=-7.374220213e-19 n=1.215745 type=E1 hbar_omega=8.595481354e-17 photon=0.000000000e+00
LADDER E_rel=-7.205159041e-19 n=1.229925 type=E1 hbar_omega=8.613618847e-19 photon=0.000000000e+00
LADDER E_rel=-7.318818751e-19 n=1.220338 type=E1 hbar_omega=6.836746087e-17 photon=0.000000000e+00
LADDER E_rel=-7.328906814e-19 n=1.219498 type=E1 hbar_omega=7.670650325e-17 photon=0.000000000e+00
LADDER E_rel=-7.197326147e-19 n=1.230594 type=E1 hbar_omega=6.046659692e-18 photon=0.000000000e+00
LADDER E_rel=-7.358856543e-19 n=1.217013 type=E1 hbar_omega=7.997296153e-17 photon=0.000000000e+00
LADDER E_rel=-7.273472462e-19 n=1.224136 type=E1 hbar_omega=6.203100473e-17 photon=0.000000000e+00
LADDER E_rel=-7.197063138e-19 n=1.230617 type=E1 hbar_omega=1.923423946e-17 photon=0.000000000e+00
LADDER E_rel=-7.385401002e-19 n=1.214824 type=E1 hbar_omega=8.783947505e-17 photon=0.000000000e+00
LADDER E_rel=-7.220303979e-19 n=1.228635 type=E1 hbar_omega=4.167315998e-17 photon=0.000000000e+00
LADDER E_rel=-7.217121451e-19 n=1.228906 type=E1 hbar_omega=3.612313595e-17 photon=0.000000000e+00
LADDER E_rel=-7.388580725e-19 n=1.214563 type=E1 hbar_omega=9.062039255e-17 photon=0.000000000e+00
LADDER E_rel=-7.190300619e-19 n=1.231195 type=E1 hbar_omega=2.055207506e-17 photon=0.000000000e+00
LADDER E_rel=-7.247074249e-19 n=1.226363 type=E1 hbar_omega=5.035025308e-17 photon=0.000000000e+00
LADDER E_rel=-7.367590636e-19 n=1.216292 type=E1 hbar_omega=8.811517522e-17 photon=0.000000000e+00
LADDER E_rel=-7.185654414e-19 n=1.231593 type=E1 hbar_omega=2.734219201e-18 photon=0.000000000e+00
LADDER E_rel=-7.291011363e-19 n=1.222663 type=E1 hbar_omega=6.558999492e-17 photon=0.000000000e+00
LADDER E_rel=-7.320269357e-19 n=1.220217 type=E1 hbar_omega=7.896502938e-17 photon=0.000000000e+00
LADDER E_rel=-7.180286647e-19 n=1.232054 type=E1 hbar_omega=4.109386278e-18 photon=0.000000000e+00
LADDER E_rel=-7.337713809e-19 n=1.218765 type=E1 hbar_omega=7.918395426e-17 photon=0.000000000e+00
LADDER E_rel=-7.267504574e-19 n=1.224638 type=E1 hbar_omega=6.585680660e-17 photon=0.000000000e+00
LADDER E_rel=-7.177122234e-19 n=1.232325 type=E1 hbar_omega=1.663564066e-17 photon=0.000000000e+00
LADDER E_rel=-7.363584683e-19 n=1.216623 type=E1 hbar_omega=8.681398390e-17 photon=0.000000000e+00
LADDER E_rel=-7.211297185e-19 n=1.229402 type=E1 hbar_omega=4.626783758e-17 photon=0.000000000e+00
LADDER E_rel=-7.193804851e-19 n=1.230896 type=E1 hbar_omega=3.328658512e-17 photon=0.000000000e+00
LADDER E_rel=-7.371238179e-19 n=1.215991 type=E1 hbar_omega=9.039687263e-17 photon=0.000000000e+00
LADDER E_rel=-7.174920721e-19 n=1.232514 type=E1 hbar_omega=2.410001512e-17 photon=0.000000000e+00
LADDER E_rel=-7.224550183e-19 n=1.228274 type=E1 hbar_omega=4.869446978e-17 photon=0.000000000e+00
LADDER E_rel=-7.353133782e-19 n=1.217487 type=E1 hbar_omega=8.874611228e-17 photon=0.000000000e+00
LADDER E_rel=-7.166177690e-19 n=1.233266 type=E1 hbar_omega=5.455906219e-18 photon=0.000000000e+00
LADDER E_rel=-7.263112595e-19 n=1.225009 type=E1 hbar_omega=6.270230906e-17 photon=0.000000000e+00
LADDER E_rel=-7.311593107e-19 n=1.220941 type=E1 hbar_omega=8.112148653e-17 photon=0.000000000e+00
LADDER E_rel=-7.163668803e-19 n=1.233482 type=E1 hbar_omega=2.364013523e-18 photon=0.000000000e+00
LADDER E_rel=-7.306444389e-19 n=1.221371 type=E1 hbar_omega=7.575010473e-17 photon=0.000000000e+00
LADDER E_rel=-7.262609066e-19 n=1.225051 type=E1 hbar_omega=6.970667970e-17 photon=0.000000000e+00
LADDER E_rel=-7.157869422e-19 n=1.233982 type=E1 hbar_omega=1.429645458e-17 photon=0.000000000e+00
LADDER E_rel=-7.340870207e-19 n=1.218503 type=E1 hbar_omega=8.557222770e-17 photon=0.000000000e+00
LADDER E_rel=-7.204317709e-19 n=1.229997 type=E1 hbar_omega=5.118840320e-17 photon=0.000000000e+00
LADDER E_rel=-7.167713323e-19 n=1.233134 type=E1 hbar_omega=2.830758930e-17 photon=0.000000000e+00
LADDER E_rel=-7.353132267e-19 n=1.217487 type=E1 hbar_omega=9.032285579e-17 photon=0.000000000e+00
LADDER E_rel=-7.160842326e-19 n=1.233725 type=E1 hbar_omega=2.819494503e-17 photon=0.000000000e+00
LADDER E_rel=-7.194885777e-19 n=1.230803 type=E1 hbar_omega=4.412304057e-17 photon=0.000000000e+00
LADDER E_rel=-7.338456766e-19 n=1.218704 type=E1 hbar_omega=8.931253799e-17 photon=0.000000000e+00
LADDER E_rel=-7.147316145e-19 n=1.234892 type=E1 hbar_omega=8.615910451e-18 photon=0.000000000e+00
LADDER E_rel=-7.235181266e-19 n=1.227371 type=E1 hbar_omega=5.967846249e-17 photon=0.000000000e+00
LADDER E_rel=-7.302934825e-19 n=1.221664 type=E1 hbar_omega=8.317322091e-17 photon=0.000000000e+00
LADDER E_rel=-7.146918272e-19 n=1.234927 type=E1 hbar_omega=1.212453384e-18 photon=0.000000000e+00
LADDER E_rel=-7.284407008e-19 n=1.223217 type=E1 hbar_omega=7.468859215e-17 photon=0.000000000e+00
LADDER E_rel=-7.248542827e-19 n=1.226239 type=E1 hbar_omega=7.080597813e-17 photon=0.000000000e+00
